event_id,a,b,observed,full,lo,hi,v1,v1_lo,v1_hi
2024-13,hamilton,russell,0.1083776581124889,0.03375881910324097,-0.562109768622929,0.6265444047636095,0.0358203649520874,-0.5857078639231674,0.6280882671681983
2024-13,gasly,ocon,-0.1015140992329755,0.05823398230953891,-0.5031150559731763,0.6236898882763869,0.06755626201629639,-0.5075427199607991,0.6478663777384859
2024-13,ricciardo,tsunoda,0.4248054239637731,0.05983749032020569,-0.5800672548031712,0.6982820745296451,0.05571776628494263,-0.5832989983376158,0.6890871698809758
2024-13,leclerc,sainz,0.14242293908085646,0.05680340528488159,-0.49917496854644633,0.6017381571084831,0.0591893196105957,-0.5011339916078441,0.5999495276563764
2024-13,hulkenberg,kevin_magnussen,0.18913605330349798,0.2261380409193814,-0.4083689103636644,0.8576144255856081,0.21707773208618164,-0.4127829242471355,0.8537926285377362
2024-13,bottas,zhou,0.342323282911152,0.04307440132713081,-0.5547345921190016,0.6593457532311013,0.04432708024978638,-0.5470278602452234,0.6552317992794419
2024-13,norris,piastri,0.10521050768139406,0.2402660846710205,-0.32579618213392075,0.8328903450389326,0.23894375562667847,-0.329031692368933,0.8268111959881064
2024-13,max_verstappen,perez,0.1615487012881347,0.43800803256739274,-0.1417518315201946,1.0095533570298427,0.42821013927459717,-0.14688302322711047,0.9967724728550543
2024-13,alonso,stroll,-0.3728643646520035,0.156293585896492,-0.452503812899587,0.765477674737216,0.15664590895175934,-0.4651297218293438,0.7756217875003181
2024-13,albon,sargeant,0.06638085404908767,0.21744381554723002,-0.3939846936504097,0.82351413971839,0.21630102396011353,-0.39642471037429383,0.8122864808772595
2024-14,hamilton,russell,-0.05794511119642154,0.033052591790981745,-0.525682465722916,0.5625726472992503,0.0358203649520874,-0.5400817244063114,0.5732521532589844
2024-14,gasly,ocon,-0.36424823415898766,0.06439179182052612,-0.49997475206039915,0.6273543745374457,0.06755626201629639,-0.49774258176662994,0.6315211552428207
2024-14,ricciardo,tsunoda,0.6903396857237989,0.053452372427819084,-0.511354903955283,0.6184172423180175,0.05571776628494263,-0.5084241436888036,0.6098281147281766
2024-14,leclerc,sainz,0.08168288690275549,0.05920655128733676,-0.47067272132789734,0.5986874310266168,0.0591893196105957,-0.4801045519621455,0.601813294828987
2024-14,hulkenberg,kevin_magnussen,-0.01651796714645215,0.21866410970687866,-0.37934850777747114,0.799187434771532,0.21707773208618164,-0.3711238047273365,0.7978711886617822
2024-14,norris,piastri,-0.11740783839705449,0.23945262546726753,-0.2944495879877111,0.7965550065478856,0.23894375562667847,-0.3017872193695273,0.8076027902460332
2024-14,max_verstappen,perez,0.5820242293778619,0.43277966262280665,-0.13307544959809575,0.9942487483054602,0.4282100796699524,-0.12225480291413755,0.9842845223737868
2024-14,alonso,stroll,0.05199420211519665,0.15579463016295986,-0.42341463571438104,0.7258392625806992,0.15664592385292053,-0.43059721037593307,0.7342076418488408
2024-14,albon,sargeant,0.3714889751264237,0.21923364581939508,-0.3504030709699309,0.7929725091540625,0.21630102396011353,-0.36109248943880556,0.7777409701026916
2024-15,hamilton,russell,0.08316963926224741,0.03545583529488233,-0.5534712805394513,0.580607711926702,0.0358203649520874,-0.5563881591403133,0.6049724803740433
2024-15,gasly,ocon,0.3829338883295842,0.06460327851132264,-0.4981827967361645,0.6607939187505241,0.06755626201629639,-0.49570616673153184,0.665067858514086
2024-15,ricciardo,tsunoda,0.040510612576919236,0.060778164748693464,-0.5490257685009391,0.6472973157985138,0.05571776628494263,-0.5490114929626531,0.6561964719701898
2024-15,leclerc,sainz,0.039736522573772914,0.05680340528488159,-0.490233329585734,0.5975354510276423,0.0591893196105957,-0.4849378957252211,0.5805456029894105
2024-15,hulkenberg,kevin_magnussen,0.38053909781630335,0.2186641097068786,-0.37073405722307423,0.8037393027994979,0.21707773208618164,-0.39211554818007255,0.8147616402360222
2024-15,bottas,zhou,0.4273038248787777,0.03756418732474143,-0.5227848340352566,0.6350022102461973,0.04432708024978638,-0.512144891038164,0.6402121291834316
2024-15,norris,piastri,0.27169859270055596,0.2372616253840183,-0.3379031950193767,0.8239791811910789,0.23894375562667847,-0.3249368824726071,0.8149116143625031
2024-15,max_verstappen,perez,0.11229662486175984,0.4300886957178687,-0.1384931551650895,1.0019230536505692,0.42821013927459717,-0.12874863327902453,0.9973352702156094
2024-15,alonso,stroll,-0.04092057511463654,0.1551145881287768,-0.4776528970084244,0.8021011850387864,0.15664590895175934,-0.47673645283636673,0.8255799993257241
2024-15,albon,sargeant,0.537561179776359,0.21797274942278733,-0.3679171744529251,0.8112976411686816,0.21630102396011353,-0.36553190863743035,0.8067276957257665
2024-16,hamilton,russell,0.08373759298974792,0.038686788748558465,-0.5266272937463321,0.6283109785151664,0.0358203649520874,-0.5276430900377947,0.6201612182742493
2024-16,gasly,ocon,0.17929225790030012,0.06439179182052612,-0.5350216237546195,0.6876295714988243,0.06755626201629639,-0.5391587673623236,0.6860988873564597
2024-16,leclerc,sainz,0.37678851126533475,0.05449686459398706,-0.5238344887826972,0.6216430155589435,0.0591893196105957,-0.5288193305294241,0.6295910434025745
2024-16,hulkenberg,kevin_magnussen,0.04095770156257589,0.21866410970687866,-0.34658665571244907,0.8037177285128704,0.21707770228385925,-0.3630275986686611,0.7961719253105951
2024-16,bottas,zhou,-0.22570302449885404,0.03447316338774342,-0.5872138884555793,0.6580177490460412,0.0443270206451416,-0.5588315121622828,0.670971351448581
2024-16,norris,piastri,-0.008619155388550404,0.24030371920392501,-0.33376600295132625,0.7901798517843918,0.2389436960220337,-0.329286624475471,0.7985383948429646
2024-16,max_verstappen,perez,0.2807036576209305,0.43993767011322127,-0.12301138228434842,1.0175315959594025,0.42821013927459717,-0.12935921542879825,0.9893847989815598
2024-16,alonso,stroll,0.4154006036637734,0.1564094336933581,-0.4119607067635452,0.7375429614138245,0.15664592385292053,-0.4112052641004316,0.7363031741742543
2024-16,albon,colapinto,0.1488371695208115,0.08153611421585083,-0.894678948462973,1.118865288989092,0.07989633083343506,-0.9167659840397013,1.128258491132133
2024-17,hamilton,russell,-0.172561288319255,0.03375881910324097,-0.5877461724105294,0.6250618349874844,0.0358203649520874,-0.5859965499367148,0.6256827269902033
2024-17,gasly,ocon,0.613473540624487,0.06439179182052612,-0.5354543241362323,0.6954901356551902,0.06755626201629639,-0.5245089648267838,0.6978297074469227
2024-17,leclerc,sainz,0.370788638635112,0.05680340528488159,-0.5188129274055516,0.6067182899403621,0.0591893196105957,-0.5323898685958764,0.6192019112912562
2024-17,bearman,hulkenberg,-0.22556097461695587,-0.3032983395966733,-1.0926120676466407,0.4730676238978562,-0.28035372495651245,-1.0272282588026114,0.4996873254575453
2024-17,bottas,zhou,-0.06442361487289094,0.04675137996673584,-0.5235889483395185,0.604635576803579,0.04432708024978638,-0.51358156200649,0.5916977961429923
2024-17,norris,piastri,-0.27918782127631925,0.23858536778168193,-0.3302520812302929,0.7961012021420203,0.23894375562667847,-0.3170788757012032,0.8055341335524397
2024-17,max_verstappen,perez,-0.38097893814323847,0.4428120075761163,-0.1913330476104337,1.0843313097033178,0.42821013927459717,-0.1997661275753622,1.0562272368319165
2024-17,alonso,stroll,0.4160860231641944,0.156293585896492,-0.43029758255035877,0.7724479989787938,0.15664592385292053,-0.4362945947767066,0.755840238475226
2024-17,albon,colapinto,0.06401931935031852,0.08036647165308874,-0.9898322049155694,1.1780760059324797,0.07989627122879028,-0.9827978337891097,1.1958069979655408
2024-18,hamilton,russell,-0.07031262328859755,0.03492567063640728,-0.5403516062297545,0.6326146982667211,0.0358203649520874,-0.5373904708452166,0.6345964883564982
2024-18,gasly,ocon,-0.0737058182974818,0.06063043118578171,-0.5708937503823849,0.6707796260142261,0.06755626201629639,-0.57036599839399,0.6870966380595904
2024-18,ricciardo,tsunoda,-0.19921297275530425,0.06387697725756125,-0.5274101821044128,0.6857966997570913,0.05571776628494263,-0.5450226381603878,0.6641993305853922
2024-18,leclerc,sainz,0.5477249794490958,0.05605055864707409,-0.5717576726614799,0.6536789094938174,0.0591893196105957,-0.5613263227369955,0.6571826513865653
2024-18,hulkenberg,kevin_magnussen,0.5966563560042294,0.22048432462458484,-0.35046657692449273,0.7594247351856989,0.21707767248153687,-0.3348724910182032,0.7712884747786773
2024-18,bottas,zhou,-0.025054846666068276,0.04675137996673584,-0.5423544733148042,0.6379320568546157,0.04432708024978638,-0.5268897549913514,0.6492510609329948
2024-18,norris,piastri,0.5591797225237662,0.2402660846710205,-0.3557402381007944,0.8597383486613644,0.23894375562667847,-0.38229694493370153,0.8520186214691599
2024-18,max_verstappen,perez,0.8231175739372063,0.4360029697418215,-0.15810415544608214,1.03089141421489,0.42821013927459717,-0.1575635595714267,1.0125969274268174
2024-18,alonso,stroll,0.6040932636590051,0.156293585896492,-0.41716951549006154,0.7166515126786802,0.15664593875408173,-0.4094213450764121,0.7078382900256882
2024-19,gasly,ocon,0.2631574636922337,0.06429780956520892,-0.4777525573982336,0.6116373107587731,0.06755626201629639,-0.4686689030801805,0.630675759812659
2024-19,lawson,tsunoda,0.24143085894435604,-0.23605006336433654,-0.9216393737933204,0.4544176176169417,-0.21396151185035706,-0.8849194648735449,0.4695178519224726
2024-19,leclerc,sainz,-0.024728853931160755,0.056615962897887284,-0.516289911472589,0.6061837708681067,0.0591893196105957,-0.5008026258075293,0.6189703124454432
2024-19,hulkenberg,kevin_magnussen,0.2068343499005813,0.21882596803548038,-0.3087959369462746,0.7748416313841187,0.21707770228385925,-0.3185422729489184,0.7683508039833326
2024-19,bottas,zhou,0.7582843160058296,0.04675137996673584,-0.5039860864503458,0.6262013412404027,0.0443270206451416,-0.517265048616358,0.6179701581327217
2024-19,norris,piastri,0.33995035409581664,0.23463150038232683,-0.35010986253787346,0.7959223914678327,0.2389436960220337,-0.3401780761769895,0.8007875089443989
2024-19,max_verstappen,perez,0.7897438323815259,0.4360029697418213,-0.13520644651558722,0.9961599488232719,0.42821013927459717,-0.14729699851872202,0.9801356014432979
2024-19,alonso,stroll,0.34248877954577106,0.15629358589649198,-0.4121235230782267,0.7416418185109068,0.15664592385292053,-0.4175584780415341,0.7328281162528427
2024-19,albon,colapinto,-0.6531466943523135,0.08264928181771897,-0.895938883832028,1.1272867855447724,0.07989630103111267,-0.891378318067562,1.1434919193853643
2024-20,hamilton,russell,0.08080032424914158,0.03375881910324097,-0.5403154384744868,0.6167071107743787,0.0358203649520874,-0.5415450017746503,0.6126869649187343
2024-20,gasly,ocon,0.16860360580176204,0.06439179182052612,-0.5383298215861192,0.6820258650352121,0.06755626201629639,-0.5232540619813447,0.6599939339402826
2024-20,leclerc,sainz,0.21699297118074123,0.05680340528488159,-0.506172228302581,0.6260643117563633,0.0591893196105957,-0.5116700101463451,0.6248210434675944
2024-20,hulkenberg,kevin_magnussen,-0.25529002201810913,0.21866410970687866,-0.36035262944900287,0.8011060115168233,0.21707767248153687,-0.38436773092344695,0.7748086610684809
2024-20,bottas,zhou,0.1548668437621108,0.04675137996673584,-0.5311604886539469,0.6196709410563765,0.04432708024978638,-0.5198106242054772,0.6353902349381336
2024-20,norris,piastri,0.796954713123825,0.2402660846710205,-0.3327608715450296,0.8098033711967254,0.23894375562667847,-0.3331342346793842,0.8177752955547164
2024-20,max_verstappen,perez,1.1810612591233856,0.4360029697418213,-0.1425542667878982,1.0083337886879293,0.42821019887924194,-0.1554086290066511,1.0010438709044531
2024-22,hamilton,russell,0.19652385893771407,0.03375881910324097,-0.5363704887795576,0.590571231345902,0.0358203649520874,-0.5317565904513328,0.5979398487769898
2024-22,lawson,tsunoda,-0.33493794771108437,-0.22243685644591082,-0.8831612618418297,0.4380928654757835,-0.21396148204803467,-0.8664685791992545,0.43974524716151236
2024-22,leclerc,sainz,0.027581166740328178,0.05912657674645705,-0.539605325912752,0.6264788912890037,0.0591893196105957,-0.5475920990141279,0.6466848812244366
2024-22,hulkenberg,kevin_magnussen,0.31281107600347835,0.21866410970687866,-0.44110423603355037,0.8982264577402735,0.21707770228385925,-0.42253463521569573,0.8780992079211591
2024-22,bottas,zhou,-0.49314114582913393,0.04619893102999939,-0.6286004016071263,0.7259566793981282,0.0443270206451416,-0.6268759592632972,0.7012619082385019
2024-22,norris,piastri,0.3298906516656882,0.24521905736782634,-0.3556641621323007,0.8103016573930729,0.2389436960220337,-0.3407511613646332,0.8002876245347854
2024-22,max_verstappen,perez,0.49331496799715024,0.4353819800321498,-0.168587919750824,0.9928976474649912,0.42821013927459717,-0.16709689886305268,0.9890169930730234
2024-22,alonso,stroll,0.2015953838982857,0.156293585896492,-0.45916775852280695,0.778897240387148,0.15664592385292053,-0.4489694074993473,0.7757982808671797
2024-22,albon,colapinto,0.6318174555437198,0.08153611421585083,-0.9533801697183721,1.1811987885889987,0.07989633083343506,-0.9565355824695521,1.1925829609806426
2024-23,hamilton,russell,-0.7332744454484854,0.038371442629333785,-0.5529690720785155,0.5846052976009432,0.0358203649520874,-0.5709983870293239,0.5999030182029705
2024-23,lawson,tsunoda,0.1459797734461059,-0.22714553829725603,-0.9613004292589501,0.4948766739516315,-0.21396148204803467,-0.950093965815878,0.5206663347184943
2024-23,leclerc,sainz,0.038689404175138664,0.0593595475852009,-0.49411243639803715,0.629421137058912,0.0591893196105957,-0.5185079723648426,0.6307670780344679
2024-23,hulkenberg,kevin_magnussen,-0.6744135328532517,0.21862855360915384,-0.35238429424708834,0.8097999935413914,0.21707773208618164,-0.3724209787811753,0.8022898315395379
2024-23,bottas,zhou,-0.2349963166007929,0.03432197058138908,-0.5655485619963732,0.647356806938592,0.04432708024978638,-0.5428200001257245,0.6425678386048167
2024-23,norris,piastri,0.30810577009060447,0.24419905244345663,-0.3560253922917061,0.8288213117997556,0.23894375562667847,-0.3713899982127396,0.824453078944717
2024-23,max_verstappen,perez,1.0535919478932207,0.4356148361638752,-0.13072682819735573,1.00796965043215,0.4282100796699524,-0.14001995217752383,0.9872254653830657
2024-24,hamilton,russell,-0.005106299987307827,0.03303517761387631,-0.5004153875060303,0.5688171266499575,0.0358203649520874,-0.4937838598094054,0.5928085440366591
2024-24,doohan,gasly,-0.8314242960567042,-0.1514612590288532,-1.1257690707212353,0.8337810512050431,-0.15275263786315918,-1.1348907487399775,0.8155564036534945
2024-24,lawson,tsunoda,0.13842752389175672,-0.2286390686488659,-0.8930586353998532,0.40423328877269377,-0.21396148204803467,-0.893747359399915,0.42343855372665506
2024-24,leclerc,sainz,-0.3095507936759315,0.058687874508090876,-0.5187071091162893,0.6255811224239911,0.0591893196105957,-0.5006001964680123,0.6189684990480926
2024-24,hulkenberg,kevin_magnussen,0.5077907700113391,0.21866410970687866,-0.35162479983785383,0.766067053000223,0.21707767248153687,-0.3378790741496003,0.7658839435952032
2024-24,bottas,zhou,0.33994139125840944,0.04446885263633393,-0.5483745113334894,0.6456792737289472,0.04432708024978638,-0.5322966209972951,0.6371462559737119
2024-24,norris,piastri,0.3419039760827456,0.24045293568707893,-0.341379725091185,0.8141165672022103,0.23894375562667847,-0.33751848683802516,0.8106781328641373
2024-24,alonso,stroll,0.27796664924262837,0.1537875256265292,-0.402868623879452,0.7222815518615772,0.15664592385292053,-0.40295208383550707,0.7173607015207978
2024-24,albon,colapinto,-0.10093476685284458,0.08153611421585083,-0.9253540908589812,1.1330060968712916,0.07989627122879028,-0.929468390169275,1.1392818597334051
2025-11,colapinto,gasly,0.1818548644739263,-0.24696578566583532,-0.8521472058659468,0.35753662090978894,-0.2589609622955322,-0.8601661801472541,0.3342896548965458
2025-11,hadjar,lawson,-0.29625441851498363,0.1592675023933875,-0.4967537758872597,0.8029695373755832,0.16022197902202606,-0.5079434065878446,0.7781120560140918
2025-11,hamilton,leclerc,-0.1736047885915859,-0.34916899288832237,-0.9095541612377148,0.22178358669719597,-0.3423008918762207,-0.896917169496634,0.21875485894554578
2025-11,bearman,ocon,-0.25105133214721415,0.003755719149785647,-0.5578526946023793,0.5562919302603055,0.003963544964790344,-0.5573496718568656,0.5565807245065302
2025-11,bortoleto,hulkenberg,0.1906917528942758,-0.10522874538558846,-0.6990874074615419,0.4666135145950562,-0.10124486684799194,-0.6955436743243867,0.46319013505884177
2025-11,norris,piastri,-0.1406780849263709,0.052644032931229656,-0.5209744507380812,0.5939345843931673,0.04987215995788574,-0.5108450416952393,0.601232895974001
2025-11,alonso,stroll,0.5462254654875696,0.22925177723254203,-0.34828875265766013,0.7663049276330157,0.22243261337280273,-0.3602039080728582,0.7730709619914327
2025-14,antonelli,russell,-0.8267979933230135,-0.27916469634493746,-0.8886742785508734,0.3407343908704084,-0.28231945633888245,-0.8911977312192494,0.326965489709281
2025-14,colapinto,gasly,0.13776333159290638,-0.24795951505082015,-0.8444201713085044,0.37287920719273127,-0.2589609622955322,-0.8669802016091078,0.3473946843377642
2025-14,hadjar,lawson,-0.021123573204031354,0.1578484571857941,-0.4439164223584416,0.7416152286128709,0.16022197902202606,-0.44478557821118253,0.7263717689895702
2025-14,hamilton,leclerc,-0.3012250108792379,-0.3431670665740967,-0.9803101922561833,0.26844535533732267,-0.34230098128318787,-0.9701589855796637,0.27003843398830063
2025-14,bearman,ocon,-0.6096946261468914,0.0033974871039390564,-0.6653115949661427,0.6561078519302302,0.003963544964790344,-0.6455896144023562,0.6348273541959332
2025-14,bortoleto,hulkenberg,-0.04262683230593256,-0.10505744814872736,-0.7061374414708078,0.48560291526663363,-0.10124480724334717,-0.7080030627602815,0.5074694405025671
2025-14,norris,piastri,-0.05209210212281734,0.051070184864006274,-0.5290287750939273,0.6200425970949508,0.04987215995788574,-0.5191516926739955,0.6202403700430985
2025-14,max_verstappen,tsunoda,0.8724197236008011,0.9619668524662996,0.3952724896486394,1.5267634284775273,0.9694422483444214,0.39921932749395717,1.5305471307855905
2025-14,alonso,stroll,-0.28741040687469016,0.22819006443023682,-0.38625790020071155,0.8316871466484651,0.22243255376815796,-0.3963938913039209,0.8072643135793722
2025-14,albon,sainz,-0.23780638312221897,-0.09573860355277702,-0.686785217096529,0.482454459646191,-0.08655117452144623,-0.6815227558324711,0.5053255901707733
2025-15,antonelli,russell,-0.22752653014558977,-0.27746471762657166,-0.8509311424671736,0.2954586134365077,-0.28231945633888245,-0.8596709517566526,0.2763085302312809
2025-15,colapinto,gasly,-0.2520949425898059,-0.24679195880889904,-0.8288220546659597,0.3901729108232506,-0.2589609622955322,-0.8543808413550156,0.35301171728376807
2025-15,hadjar,lawson,0.6625068220044223,0.15703783184289932,-0.42589558529887817,0.7230517012613752,0.16022197902202606,-0.4285042190293717,0.7417816184232566
2025-15,hamilton,leclerc,-0.06061714034307619,-0.34316706657409674,-0.9695262640146008,0.29451551627983513,-0.34230098128318787,-0.9643645857698019,0.2884268475583649
2025-15,bearman,ocon,0.26114746993237614,0.003277905215675364,-0.681020829641277,0.698639495303332,0.003963544964790344,-0.6727598615818648,0.6798248739212717
2025-15,bortoleto,hulkenberg,0.09940616297720295,-0.10343280633495944,-0.7207932448731652,0.5207053108624637,-0.10124480724334717,-0.7242904890732504,0.5092519140309868
2025-15,norris,piastri,-0.19513149284090714,0.04970593307896287,-0.5643931752118347,0.646839193999772,0.04987215995788574,-0.5707320395448674,0.6409583838762865
2025-15,max_verstappen,tsunoda,1.3233281194542597,0.9627824872732162,0.40344945077635536,1.514008916712462,0.9694422483444214,0.39494029121209223,1.5235440645693745
2025-15,alonso,stroll,0.36590849752099486,0.22819006443023687,-0.38346322178072634,0.8351031255196839,0.22243255376815796,-0.3858013733867572,0.8280491308976549
2025-15,albon,sainz,0.035498461078538046,-0.09441614151000974,-0.6605366542310486,0.4511844162022415,-0.08655117452144623,-0.653177315875474,0.47925577810139297
2025-16,antonelli,russell,-0.4350312054657178,-0.27746471762657166,-0.8362998279435322,0.28585328201503707,-0.28231948614120483,-0.8476011586614524,0.26571063661542504
2025-16,colapinto,gasly,-0.09667428069950246,-0.24601707724309285,-0.8178412522794914,0.3424529603103398,-0.2589609622955322,-0.8296909344041797,0.321092334532842
2025-16,hadjar,lawson,-0.04952387169794431,0.15691299856518592,-0.4115635400752841,0.7412700906112059,0.16022196412086487,-0.4298323731792499,0.7438412879060557
2025-16,hamilton,leclerc,0.04731012654727218,-0.3431670665740967,-0.8890554286131233,0.19548550757559838,-0.3423009514808655,-0.9043442718500941,0.18350479383236876
2025-16,bearman,ocon,-0.164470007986791,0.00657691963168916,-0.5549804112018611,0.567580800103114,0.00396353006362915,-0.5536486940468353,0.5681016849995286
2025-16,norris,piastri,0.3166110090030132,0.052149120815727756,-0.5035939879821995,0.5955915340526439,0.04987215995788574,-0.5001982924754095,0.5957957673134957
2025-16,max_verstappen,tsunoda,1.651545405368393,0.9598661429671361,0.37981138394758795,1.4941905786155711,0.9694422483444214,0.40033409248025575,1.5127206645436118
2025-16,alonso,stroll,-0.16762241039982204,0.22931063814971087,-0.30490196188516633,0.7694591483529645,0.22243255376815796,-0.3247759879569653,0.7681138609618697
2025-16,albon,sainz,-0.08564567647547391,-0.09435104290620222,-0.6529319908100051,0.4447874442234328,-0.08655115962028503,-0.6482216434699923,0.4547225324487424
2025-17,antonelli,russell,-0.06972260298628319,-0.27746471762657166,-0.8335840659658562,0.29991775582310976,-0.28231945633888245,-0.840947483084704,0.2749510495307041
2025-17,colapinto,gasly,0.024669093546722864,-0.24679195880889898,-0.8630660463295001,0.35776787653566255,-0.2589609622955322,-0.8602712941860456,0.3334816784349611
2025-17,hadjar,lawson,0.023161435939141883,0.15703783184289927,-0.42102152859452324,0.7037705405660594,0.16022197902202606,-0.40362410658595455,0.7231582280304207
2025-17,hamilton,leclerc,-0.10863247640316404,-0.3431670665740967,-0.9042692026854929,0.22548492795358369,-0.3423008918762207,-0.8990549188149536,0.21153157883221096
2025-17,bearman,ocon,0.5889126421542152,0.0033974871039390564,-0.5910521871009797,0.594066416956472,0.003963544964790344,-0.5643006437400493,0.6088771727308543
2025-17,bortoleto,hulkenberg,-0.02315304151867556,-0.10505744814872736,-0.6590165542533971,0.46208591342719013,-0.10124486684799194,-0.6634424186342952,0.46324105317411135
2025-17,max_verstappen,tsunoda,0.5264169542034414,0.9627824872732162,0.4040987118695838,1.5070099729210988,0.9694421887397766,0.4121026437474106,1.5090381807837212
2025-17,alonso,stroll,0.3561588299935428,0.22819006443023682,-0.31158871994739984,0.7517835866213624,0.22243261337280273,-0.3276179403840151,0.7519583937339931
2025-17,albon,sainz,-0.5674221380080344,-0.09441614151000975,-0.6662850969746104,0.4653139120364616,-0.08655117452144623,-0.6664676278811755,0.47790395639775335
2025-19,antonelli,russell,-0.17752432853656486,-0.2729618926753138,-0.8743556938497568,0.33370954338060216,-0.28231948614120483,-0.8760792229790109,0.3189785610732923
2025-19,colapinto,gasly,-0.20543078662777858,-0.2477127001798023,-0.8323987777608128,0.34293125969834476,-0.2589609622955322,-0.8375547900045001,0.32507832611768694
2025-19,hadjar,lawson,-0.021398012820620704,0.15736001649273262,-0.4355684301948919,0.7137940006373709,0.16022196412086487,-0.4314949421147191,0.7255118664517227
2025-19,hamilton,leclerc,0.029127677362091875,-0.34316706657409657,-0.9042576834185421,0.21008517381351954,-0.3423009514808655,-0.8949102188141592,0.2214129097438546
2025-19,bearman,ocon,0.18375119768379278,0.0033974871039390564,-0.5697909683233477,0.5662826135705852,0.003963544964790344,-0.5688283240210115,0.566757422828066
2025-19,bortoleto,hulkenberg,-0.24319023885492935,-0.10505744814872753,-0.6865920497717791,0.47406447594599366,-0.10124480724334717,-0.6974410845696631,0.4816040202382801
2025-19,norris,piastri,0.5969632430862495,0.049527179082213824,-0.5210626398275687,0.6148992357933579,0.04987215995788574,-0.5095794037633802,0.6120230192467783
2025-19,max_verstappen,tsunoda,0.9400001168439871,0.9631373061101616,0.4055930535176814,1.5152621686918049,0.9694422483444214,0.3952288410216648,1.5242802750492384
2025-19,alonso,stroll,-0.19320451346307232,0.22634799967744956,-0.33388796963789796,0.7681823857745571,0.22243255376815796,-0.33655017058905184,0.7712806563736447
2025-20,antonelli,russell,-0.09740399114277376,-0.27713116080757605,-0.8359715577534126,0.2915328047664584,-0.28231945633888245,-0.8397405482812814,0.27465464419467067
2025-20,colapinto,gasly,0.44646117232200755,-0.24820358045219837,-0.8227071165126267,0.34881383721978243,-0.2589609622955322,-0.8335668297693708,0.32310213395099857
2025-20,hamilton,leclerc,0.17109781540781643,-0.34389263096160305,-0.930503095524477,0.22519243677818704,-0.3423009514808655,-0.9245657929995376,0.2227897578687013
2025-20,bearman,ocon,0.4899027868819365,0.0033974871039390564,-0.5613802822782304,0.5592204060447261,0.003963544964790344,-0.5788161660146628,0.5632615248603233
2025-20,bortoleto,hulkenberg,0.8283177254966672,-0.104837676806669,-0.7296649602825187,0.5251519103720673,-0.10124480724334717,-0.7244362306425852,0.5246418875275929
2025-20,norris,piastri,0.17815539685269655,0.051046075533700774,-0.5234991266349974,0.6181638858083001,0.04987215995788574,-0.5111096839559179,0.6298677600202632
2025-20,max_verstappen,tsunoda,0.9027100555586631,0.9607185236981552,0.3752603258129746,1.5081731372321336,0.9694422483444214,0.4013333529197216,1.5157631097765218
2025-20,alonso,stroll,0.17279312986924328,0.22664823124926003,-0.3431907445237605,0.7723427341251706,0.22243258357048035,-0.33507172214355335,0.7544352071053855
2025-20,albon,sainz,-0.08147967310714876,-0.09324485565258278,-0.6799715245560801,0.4693783911312668,-0.08655112981796265,-0.6707075970356308,0.47752973680346267
2025-21,antonelli,russell,-0.030363400937756246,-0.27668789787609444,-0.8585825072117425,0.31531286466857333,-0.28231945633888245,-0.8581232209203635,0.2939465458525264
2025-21,colapinto,gasly,-0.2896431611983785,-0.2478632520213404,-0.8547405547130104,0.3448320889251244,-0.2589609622955322,-0.8665931137364579,0.364867988232051
2025-21,hadjar,lawson,0.008100166768447381,0.15793460318706204,-0.45778020329186947,0.7648566706429871,0.16022196412086487,-0.45330687056917085,0.7511377029135197
2025-21,bearman,ocon,0.4041432376766284,0.00609569643782476,-0.5543754582279519,0.5936089695510631,0.003963559865951538,-0.5649861913197884,0.5863248935688731
2025-21,norris,piastri,-0.4789827161587652,0.05448852727538389,-0.4892099142824976,0.5976958746093629,0.04987210035324097,-0.4741704401286472,0.5809918370387732
2025-21,max_verstappen,tsunoda,0.8564609387047806,0.9627824872732162,0.41528145004582,1.4974111681459035,0.9694422483444214,0.42132404843814686,1.5151883300075228
2025-21,alonso,stroll,-0.5335367034628473,0.22436765939705816,-0.33532991053146444,0.7955943435866678,0.22243258357048035,-0.3294303377611445,0.7925648217044026
2025-21,albon,sainz,0.18697910966558517,-0.09327659956659345,-0.7165061362040547,0.5381327735857129,-0.08655115962028503,-0.7047364522164113,0.5342637879802674
2025-22,antonelli,russell,-0.1153524366780786,-0.27746471762657166,-0.8492665295573832,0.3151841392626537,-0.28231948614120483,-0.8404317306111964,0.2874109811501847
2025-22,colapinto,gasly,-0.6679867630913633,-0.24679195880889893,-0.8825019944053282,0.3734241638845149,-0.2589609622955322,-0.8760297155054634,0.3589461528024332
2025-22,hadjar,lawson,0.49098197186301895,0.15703783184289932,-0.4234894302398231,0.7211979135090978,0.16022196412086487,-0.42438191433276284,0.7284374649867219
2025-22,hamilton,leclerc,-0.6743556643335529,-0.3431670665740967,-0.886099354490605,0.206349237460077,-0.3423009514808655,-0.9016629775787195,0.19053126178230634
2025-22,bearman,ocon,-0.2819375080980383,0.0033974871039390564,-0.5894082585626965,0.5769574892912824,0.00396353006362915,-0.5808975561038793,0.5672570802048893
2025-22,norris,piastri,0.28047646679227023,0.05304098129272461,-0.4934322559759887,0.6008999254937742,0.04987215995788574,-0.5053855907057067,0.6097457651037033
2025-22,max_verstappen,tsunoda,1.0008429553591638,0.9627824872732162,0.40592425168016366,1.5323558650653075,0.9694422483444214,0.4158882739664364,1.5339361437448313
2025-22,albon,sainz,-0.025933880912699436,-0.09441614151000977,-0.7066880428944502,0.5165577667245866,-0.08655115962028503,-0.6915101229458245,0.5219245099305279
2025-23,antonelli,russell,0.4679798482605314,-0.2757522057520335,-0.8362902421735694,0.28766414451090155,-0.28231948614120483,-0.8378307546041729,0.26978280933072185
2025-23,colapinto,gasly,-0.1046880379513726,-0.24679195880889893,-0.8038735482755419,0.33762932057171563,-0.2589609622955322,-0.8078429466450369,0.3023362446266806
2025-23,hadjar,lawson,0.12766667242217178,0.15912006512972265,-0.4000389527116774,0.7246643137300967,0.16022196412086487,-0.4038062889749483,0.7112629517930058
2025-23,hamilton,leclerc,-0.38855262758420256,-0.3431670665740967,-0.8968647838151066,0.20651871282070275,-0.3423009514808655,-0.9024912574263304,0.19381366071655393
2025-23,bearman,ocon,0.5928899493385472,0.0048377558674035925,-0.5490871108456633,0.554913234587045,0.00396353006362915,-0.5538488694494369,0.5614775620583937
2025-23,norris,piastri,-0.33918633476607285,0.052933338609992164,-0.5641949575960603,0.6521978236885734,0.04987215995788574,-0.5571737713758408,0.6601799175863869
2025-23,max_verstappen,tsunoda,1.2577165340874512,0.9605133813628361,0.3863820508085024,1.5176597224407782,0.9694422483444214,0.40557180060383285,1.5300212087634033
2025-23,alonso,stroll,-0.019411769779776433,0.23077851643812308,-0.31245214263571774,0.7751048150707501,0.22243255376815796,-0.3164876560846156,0.7641065737457922
2025-23,albon,sainz,-0.7916275348179317,-0.09441614151000977,-0.6398185529430567,0.4367510046876485,-0.08655115962028503,-0.6395855223674272,0.4584614519450859
2025-24,antonelli,russell,-0.157222575258799,-0.27608100433156246,-0.858695329220471,0.3141164812896861,-0.28231945633888245,-0.8567821420174464,0.2945019932473935
2025-24,colapinto,gasly,-0.27631894719519734,-0.24679195880889887,-0.8077769558926327,0.3375367745715643,-0.2589609622955322,-0.8108678583736495,0.301602916681179
2025-24,hadjar,lawson,0.0696924251950658,0.15097360155744305,-0.45264619010512797,0.7317713136993138,0.16022197902202606,-0.4303023280906176,0.7590320104056594
2025-24,hamilton,leclerc,-0.5962702196524539,-0.3490380497766612,-0.928406813183044,0.2141294812709337,-0.34230098128318787,-0.9098083193282688,0.23057922522506058
2025-24,bearman,ocon,-0.19249759258101407,0.004506442194410293,-0.5751252058431781,0.5861394137987845,0.003963544964790344,-0.5720218841434366,0.5846245144004205
2025-24,bortoleto,hulkenberg,-0.42884057030835254,-0.10505744814872742,-0.6998504428476207,0.47842908498537806,-0.10124480724334717,-0.6949784454239112,0.49631105887555793
2025-24,norris,piastri,0.08986022069560629,0.05033815005360198,-0.4974232063132319,0.5975211248614426,0.04987215995788574,-0.4879719665489745,0.5910751449410259
2025-24,max_verstappen,tsunoda,1.0624285087089653,0.959714940845617,0.3708199679460377,1.5355120688341326,0.9694422483444214,0.38096648900671237,1.5357151430032758
2025-24,alonso,stroll,-0.415540984554991,0.22692908589219196,-0.3556431936892415,0.8064719077290994,0.22243255376815796,-0.3381045020799413,0.8037936653876867
2025-24,albon,sainz,0.09540084432391649,-0.09301458309710864,-0.6743447568985804,0.4559370570755297,-0.08655117452144623,-0.6809702127846402,0.4774293929788537
2026-08,antonelli,russell,0.02469706712208053,-0.04576680838029357,-0.6038105475653066,0.5240285700451621,-0.042807817459106445,-0.5900277427193977,0.5271769341289707
2026-08,colapinto,gasly,-0.3634031747567233,-0.23259672244394447,-0.8307851619171799,0.374839326103203,-0.22826993465423584,-0.8360959861497744,0.36271936987628156
2026-08,arvid_lindblad,lawson,-0.06269806430713704,0.24115354035484116,-0.37093882319598015,0.8590309780010984,0.2455342710018158,-0.34161608091384177,0.8711454577415793
2026-08,hamilton,leclerc,0.24788680098903582,-0.1058458707920118,-0.675047369309741,0.4813770030901275,-0.09156203269958496,-0.655326064749074,0.47376383259781535
2026-08,bearman,ocon,0.21919218728283762,0.011971641425401192,-0.61564928963867,0.6509635235787539,0.02156326174736023,-0.5979556141991291,0.645678592417563
2026-08,bortoleto,hulkenberg,0.2394214656506787,-0.18546934864925832,-0.7840991741765367,0.4594561289810773,-0.20400452613830566,-0.8085490101532031,0.4242469628357275
2026-08,norris,piastri,-0.2059012890028784,0.24089757820130386,-0.31634463449435507,0.808588571039475,0.25450050830841064,-0.30271222360947453,0.8147256794004554
2026-08,hadjar,max_verstappen,-0.589562254820454,-0.7118248462344312,-1.3243817513948528,-0.1313462686061948,-0.7166203856468201,-1.3333116498747841,-0.11872424480811325
2026-08,alonso,stroll,-0.24936343778383607,0.07761116100037846,-0.5034092055649017,0.6738015024250894,0.07690262794494629,-0.512207003025527,0.6905373353294662
2026-08,albon,sainz,0.02056281980860497,-0.07685042982623469,-0.723687899022966,0.5588884480054378,-0.08617305755615234,-0.7297067565690304,0.5569810115299564
2026-09,antonelli,russell,0.39224866603792385,-0.03763574990660712,-0.5994078723414312,0.5176972456335434,-0.042807817459106445,-0.605036543756134,0.5116777670553754
2026-09,bottas,perez,-0.48549249651719784,-0.3510192514673296,-0.91276673744103,0.246815727198182,-0.3375847339630127,-0.9106055003822614,0.24280996643372144
2026-09,colapinto,gasly,-0.08413052940160728,-0.2270017396658659,-0.8155910352814698,0.351438983555701,-0.22826993465423584,-0.8150362526605182,0.34285023399012937
2026-09,arvid_lindblad,lawson,0.08801038999768673,0.23993051918933833,-0.36207828617245025,0.8034168280333855,0.2455342411994934,-0.36111696435175444,0.8433821764658453
2026-09,hamilton,leclerc,-0.14648510199917197,-0.09394083993477542,-0.6493626325820843,0.464735672645322,-0.09156203269958496,-0.6613094621057941,0.4686017726707611
2026-09,bearman,ocon,-0.025258888260424772,0.03262655468101408,-0.5028680856048232,0.5908666449513658,0.02156326174736023,-0.5290978253094795,0.5858042541870614
2026-09,bortoleto,hulkenberg,0.21672067205051207,-0.2001083910655632,-0.7519873560712373,0.369799364376825,-0.20400452613830566,-0.7765706507373719,0.36175231664859975
2026-09,norris,piastri,0.056108361645167415,0.24604356288909912,-0.32842530527116853,0.8062149696991351,0.25450050830841064,-0.3203138277751714,0.8172326021826999
2026-09,hadjar,max_verstappen,-0.5443511291682184,-0.7163896756817785,-1.2554966912457808,-0.1517176928889484,-0.7166204452514648,-1.2643233568615464,-0.14313354366427566
2026-09,alonso,stroll,0.28205962590346445,0.07504069805145264,-0.504136635840286,0.6632698850243224,0.07690262794494629,-0.49525939236193955,0.6601119829025258
2026-09,albon,sainz,-0.28165154593853625,-0.07991776967566588,-0.627506584999276,0.5077586062123685,-0.08617305755615234,-0.6453840530038911,0.49268749824906843
2026-10,colapinto,gasly,-0.17160325670342114,-0.2270017396658659,-0.798578615678974,0.32571794684041294,-0.22826993465423584,-0.7928299630116203,0.32355087174644026
2026-10,arvid_lindblad,lawson,0.5093702953472481,0.2443111389875412,-0.35612067828448063,0.8509836857044919,0.2455342710018158,-0.36868410180150546,0.8660695992874683
2026-10,hamilton,leclerc,0.04046010130642008,-0.09490418434143066,-0.6339856258870477,0.45737943216248006,-0.09156203269958496,-0.6377012768447515,0.45269051662244586
2026-10,bearman,ocon,0.2381198523229629,0.03184383735060692,-0.4983667035868349,0.5810444064106852,0.02156326174736023,-0.5192142165350202,0.5930187791576502
2026-10,bortoleto,hulkenberg,0.550634435423532,-0.19678626954555511,-0.767860628851498,0.37844827815941673,-0.20400452613830566,-0.7606788400980805,0.3554295740838989
2026-10,norris,piastri,0.16365360396110895,0.24604356288909912,-0.3051373480290065,0.8107951812501719,0.25450050830841064,-0.30574723726209235,0.8174254985781774
2026-10,hadjar,max_verstappen,-0.14943494471356789,-0.7148494124412537,-1.2831857227788925,-0.14115965272840483,-0.7166203856468201,-1.2915070193362652,-0.1350127778151637
2026-10,albon,sainz,-0.5006559761032381,-0.08132028579711914,-0.6436592980044813,0.49496342405818733,-0.08617305755615234,-0.6455907797075856,0.48302237044549484
2026-11,antonelli,russell,0.5782794048603797,-0.042019683139510544,-0.6316040269097579,0.5519413946640339,-0.042807817459106445,-0.6304786375751915,0.5542773190697485
2026-11,colapinto,gasly,-0.35899910865022144,-0.2270017396658659,-0.7795681234984811,0.3347014663688763,-0.22826993465423584,-0.785516442639856,0.3173384057197919
2026-11,arvid_lindblad,lawson,-0.05503590326079935,0.24417994576555316,-0.3678331086292082,0.86612565880634,0.2455342411994934,-0.3579315569079363,0.8926557521843356
2026-11,hamilton,leclerc,0.10798426328952715,-0.10011506574831852,-0.6596942959700366,0.4711607928207823,-0.09156203269958496,-0.6431187337732948,0.4794865394246686
2026-11,bearman,ocon,-0.23137259856529457,0.031248935930748345,-0.5330477209791855,0.6147735657257252,0.021563291549682617,-0.5620694001769755,0.5943477273317859
2026-11,bortoleto,hulkenberg,-0.06298867785332404,-0.20191281886884654,-0.8499695054252963,0.45245698341843,-0.20400452613830566,-0.8449047868241865,0.4540542146200911
2026-11,norris,piastri,0.34404638777228724,0.2409494947277051,-0.31817265435079134,0.8051854845539632,0.25450050830841064,-0.3074306360581668,0.8168926651765314
2026-11,hadjar,max_verstappen,-0.6830769252837346,-0.7148494124412536,-1.3222674933253613,-0.13803558306789257,-0.7166203856468201,-1.3207289732533454,-0.13680181835394803
2026-11,alonso,stroll,0.14570839576936256,0.07504069805145264,-0.4918620598260586,0.6714010704417868,0.07690262794494629,-0.49766470133903734,0.648088088598583
2026-11,albon,sainz,-0.2429969022582663,-0.07858222830418837,-0.6466556274276699,0.4946957637326633,-0.08617305755615234,-0.6579925264703551,0.49165108694276904
2026-13,antonelli,russell,0.29712682876717933,-0.04434290069327429,-0.6163992510353491,0.5641216668127588,-0.042807817459106445,-0.612828614039514,0.5579944078368322
2026-13,bottas,perez,-0.12651768183080936,-0.35821087209786584,-0.9578076484827598,0.2493319108153673,-0.3375847339630127,-0.9295359868064553,0.2535685710977497
2026-13,colapinto,gasly,-0.753823415729003,-0.23472278299801408,-0.8698773367184861,0.39486924248393307,-0.22826993465423584,-0.850384301342202,0.4067478256865209
2026-13,arvid_lindblad,tsunoda,0.22818418416118097,0.20073818867448653,-0.4556450673782409,0.8486467917571869,0.19821301102638245,-0.44350575498346423,0.8533811762620194
2026-13,bearman,ocon,0.5084699128709376,0.03466691708428604,-0.5496620053559924,0.6080575217603089,0.02156326174736023,-0.5648233133249464,0.6026159019307278
2026-13,bortoleto,hulkenberg,-0.02071597764202214,-0.19678626954555514,-0.8304356033151902,0.4023581322198218,-0.20400452613830566,-0.8280137867722007,0.3924630366703509
2026-13,norris,piastri,-0.06916567869316614,0.24604356288909912,-0.4071111328977582,0.8781594973473285,0.25450050830841064,-0.3912903133767516,0.8816907195922248
2026-13,lawson,max_verstappen,-0.7874624417984977,-0.8516556462238456,-1.5028559921361773,-0.24115075876803854,-0.8570026159286499,-1.4854237755903985,-0.22622787380686193
2026-13,albon,sainz,-0.23336758132119528,-0.07875565621366254,-0.643224745071112,0.49370344040515146,-0.08617305755615234,-0.666522404344836,0.4979511621380632
2026-14,antonelli,russell,0.31310233921147645,-0.0438945390124017,-0.6177534187678358,0.5510806490737493,-0.042807817459106445,-0.6114898660033545,0.5521084198241011
2026-14,bottas,perez,-1.1000035882592014,-0.34134070594027976,-0.9979010122980497,0.3435612550356316,-0.33758485317230225,-0.9868988497580579,0.35344268445091304
2026-14,colapinto,gasly,-0.14588967858500787,-0.21651497213122067,-0.950642220965331,0.5094293842847842,-0.22826993465423584,-0.9598367163810524,0.48837265845526295
2026-14,arvid_lindblad,tsunoda,1.4577571636176359,0.20454081147909164,-0.45425310976512595,0.8983461611624058,0.19821301102638245,-0.45385780405894754,0.8669982389787115
2026-14,bearman,ocon,-0.5329672277085153,0.03342769866164588,-0.6314999008888795,0.6913734710911589,0.02156326174736023,-0.6163186807774514,0.6561078970229889
2026-14,bortoleto,hulkenberg,-0.17999507065483641,-0.19678626954555514,-0.8499759764175083,0.42783684048659065,-0.20400452613830566,-0.8478419743755606,0.42863575804128307
2026-14,norris,piastri,1.7494960438190232,0.24604356288909912,-0.33027147694958686,0.8294632908529725,0.25450050830841064,-0.3294761692661523,0.8402757136705878
2026-14,lawson,max_verstappen,-0.9827678782872888,-0.8552489280700682,-1.4609739976503286,-0.2638374113374043,-0.8570027351379395,-1.467727253462608,-0.25700876824452534
2026-14,albon,sainz,0.8385915115927329,-0.08132028579711914,-0.6493948026822995,0.48696488045172565,-0.08617305755615234,-0.655921942478458,0.47906165819777863
2026-15,antonelli,russell,-0.9189736433964549,-0.04393720626831055,-0.6275836757853753,0.5292098851808991,-0.042807817459106445,-0.6321267321540587,0.5230998617262899
2026-15,bottas,perez,-1.6083999969714844,-0.35430729389190674,-0.8986772934392514,0.23833084736345192,-0.33758461475372314,-0.8817155943290604,0.24866014191522726
2026-15,colapinto,gasly,-0.22309723811234633,-0.2270017396658659,-0.75740723787384,0.3326454120687593,-0.22826993465423584,-0.7857459268922129,0.33537251027408455
2026-15,arvid_lindblad,lawson,0.09780752366604023,0.2443111389875412,-0.3637459276317014,0.8069818473215759,0.2455342710018158,-0.36306244148899874,0.8450782177019989
2026-15,hamilton,leclerc,-0.281145074924953,-0.09490418434143066,-0.6520373543144852,0.4738184084375064,-0.09156203269958496,-0.6467235451049452,0.4825102053456655
2026-15,bearman,ocon,0.1618294592056804,0.03184383735060692,-0.4935281440372887,0.573857714219777,0.021563231945037842,-0.5152303280225368,0.5814726510781931
2026-15,bortoleto,hulkenberg,0.08410258230841494,-0.19678626954555511,-0.7525139817896521,0.3637006665654022,-0.20400452613830566,-0.7627685246984945,0.3531433462868056
2026-15,norris,piastri,0.35723675122581533,0.24783562098565648,-0.3061536386661317,0.8239991047927024,0.25450050830841064,-0.3147562859152544,0.8287815492734958
2026-15,hadjar,max_verstappen,-0.4842255083931556,-0.7148494124412537,-1.2709873294324043,-0.13118144959853972,-0.7166204452514648,-1.2878147458342026,-0.12863309076960366
2026-15,albon,sainz,0.19671440194963746,-0.08132028579711914,-0.6221408680377764,0.4812619957915086,-0.08617305755615234,-0.6298536478723888,0.4642474559415821
