driver_id,attack_median,attack_q05,attack_q95,defend_median,defend_q05,defend_q95,episodes_attacking,passes_made,episodes_defending,passes_suffered
aitken,0.02830607,-0.43110868,0.51219577,-0.01582789,-0.3877857,0.32531682,3,2,2,1
albon,0.31839985,0.02164964,0.6368029,0.10780297,-0.11627362,0.36526853,452,169,452,156
alguersuari,0.023683133,-0.3632548,0.44205686,-0.054773957,-0.41959417,0.23751289,124,43,91,34
alonso,-0.17138469,-0.41651013,0.056766152,-0.074812606,-0.30414775,0.12453787,772,260,797,288
ambrosio,-0.035472497,-0.5083165,0.3844328,-0.0446911,-0.4239674,0.27143872,25,8,38,25
antonelli,0.08268568,-0.2950043,0.5172513,0.15324876,-0.12480192,0.5852869,117,60,107,16
arvid_lindblad,0.096965834,-0.31566954,0.5629662,0.021109544,-0.30636984,0.37546933,39,12,49,19
barrichello,-0.16488376,-0.61559993,0.22371177,0.11423482,-0.1534443,0.48900113,70,18,86,26
bearman,0.11343601,-0.2327664,0.49668095,0.06380713,-0.18644546,0.3874619,159,60,164,46
bortoleto,-0.30647862,-0.7794832,0.053583026,0.021614466,-0.27608913,0.3429424,138,37,114,36
bottas,0.06823023,-0.18667933,0.33568913,0.06941989,-0.13368015,0.32792893,574,216,553,217
brendon_hartley,-0.27435717,-0.77339745,0.14182377,-0.09468437,-0.4842502,0.18652661,49,8,52,21
bruno_senna,-0.13397679,-0.54965913,0.22825854,-0.10709674,-0.48542842,0.15919633,109,39,92,43
buemi,0.15169835,-0.2326675,0.6127621,0.10731432,-0.16557801,0.50071514,74,36,83,20
button,0.14807719,-0.12979072,0.4650224,-0.004831693,-0.2712108,0.25044024,309,120,329,114
chandhok,0.017927863,-0.4365174,0.47351107,-0.025770584,-0.39698458,0.31364292,8,1,9,7
chilton,-0.24602956,-0.79943043,0.16923863,-0.15365773,-0.59861887,0.116752796,34,8,48,39
colapinto,-0.060196787,-0.4615164,0.32028198,0.10625492,-0.143359,0.44969982,117,23,165,62
de_vries,-0.10797508,-0.57531524,0.2763641,0.100858375,-0.17776042,0.5138001,37,7,36,10
doohan,-0.071921915,-0.5347836,0.34622407,-0.064542644,-0.44207448,0.21848908,19,2,29,19
ericsson,-0.30559295,-0.7324748,0.039129492,-0.0616315,-0.35700312,0.18564583,166,36,223,126
garde,0.020142037,-0.4239654,0.47177038,-0.032123767,-0.4001792,0.28681582,29,7,33,20
gasly,0.012560383,-0.23709288,0.26370037,0.10179207,-0.10457153,0.36604968,600,211,599,217
giovinazzi,-0.25515592,-0.652662,0.092909105,-0.07166267,-0.3865229,0.19624215,141,39,175,84
glock,-0.28361034,-0.7884351,0.1224501,-0.10281983,-0.49743345,0.15991053,82,16,103,68
grassi,0.045479354,-0.42367733,0.50946885,-0.044959426,-0.39510462,0.25856492,17,3,18,12
grosjean,0.012054907,-0.26567632,0.29889044,-0.006791626,-0.2510076,0.22827055,402,139,398,176
gutierrez,-0.16307642,-0.5622665,0.19074634,-0.099589825,-0.44727156,0.1493007,165,43,185,102
hadjar,-0.15912803,-0.5604477,0.22372906,-0.09214276,-0.4443573,0.17010835,107,40,133,51
hamilton,0.030446175,-0.20605627,0.29719338,0.012969599,-0.21019447,0.27320284,719,349,476,114
haryanto,-0.016826618,-0.5014531,0.47024655,-0.03341491,-0.39592832,0.25575638,17,2,23,20
heidfeld,0.12923363,-0.27701044,0.58747554,0.03326843,-0.2699222,0.38478714,34,15,43,10
hulkenberg,-0.04096501,-0.2913049,0.19346926,-0.13578555,-0.37809107,0.048453446,726,221,732,291
jolyon_palmer,0.11646642,-0.28392825,0.57643634,0.014976486,-0.29001078,0.34077314,48,14,85,47
jules_bianchi,-0.10178651,-0.5993093,0.34239385,-0.031912923,-0.3849483,0.2665918,29,2,64,45
karthikeyan,-0.039786387,-0.51382387,0.40450153,-0.019488046,-0.371342,0.31464043,18,1,30,24
kevin_magnussen,-0.034701575,-0.32387343,0.24677676,-0.0064012855,-0.23329644,0.20134434,431,145,592,300
kobayashi,0.082943745,-0.27953738,0.4506921,0.06834826,-0.2026115,0.38719326,179,65,178,76
kovalainen,-0.09788002,-0.53315663,0.29619843,-0.1496154,-0.5406631,0.11989147,111,34,136,79
kubica,-0.12784107,-0.6184721,0.2986262,0.070450835,-0.1986813,0.45670056,52,9,74,35
kvyat,-0.00811559,-0.30576608,0.30500913,0.06468183,-0.17169352,0.37105152,322,126,248,87
latifi,-0.12318081,-0.532579,0.26256365,-0.15370688,-0.49583632,0.09391427,97,24,149,81
lawson,0.16727857,-0.18251014,0.5553771,0.12680349,-0.12978001,0.46844512,143,40,170,48
leclerc,0.36307174,0.06655951,0.68377614,-0.043996133,-0.29793394,0.1974463,379,178,374,135
liuzzi,0.019211037,-0.4134559,0.47424296,0.01512404,-0.29307687,0.3589919,41,9,54,22
maldonado,-0.019825138,-0.34695315,0.30867046,-0.11490138,-0.4333471,0.11375779,232,87,256,116
massa,0.013141445,-0.2740891,0.309628,0.10317528,-0.13717617,0.40984768,390,180,359,90
max_verstappen,0.64808655,0.33246094,0.9720104,0.35707912,0.017142946,0.78127676,466,261,314,58
mazepin,-0.019477203,-0.5443951,0.42636874,0.008056234,-0.29872635,0.33701193,10,0,32,27
merhi,-0.012224803,-0.481576,0.4539731,-0.011938752,-0.38275793,0.31360498,4,0,9,8
michael_schumacher,0.18648008,-0.17752297,0.6323775,0.014779176,-0.28154004,0.3209446,123,51,139,52
mick_schumacher,-0.23677969,-0.7248306,0.15222368,0.004486095,-0.2798366,0.31906426,94,19,112,66
nasr,0.0047025885,-0.41941452,0.40410063,0.023116376,-0.26972643,0.3307711,83,33,105,56
norris,0.039415132,-0.23557384,0.349529,0.021566354,-0.21502252,0.30959535,378,173,334,102
ocon,-0.012406854,-0.2690786,0.2587303,0.059002027,-0.13779765,0.29666287,526,165,611,235
perez,0.06726295,-0.15848292,0.3200593,-0.08544043,-0.31287536,0.11930122,856,403,706,207
petrov,0.03792432,-0.34392306,0.40799427,0.0233235,-0.25146464,0.33593953,132,46,144,52
piastri,0.20761348,-0.11870354,0.59200674,0.15651983,-0.10835372,0.55365074,214,105,184,39
pic,-0.27038753,-0.8552435,0.15880735,-0.0679156,-0.44772872,0.2117967,48,17,66,41
pietro_fittipaldi,-0.050623156,-0.54519224,0.41124725,-0.0050268173,-0.35965827,0.33774585,5,0,5,4
raikkonen,0.051480405,-0.20956962,0.31852633,0.11239533,-0.105096474,0.40991062,469,187,420,133
resta,0.2058692,-0.15335545,0.6103853,-0.016705027,-0.30534273,0.26020333,160,58,197,73
ricciardo,-0.02839373,-0.25972784,0.2053469,0.1423924,-0.063040674,0.41007057,673,273,610,200
rosa,0.09868964,-0.31768644,0.56769705,-0.033519167,-0.3713887,0.2773848,43,8,63,40
rosberg,0.26118863,-0.0528842,0.6388401,-0.0062730135,-0.27758682,0.28205186,236,100,257,81
rossi,-0.034700505,-0.53664494,0.454951,-0.021426229,-0.42214566,0.3095218,4,0,3,3
russell,0.28409505,-0.0062167747,0.6265032,0.11948238,-0.11467953,0.41471422,373,170,400,141
sainz,0.18486327,-0.054344013,0.4678659,0.0035599044,-0.20802486,0.2395288,617,254,584,207
sargeant,-0.23116449,-0.6660398,0.13910116,-0.15441142,-0.51448005,0.104007095,101,20,112,49
sirotkin,0.004969598,-0.46747845,0.48813835,0.04112725,-0.23372854,0.37599602,12,1,51,33
stevens,-0.021293655,-0.50478673,0.4402101,-0.063149676,-0.47991875,0.25118273,4,0,13,13
stroll,-0.115330026,-0.37644497,0.13845466,-0.031952165,-0.2587485,0.18227147,548,201,575,213
sutil,0.15631592,-0.20645003,0.5511277,-0.041531153,-0.34591633,0.22960754,177,73,187,67
trulli,-0.0026940694,-0.4680613,0.4593657,-0.049428172,-0.44161123,0.24336503,46,15,55,33
tsunoda,-0.1395672,-0.44351944,0.13572127,-0.036984168,-0.28368756,0.19488351,355,113,410,152
vandoorne,0.023285571,-0.38990462,0.4380332,-0.10210717,-0.5093695,0.17774501,67,21,50,24
vergne,-0.018074073,-0.35865188,0.32861263,-0.012138694,-0.30274937,0.2824558,191,81,150,53
vettel,0.15262471,-0.09686026,0.41534013,0.16818348,-0.066765845,0.47276923,496,240,396,101
webber,0.065310284,-0.26946357,0.42506614,-0.060183033,-0.40166605,0.22565532,224,97,147,28
wehrlein,-0.08722748,-0.54488474,0.32713595,-0.011152554,-0.32758147,0.28337553,60,6,92,52
yamamoto,-0.02476162,-0.5072439,0.44383904,0.03481994,-0.28653383,0.41630653,3,0,9,7
zhou,0.058136985,-0.27593362,0.40547487,-0.038430747,-0.32498175,0.2393996,263,77,219,107
