event_id,season,round,a,b,race_gap,quali_gap
2018-02,2018,2,alonso,vandoorne,0.21431436917988655,0.1450045915529224
2018-02,2018,2,bottas,hamilton,-0.08913585318163406,0.10887811264751246
2018-02,2018,2,hulkenberg,sainz,-0.4921002822831817,0.46336601875853545
2018-02,2018,2,ericsson,leclerc,0.23173455094739137,0.3912698228863136
2018-02,2018,2,brendon_hartley,gasly,-0.675457484365182,-0.3106830630798711
2018-09,2018,9,raikkonen,vettel,0.11630556136471715,-0.3083605854244928
2018-09,2018,9,ocon,perez,0.10066890189028999,0.20087871997547269
2018-09,2018,9,grosjean,kevin_magnussen,0.08257084237066037,0.33876739831036384
2018-09,2018,9,alonso,vandoorne,0.7527147486692751,0.46991701694753296
2018-09,2018,9,max_verstappen,ricciardo,0.2895660096963358,0.6261507638642918
2018-09,2018,9,ericsson,leclerc,0.770420800948526,-0.785003187901998
2018-09,2018,9,sirotkin,stroll,-0.01512049425223072,-0.08883035518953952
2018-10,2018,10,bottas,hamilton,-0.4510139612111431,-0.23814602581736355
2018-10,2018,10,sirotkin,stroll,-0.48011325273273187,
2018-12,2018,12,raikkonen,vettel,0.12755710324164293,-1.1155039403033884
2018-12,2018,12,ocon,perez,0.28317430733312676,0.07325915119678406
2018-12,2018,12,grosjean,kevin_magnussen,-1.4564210051107622,-0.730908096952493
2018-12,2018,12,alonso,vandoorne,0.006139620426343306,0.7312600265536052
2018-12,2018,12,bottas,hamilton,-0.31539749510007486,-0.27143291396724023
2018-12,2018,12,brendon_hartley,gasly,0.14365323482241976,-0.5487472831225904
2018-12,2018,12,sirotkin,stroll,-0.7091365697783152,-0.9388074855561317
2018-13,2018,13,ocon,perez,-0.21230642163548447,0.0009615061031535838
2018-13,2018,13,max_verstappen,ricciardo,0.8534663288803668,0.39167760406102536
2018-13,2018,13,brendon_hartley,gasly,-0.48764143228223156,0.022523332496756046
2018-15,2018,15,bottas,hamilton,-0.8424433276113255,0.09249838787342668
2018-15,2018,15,sirotkin,stroll,-0.6887434392358989,0.07008988574026587
2018-17,2018,17,raikkonen,vettel,0.7082609674108269,-0.35731688796737027
2018-17,2018,17,alonso,vandoorne,-0.2172995450794093,0.5153799111342638
2018-17,2018,17,bottas,hamilton,-0.2807064662215456,-0.3401228402445393
2018-17,2018,17,max_verstappen,ricciardo,-0.16736935306199044,0.3636651598958741
2018-17,2018,17,hulkenberg,sainz,-0.29494690011727265,-0.13842978561243505
2018-17,2018,17,sirotkin,stroll,0.06321962183760199,-0.06087808521673399
2018-18,2018,18,raikkonen,vettel,-0.2415854349561346,-0.009750548476084697
2018-18,2018,18,bottas,hamilton,-0.8386671534495651,-0.4100561322359628
2018-18,2018,18,hulkenberg,sainz,0.09086922255146579,-0.020541595246513583
2018-18,2018,18,ericsson,leclerc,0.7191718841653088,-0.4900196054285838
2018-20,2018,20,raikkonen,vettel,0.48408481753689697,-0.12163466603859635
2018-20,2018,20,grosjean,kevin_magnussen,-0.3253218648939884,0.1165777368741063
2018-20,2018,20,alonso,vandoorne,-0.2963144521809209,0.2863249511930348
2018-20,2018,20,bottas,hamilton,-0.26725271765084624,-0.04088904522638326
2018-20,2018,20,ocon,perez,0.3467898793911417,-0.055028897603675575
2018-20,2018,20,brendon_hartley,gasly,0.9661498419081143,-0.3383315113759811
2018-20,2018,20,sirotkin,stroll,0.11593205115077776,0.26243706482723483
2019-01,2019,1,giovinazzi,raikkonen,-1.307840960324795,0.10233722696617467
2019-01,2019,1,leclerc,vettel,0.01927695100753224,0.21142561236244684
2019-01,2019,1,bottas,hamilton,0.36262303802622176,-0.22070573114674796
2019-01,2019,1,perez,stroll,-0.04934585595039015,0.13138468064438352
2019-01,2019,1,gasly,max_verstappen,-0.5307981202270661,-0.17360278266565454
2019-01,2019,1,hulkenberg,ricciardo,1.2045367199994839,0.23511075852069527
2019-01,2019,1,albon,kvyat,-1.0514602225179628,-0.06542017749823717
2019-01,2019,1,kubica,russell,-0.5129067221517141,-2.00327070930512
2019-02,2019,2,giovinazzi,raikkonen,-0.4283307278023654,-0.07445065210409016
2019-02,2019,2,leclerc,vettel,0.28976930415655056,0.3340418726559419
2019-02,2019,2,grosjean,kevin_magnussen,0.30551686407219375,-0.26028533874135923
2019-02,2019,2,norris,sainz,0.5488233630844991,-0.22768961062885668
2019-02,2019,2,bottas,hamilton,0.013730523055417887,-0.26404132592493235
2019-02,2019,2,perez,stroll,0.2130663479644977,0.3597805224511411
2019-02,2019,2,gasly,max_verstappen,-0.6795314732049742,-0.41228851882723716
2019-02,2019,2,hulkenberg,ricciardo,0.2901307077970837,-0.1945601609881887
2019-02,2019,2,albon,kvyat,0.03917512346703514,0.39190848332735695
2019-02,2019,2,kubica,russell,-0.5530067275984911,-0.043582955396303635
2019-03,2019,3,giovinazzi,raikkonen,-0.3228585150334966,
2019-03,2019,3,leclerc,vettel,-0.1305390016168323,-0.018507128018719204
2019-03,2019,3,grosjean,kevin_magnussen,0.1884894043894494,0.1480139777764073
2019-03,2019,3,norris,sainz,-0.5373668203110045,-0.4827754286342971
2019-03,2019,3,bottas,hamilton,-0.32302028655074133,0.025120551473589214
2019-03,2019,3,perez,stroll,-0.15457365114552823,0.28250106405669634
2019-03,2019,3,gasly,max_verstappen,-0.6176327775532588,-0.6294874289397777
2019-03,2019,3,albon,kvyat,-0.016876891656252724,
2019-03,2019,3,kubica,russell,-0.22992511613765165,-0.029391080018867033
2019-04,2019,4,giovinazzi,raikkonen,0.056350267892375516,
2019-04,2019,4,leclerc,vettel,-0.44773821208918185,0.25076088247970374
2019-04,2019,4,grosjean,kevin_magnussen,-0.5282651204656217,-0.996174213801972
2019-04,2019,4,norris,sainz,0.3716286177308159,-0.059356330688735914
2019-04,2019,4,bottas,hamilton,-0.20221437084336302,0.058692161307617785
2019-04,2019,4,perez,stroll,0.3201008462330077,0.3719272733636053
2019-04,2019,4,gasly,max_verstappen,-0.5262092068328245,
2019-04,2019,4,hulkenberg,ricciardo,-0.7698357499246087,-0.9139845960838207
2019-04,2019,4,albon,kvyat,-0.06209302062707445,-0.05021766080040947
2019-04,2019,4,kubica,russell,-0.36980352583714327,-0.3733669552048875
2019-05,2019,5,giovinazzi,raikkonen,-0.18094143105474014,-0.6785913435129736
2019-05,2019,5,leclerc,vettel,0.11356122907602284,-0.06128529801089855
2019-05,2019,5,grosjean,kevin_magnussen,0.15039304280822585,0.014301222778910216
2019-05,2019,5,bottas,hamilton,-0.10140606550950843,0.40577999686432786
2019-05,2019,5,perez,stroll,-0.10897828809567,0.23603422608184044
2019-05,2019,5,gasly,max_verstappen,-0.8115776584276346,-0.45862949106228124
2019-05,2019,5,albon,kvyat,-0.31580873895914996,-0.05480359395764989
2019-05,2019,5,kubica,russell,-0.40893748169809196,-1.4837775198503271
2019-07,2019,7,giovinazzi,raikkonen,0.11335094228208553,0.14963425536379085
2019-07,2019,7,leclerc,vettel,-0.017592298818397745,-0.08851609674025684
2019-07,2019,7,grosjean,kevin_magnussen,1.1387997834584294,-0.0027736173519353757
2019-07,2019,7,bottas,hamilton,-0.3554681253290347,-0.11962986543354259
2019-07,2019,7,perez,stroll,-0.32606403620685886,0.09552619736128132
2019-07,2019,7,gasly,max_verstappen,-0.6348294230551443,0.1411364216604868
2019-07,2019,7,hulkenberg,ricciardo,-0.1045378810077523,-0.029353181885993326
2019-07,2019,7,albon,kvyat,-1.155194432185903,-0.22693811955987284
2019-07,2019,7,kubica,russell,-1.2219156491140768,-1.048587406684486
2019-08,2019,8,giovinazzi,raikkonen,-0.4714797321717086,-0.04510709282248947
2019-08,2019,8,leclerc,vettel,0.057949908534071004,0.47105005602051997
2019-08,2019,8,grosjean,kevin_magnussen,0.035999728529909625,-0.5033053646170162
2019-08,2019,8,norris,sainz,-0.08304667439246893,0.11624009356229467
2019-08,2019,8,bottas,hamilton,-0.20189435565496255,0.06513615341883572
2019-08,2019,8,perez,stroll,-0.009118830772384179,0.8342048485910006
2019-08,2019,8,gasly,max_verstappen,-1.387743682238738,-0.3567475531847791
2019-08,2019,8,albon,kvyat,0.0313325003272924,0.13004826732193564
2019-08,2019,8,kubica,russell,-0.5609077723765816,-0.44732700375795176
2019-09,2019,9,giovinazzi,raikkonen,-0.07416313076179337,-0.02025789870187683
2019-09,2019,9,leclerc,vettel,-0.1255887041890901,0.4545964029683773
2019-09,2019,9,grosjean,kevin_magnussen,0.4352989074432405,0.15613595038045328
2019-09,2019,9,norris,sainz,0.2637250456830794,0.14284164088198048
2019-09,2019,9,bottas,hamilton,-0.11173314925834708,-0.41594405639346965
2019-09,2019,9,perez,stroll,-0.15772412293892102,0.06634727640946508
2019-09,2019,9,gasly,max_verstappen,-1.630111357808305,-0.943704895523197
2019-09,2019,9,hulkenberg,ricciardo,-0.3825885714151087,0.14542989952719634
2019-09,2019,9,albon,kvyat,0.8145715152616402,0.9474661747049279
2019-09,2019,9,kubica,russell,-1.3601747055742943,-0.4571955583272662
2019-10,2019,10,leclerc,vettel,-0.003101130445505973,0.556045939555557
2019-10,2019,10,norris,sainz,-0.09677877606279006,0.18355963499116107
2019-10,2019,10,bottas,hamilton,0.018573794356573747,0.007050860207872822
2019-10,2019,10,perez,stroll,-0.6692226637946199,0.1303262376598349
2019-10,2019,10,gasly,max_verstappen,0.080346339556848,-0.36753988912227187
2019-10,2019,10,kubica,russell,-0.30155142785849565,-0.531680472680528
2019-12,2019,12,giovinazzi,raikkonen,-2.0612757218828803,-0.4394697894492142
2019-12,2019,12,leclerc,vettel,0.0203751623643057,0.12262902306130963
2019-12,2019,12,grosjean,kevin_magnussen,-0.42623814536075155,-0.06237288450863182
2019-12,2019,12,norris,sainz,0.11528287952897309,0.06857806298362379
2019-12,2019,12,bottas,hamilton,-0.982776573377274,-0.013145268379586295
2019-12,2019,12,perez,stroll,0.6669010062395231,0.5599719774970544
2019-12,2019,12,hulkenberg,ricciardo,-0.8716261936753305,0.6063103216853306
2019-12,2019,12,albon,kvyat,1.865283866321443,-0.10216633553141186
2019-12,2019,12,kubica,russell,-0.5413332713571193,-1.664613120538854
2019-13,2019,13,giovinazzi,raikkonen,1.5861129324315,0.19387273839058497
2019-13,2019,13,leclerc,vettel,0.20986838013467923,0.5026587888991898
2019-13,2019,13,bottas,hamilton,-0.28684584719073347,-0.12869080669333277
2019-13,2019,13,hulkenberg,ricciardo,-0.10181132178875973,-0.32062980570205823
2019-13,2019,13,gasly,kvyat,-0.021774635821719568,0.07795147680744385
2019-13,2019,13,kubica,russell,-0.5549008756882245,
2019-14,2019,14,giovinazzi,raikkonen,0.6091121638428005,-0.015501929374818597
2019-14,2019,14,leclerc,vettel,0.603511717401211,0.2034307655882016
2019-14,2019,14,grosjean,kevin_magnussen,-0.5989652028573551,-0.2081785138458407
2019-14,2019,14,norris,sainz,-0.1482103340789378,-0.6816604050100692
2019-14,2019,14,perez,stroll,0.08172254719796102,-0.8003303306914404
2019-14,2019,14,albon,max_verstappen,-0.5583409443579901,
2019-14,2019,14,hulkenberg,ricciardo,-0.0558393121227605,-0.2626840297646713
2019-14,2019,14,gasly,kvyat,-0.17760167014049189,-0.17267019154676094
2019-14,2019,14,kubica,russell,-1.190001638823095,-0.6774070105796564
2019-15,2019,15,giovinazzi,raikkonen,0.11943790210159455,0.17307972198927538
2019-15,2019,15,leclerc,vettel,-0.3619624099897533,0.228388816873063
2019-15,2019,15,grosjean,kevin_magnussen,-0.19598820695167307,-0.33463388850239373
2019-15,2019,15,norris,sainz,1.058168256819616,0.27951083578799274
2019-15,2019,15,bottas,hamilton,0.32571706216103774,-0.21538073507038402
2019-15,2019,15,perez,stroll,-0.4982142987308667,0.07003922482745828
2019-15,2019,15,kubica,russell,-1.2051407497880051,-0.3157589989218268
2019-17,2019,17,giovinazzi,raikkonen,-0.2906290951163435,0.07607993542494555
2019-17,2019,17,leclerc,vettel,-0.6599912963925121,-0.005670445074750952
2019-17,2019,17,grosjean,kevin_magnussen,0.36299191728179925,
2019-17,2019,17,norris,sainz,-0.3823174500721108,0.0067739968865467605
2019-17,2019,17,bottas,hamilton,-0.22036074643957915,0.010309573593700327
2019-17,2019,17,gasly,kvyat,-0.29258561133137606,0.6137791029936897
2019-17,2019,17,kubica,russell,-1.6129212355523626,
2019-18,2019,18,giovinazzi,raikkonen,-0.11159079805179939,-0.5628575124749806
2019-18,2019,18,leclerc,vettel,0.11235029728806234,0.1944152842147117
2019-18,2019,18,grosjean,kevin_magnussen,-0.8603741215687992,-0.2075971070646394
2019-18,2019,18,norris,sainz,-0.4529777356959266,-0.23573488135521686
2019-18,2019,18,bottas,hamilton,0.46977780706750166,-0.17285404737965426
2019-18,2019,18,perez,stroll,0.6126428630624623,0.771559154522838
2019-18,2019,18,albon,max_verstappen,0.13495037435165802,-0.5736378771132901
2019-18,2019,18,hulkenberg,ricciardo,-0.3493513180595591,-0.18703092401652346
2019-18,2019,18,gasly,kvyat,-0.016527897639485145,-0.031147392306645594
2019-18,2019,18,kubica,russell,0.1624794527792357,-1.705680275017102
2019-19,2019,19,giovinazzi,raikkonen,-0.4749655100132977,0.15164773976488183
2019-19,2019,19,grosjean,kevin_magnussen,0.12364592111211636,-0.28080863727993843
2019-19,2019,19,norris,sainz,0.08810053166997633,0.113528056833575
2019-19,2019,19,bottas,hamilton,-0.19623834805642104,-0.12351979229497256
2019-19,2019,19,perez,stroll,0.5489084814968086,-1.9892185414604588
2019-19,2019,19,albon,max_verstappen,-0.3483454188851499,-0.4639191824115019
2019-19,2019,19,hulkenberg,ricciardo,-0.04195830706865966,-0.24720071581151368
2019-19,2019,19,gasly,kvyat,-0.15502332512416106,0.45605478196420346
2019-19,2019,19,kubica,russell,-1.091338788676807,-0.5406238168928215
2019-20,2019,20,giovinazzi,raikkonen,-0.16555652090211492,0.028675563312668947
2019-20,2019,20,leclerc,vettel,-0.43253351888967795,0.08755801277355968
2019-20,2019,20,grosjean,kevin_magnussen,-0.003936486002971362,0.1425371856067849
2019-20,2019,20,norris,sainz,-0.07447759487278927,
2019-20,2019,20,bottas,hamilton,-0.6597222327666683,-0.21126768421485076
2019-20,2019,20,perez,stroll,0.5451479422585249,0.35728730452755114
2019-20,2019,20,albon,max_verstappen,-0.8240272350618545,-0.6305256302048987
2019-20,2019,20,hulkenberg,ricciardo,-1.110346073525901,0.013001138799670579
2019-20,2019,20,gasly,kvyat,0.8591044189804216,0.5946671265487927
2019-20,2019,20,kubica,russell,-1.3241044456702196,-0.6934801132841835
2019-21,2019,21,giovinazzi,raikkonen,-0.5986887367924303,0.27379569972516105
2019-21,2019,21,leclerc,vettel,0.1963155945195147,0.2540128581219887
2019-21,2019,21,grosjean,kevin_magnussen,0.08604375751369298,-0.3483843512218486
2019-21,2019,21,norris,sainz,-0.2636645342597227,-0.19189038381228357
2019-21,2019,21,bottas,hamilton,0.04209850777224711,-0.2044774944079859
2019-21,2019,21,perez,stroll,0.560359361638521,0.31625615720736633
2019-21,2019,21,albon,max_verstappen,-0.6676929892759282,-0.4590848145282055
2019-21,2019,21,gasly,kvyat,-0.5892118716318608,0.27564272082295205
2019-21,2019,21,kubica,russell,-0.9672717759551008,-0.5243680966791648
2020-01,2020,1,giovinazzi,raikkonen,-0.5756071626922861,0.07515395410443315
2020-01,2020,1,gasly,kvyat,0.14362899791014228,0.4280362487180195
2020-01,2020,1,norris,sainz,0.3355237215919713,0.23789040094372835
2020-01,2020,1,bottas,hamilton,-0.2710827105054443,0.12845828062347509
2020-01,2020,1,latifi,russell,-0.5267894533999975,-0.9012923435581722
2020-04,2020,4,giovinazzi,raikkonen,0.3703495141748996,0.23147893221474503
2020-04,2020,4,norris,sainz,-0.0950016471554389,-0.16131823513375187
2020-04,2020,4,bottas,hamilton,-0.5341414934600507,0.1153167552557346
2020-04,2020,4,albon,max_verstappen,-0.3616763023350278,-0.4928079919741926
2020-04,2020,4,latifi,russell,-0.19168840000764265,-1.1156005793772346
2020-05,2020,5,giovinazzi,raikkonen,0.12346963306941339,0.06782496897020307
2020-05,2020,5,gasly,kvyat,-0.3209272537647707,0.8318336774247417
2020-05,2020,5,grosjean,kevin_magnussen,0.7371118518569792,0.8159130353471696
2020-05,2020,5,norris,sainz,0.24153305364075606,0.24721085502472712
2020-05,2020,5,bottas,hamilton,0.04090584067209779,0.09218927108933295
2020-05,2020,5,hulkenberg,stroll,0.11787013361282628,0.40113670391158424
2020-05,2020,5,albon,max_verstappen,-0.00673064111024238,0.001147400850234681
2020-05,2020,5,ocon,ricciardo,0.14718575864293637,-0.12209119699331034
2020-06,2020,6,giovinazzi,raikkonen,-0.31358040988136526,-1.1502165226315195
2020-06,2020,6,gasly,kvyat,-0.019200116536624567,0.46096852078889694
2020-06,2020,6,grosjean,kevin_magnussen,-0.30065185429115915,-0.2320558487965924
2020-06,2020,6,norris,sainz,-0.2710861016455284,-0.1793375315346849
2020-06,2020,6,bottas,hamilton,-0.49989643084402413,-0.18269646589273747
2020-06,2020,6,perez,stroll,0.015393315963348586,0.13980442726300252
2020-06,2020,6,albon,max_verstappen,-1.5421625824064296,-0.8394060257726874
2020-06,2020,6,ocon,ricciardo,-0.28681508416055246,-0.30147654063782525
2020-06,2020,6,latifi,russell,0.21702997636113008,-0.5528932370146576
2020-07,2020,7,gasly,kvyat,0.8244451355257418,-0.004879190667135852
2020-07,2020,7,leclerc,vettel,0.24725556648347213,0.0855316555295918
2020-07,2020,7,grosjean,kevin_magnussen,0.38742849114724764,0.4573588817169295
2020-07,2020,7,bottas,hamilton,-0.28897307046649423,-0.2059974270976841
2020-07,2020,7,albon,max_verstappen,-0.23809751263701073,-0.21392453043727974
2020-07,2020,7,ocon,ricciardo,-0.2594880615471926,-0.18954235078826748
2020-08,2020,8,giovinazzi,raikkonen,0.25650466467067945,-0.24165322209962614
2020-08,2020,8,grosjean,kevin_magnussen,-0.7031242171463916,-0.3333171818376066
2020-08,2020,8,norris,sainz,-0.1850401673683656,-0.30540464891617214
2020-08,2020,8,latifi,russell,-0.07490112334681687,-0.159212300324461
2020-09,2020,9,leclerc,vettel,0.8393485311142554,0.5918272133235198
2020-09,2020,9,bottas,hamilton,-0.17637232332270547,-0.01726072326716488
2020-09,2020,9,perez,stroll,-0.6578889602095526,0.058951838057002895
2020-10,2020,10,giovinazzi,raikkonen,0.07332942087138461,0.7089426672611231
2020-10,2020,10,gasly,kvyat,-0.3229083751532117,-0.06007867750742082
2020-10,2020,10,leclerc,vettel,0.5263907043703653,0.23149631888911287
2020-10,2020,10,grosjean,kevin_magnussen,-0.16191247853161395,0.09404405970159324
2020-10,2020,10,bottas,hamilton,0.20654107146963124,0.3522970261727173
2020-10,2020,10,albon,max_verstappen,-1.0401166887823914,-0.30818637128502807
2020-10,2020,10,ocon,ricciardo,-0.6187568383947329,-0.281099499646798
2020-10,2020,10,latifi,russell,-0.04780163292601136,-1.106386162873718
2020-12,2020,12,giovinazzi,raikkonen,0.6796062865234864,-0.1558866687609306
2020-12,2020,12,gasly,kvyat,0.4855474257044321,0.640373692149022
2020-12,2020,12,leclerc,vettel,0.4413003310082957,0.37161750831623575
2020-12,2020,12,grosjean,kevin_magnussen,-0.11644413128316744,0.18358921980468146
2020-12,2020,12,norris,sainz,0.2919190213236589,-0.006449740400199966
2020-12,2020,12,bottas,hamilton,-0.48371315134322745,-0.13298047668441026
2020-12,2020,12,perez,stroll,0.6536158148533227,0.5127213026399231
2020-12,2020,12,albon,max_verstappen,-0.39324063663037734,-0.690681178498476
2020-12,2020,12,ocon,ricciardo,0.2134314519649827,-0.18485559621694317
2020-12,2020,12,latifi,russell,-0.5132103775687749,-1.0797256284636976
2020-13,2020,13,giovinazzi,raikkonen,-0.12044259693496384,-0.3351716125978106
2020-13,2020,13,leclerc,vettel,0.7510890824244869,0.5419701608747094
2020-13,2020,13,grosjean,kevin_magnussen,0.6162018393948223,0.027657599101594044
2020-13,2020,13,bottas,hamilton,-0.5197665153574693,0.07773340515255078
2020-13,2020,13,perez,stroll,0.8329048210729066,0.5620222854329304
2020-13,2020,13,albon,max_verstappen,-0.7051592442607093,-0.4892455715929766
2020-13,2020,13,latifi,russell,-0.8886868869168123,-0.299182414575944
2020-15,2020,15,giovinazzi,raikkonen,0.7576502481228826,0.35582661176276303
2020-15,2020,15,gasly,kvyat,0.6862739081865531,0.19201885425123477
2020-15,2020,15,leclerc,vettel,0.5250458523743364,-0.006168342605817634
2020-15,2020,15,norris,sainz,0.07998280297374649,-0.5480878329630727
2020-15,2020,15,bottas,hamilton,-0.3606164824293222,-0.47879940151582345
2020-15,2020,15,albon,max_verstappen,-0.7969906921553387,-0.6774600794087666
2020-15,2020,15,ocon,ricciardo,-0.36724241523973244,-0.22221233780103825
2020-15,2020,15,latifi,russell,0.11091976008837223,-0.9895554238067699
2020-16,2020,16,gasly,kvyat,0.13286163244331872,-0.15770386488791382
2020-16,2020,16,kevin_magnussen,pietro_fittipaldi,0.5590726460611122,1.3093684810499042
2020-16,2020,16,norris,sainz,-0.527898135427225,-0.5707549309843893
2020-16,2020,16,bottas,russell,0.002940858846026684,0.048698259063166716
2020-16,2020,16,perez,stroll,0.03607928411860692,0.6597408865966905
2020-16,2020,16,aitken,latifi,-0.15582621569131105,-0.17504198182438047
2020-17,2020,17,giovinazzi,raikkonen,0.22399740341807584,0.49324459041309254
2020-17,2020,17,leclerc,vettel,0.1192547591830968,0.7650045860394735
2020-17,2020,17,kevin_magnussen,pietro_fittipaldi,0.7390105139260168,0.31626870411575325
2020-17,2020,17,norris,sainz,0.03638217879900241,0.3572157661459217
2020-17,2020,17,bottas,hamilton,0.12231925868192078,-0.06387668875206287
2020-17,2020,17,albon,max_verstappen,-0.4903148997201743,-0.11764768482249977
2020-17,2020,17,ocon,ricciardo,-0.6545540813892624,-0.01644759868820797
2020-17,2020,17,latifi,russell,0.3079699482143201,-0.40511435235061843
2021-01,2021,1,giovinazzi,raikkonen,-0.10916477961128468,0.5920447109507507
2021-01,2021,1,gasly,tsunoda,-0.04871507883940163,0.24689984722332314
2021-01,2021,1,stroll,vettel,0.41661429924558613,0.8673554378670708
2021-01,2021,1,leclerc,sainz,-0.04480572296087337,0.5970233361542902
2021-01,2021,1,norris,ricciardo,0.36250240419668056,-0.052250961439163315
2021-01,2021,1,bottas,hamilton,-0.05030289271933072,-0.22461749055298613
2021-01,2021,1,max_verstappen,perez,0.5489906653622569,0.5550344846365186
2021-01,2021,1,latifi,russell,-1.0770688438449376,-0.6766664109513308
2021-03,2021,3,gasly,tsunoda,0.5147143097133671,0.3975182323628235
2021-03,2021,3,alonso,ocon,0.16729332019315435,-0.9509476242066208
2021-03,2021,3,stroll,vettel,0.19319918758046395,-0.6402392002062749
2021-03,2021,3,leclerc,sainz,0.43684170560177105,-0.08066447797516871
2021-03,2021,3,mazepin,mick_schumacher,-0.2249263270893067,-0.5701411046652607
2021-03,2021,3,norris,ricciardo,0.31184707693862657,1.317525504177491
2021-03,2021,3,bottas,hamilton,-0.176599504465343,0.008934098268266744
2021-03,2021,3,max_verstappen,perez,0.5705274720882366,0.18269943420906096
2021-03,2021,3,latifi,russell,-0.510992846609807,-0.6096894237518888
2021-04,2021,4,giovinazzi,raikkonen,-0.3671594019149871,0.46740333781487603
2021-04,2021,4,alonso,ocon,-0.26129464738922015,-0.2864319370925328
2021-04,2021,4,stroll,vettel,0.24805598496829173,0.09794989206569232
2021-04,2021,4,leclerc,sainz,0.02828745778536744,0.14181656473403054
2021-04,2021,4,mazepin,mick_schumacher,-1.0459754473065588,-0.8683450399277841
2021-04,2021,4,norris,ricciardo,-0.6456353121315618,0.029598172850628126
2021-04,2021,4,bottas,hamilton,-0.5752566067653297,0.031106618183796564
2021-04,2021,4,max_verstappen,perez,0.5300162820521651,0.9664285942166969
2021-04,2021,4,latifi,russell,-0.24169824419361263,-0.9818426754199068
2021-05,2021,5,giovinazzi,raikkonen,-0.583962568086304,0.33075684277520523
2021-05,2021,5,gasly,tsunoda,1.564504728595269,0.7462305609315674
2021-05,2021,5,alonso,ocon,0.10832432229476696,-0.6460823474391969
2021-05,2021,5,stroll,vettel,0.20434787189930803,-0.13490355712290675
2021-05,2021,5,mazepin,mick_schumacher,-0.4225983913897444,
2021-05,2021,5,norris,ricciardo,0.38302589193818926,0.6952983428232806
2021-05,2021,5,bottas,hamilton,0.12129394435412227,0.6972702143505184
2021-05,2021,5,max_verstappen,perez,0.12067594537712742,0.72845777693109
2021-05,2021,5,latifi,russell,0.20484982354213077,-0.48482592785840056
2021-06,2021,6,giovinazzi,raikkonen,-0.07114912628359016,
2021-06,2021,6,gasly,tsunoda,0.08848420336471474,0.22752916182311725
2021-06,2021,6,stroll,vettel,-0.19325825672816221,
2021-06,2021,6,mazepin,mick_schumacher,-0.6233623726888733,-0.07677690927828418
2021-06,2021,6,norris,ricciardo,0.18397464266127284,0.43153691977503694
2021-06,2021,6,max_verstappen,perez,0.19497019340435418,0.20419389801264165
2021-06,2021,6,latifi,russell,-0.05123948543812751,-0.38862166118306185
2021-07,2021,7,giovinazzi,raikkonen,0.08268499087061576,0.6792949442779492
2021-07,2021,7,gasly,tsunoda,0.8717939394778513,
2021-07,2021,7,alonso,ocon,0.3241871085071495,0.09171748719977074
2021-07,2021,7,stroll,vettel,-0.25918943190291177,
2021-07,2021,7,leclerc,sainz,-0.38860642214893937,-0.1616921931581611
2021-07,2021,7,mazepin,mick_schumacher,-0.5155847177710817,-0.6563167004457309
2021-07,2021,7,norris,ricciardo,0.29133254857701274,0.14236124922592608
2021-07,2021,7,bottas,hamilton,-0.39737401068462075,-0.14173091220084333
2021-07,2021,7,max_verstappen,perez,0.23013339824757426,0.5043378107741158
2021-07,2021,7,latifi,russell,-0.12454394061801843,-0.002149127991387889
2021-08,2021,8,giovinazzi,raikkonen,0.1276633749676659,0.5163931457391848
2021-08,2021,8,alonso,ocon,-0.004542487178095689,0.3779154649908343
2021-08,2021,8,stroll,vettel,0.05028202734844189,0.34075632140995954
2021-08,2021,8,leclerc,sainz,-0.08491952953831367,0.20692885436974404
2021-08,2021,8,mazepin,mick_schumacher,-0.8030661352306421,-0.2283848443795553
2021-08,2021,8,norris,ricciardo,0.8257748370441665,0.8251663176242154
2021-08,2021,8,bottas,hamilton,-0.5045294893074062,0.10701408488994033
2021-08,2021,8,max_verstappen,perez,0.43848214387947354,0.23078065180914953
2021-10,2021,10,giovinazzi,raikkonen,-0.02502733931433898,0.5317193169331225
2021-10,2021,10,gasly,tsunoda,-0.036844916266552286,0.5044333555624939
2021-10,2021,10,alonso,ocon,-0.09732241826972565,-0.039873675820928337
2021-10,2021,10,mazepin,mick_schumacher,0.6037799035968225,-0.35210313728325815
2021-10,2021,10,norris,ricciardo,0.463830328209597,-0.10897933339325346
2021-10,2021,10,bottas,hamilton,-0.36820174106732445,-0.8044892562128297
2021-13,2021,13,giovinazzi,kubica,0.798573252957341,1.7701079784323284
2021-13,2021,13,gasly,tsunoda,1.2673311771349614,1.3923912711029902
2021-13,2021,13,alonso,ocon,-0.25446100530479265,-0.14434863410115303
2021-13,2021,13,leclerc,sainz,0.42977995394224344,0.2760082123455374
2021-13,2021,13,mazepin,mick_schumacher,-0.006326409699750624,-0.6812719178377227
2021-13,2021,13,norris,ricciardo,0.5476054506415325,-0.5519433745054109
2021-13,2021,13,bottas,hamilton,-0.7369630469129347,-0.1496440888375101
2021-13,2021,13,max_verstappen,perez,1.3626394927548828,0.7028755656017425
2021-13,2021,13,latifi,russell,-0.7830227551476183,-0.3801705654724506
2021-14,2021,14,giovinazzi,kubica,0.8352283201191351,1.6283562932281797
2021-14,2021,14,leclerc,sainz,0.4404609352055696,-0.05963770273422703
2021-14,2021,14,mazepin,mick_schumacher,-0.5155031926726119,-0.5673980451097806
2021-14,2021,14,norris,ricciardo,-0.0015897862113191004,0.4636031187615479
2021-14,2021,14,latifi,russell,-0.179919655579156,-0.04273113027814668
2021-17,2021,17,giovinazzi,raikkonen,-0.027800506623745447,0.40680279373939066
2021-17,2021,17,alonso,ocon,0.8841823914850101,-0.009399330565704134
2021-17,2021,17,stroll,vettel,-0.5648022996658726,-0.7340672079397818
2021-17,2021,17,leclerc,sainz,0.6334873878956384,0.21057789056975745
2021-17,2021,17,mazepin,mick_schumacher,-0.8165935131489421,-0.30730255177447363
2021-17,2021,17,norris,ricciardo,0.10112897267671944,-0.08417912535232622
2021-17,2021,17,bottas,hamilton,-0.7654991026417304,-0.17256443490589313
2021-17,2021,17,max_verstappen,perez,0.4926877349164129,0.2408033672045471
2021-17,2021,17,latifi,russell,-0.1598486484478907,-0.25972550469013944
2021-18,2021,18,giovinazzi,raikkonen,-0.43040814274893346,-0.39961791135426494
2021-18,2021,18,alonso,ocon,-0.0526275296991483,-0.41640648246180156
2021-18,2021,18,stroll,vettel,-0.6449373779840373,-4.257628051648618
2021-18,2021,18,leclerc,sainz,-0.18113910336703998,0.27741426380649353
2021-18,2021,18,norris,ricciardo,0.5640599036474263,-0.14990399186199846
2021-18,2021,18,bottas,hamilton,-0.8849255632514488,0.19092141814403063
2021-18,2021,18,max_verstappen,perez,0.21244357124200425,0.2796004188359795
2021-18,2021,18,latifi,russell,-0.24455906851660902,-1.018424515093171
2021-19,2021,19,giovinazzi,raikkonen,-0.5941191913459491,-0.33389436450592913
2021-19,2021,19,gasly,tsunoda,1.1035825588467327,0.42128298326875324
2021-19,2021,19,alonso,ocon,0.28580055503302537,0.06568608901973094
2021-19,2021,19,stroll,vettel,-0.6678622396465379,-0.30478623878812466
2021-19,2021,19,leclerc,sainz,-0.059151848532381424,-0.1577412936251434
2021-19,2021,19,mazepin,mick_schumacher,-0.44284752875173705,-0.3690093459038035
2021-19,2021,19,norris,ricciardo,1.5215705738802545,0.08549548046839472
2021-19,2021,19,bottas,hamilton,-0.2077571081803416,-0.5245663852230033
2021-19,2021,19,max_verstappen,perez,0.30130426653276654,0.1622155191119674
2021-19,2021,19,latifi,russell,0.21536420968465197,0.08008581050134989
2021-21,2021,21,giovinazzi,raikkonen,1.0744768550872936,0.12735795810843448
2021-21,2021,21,gasly,tsunoda,0.13570184054293755,0.1153167947624377
2021-21,2021,21,alonso,ocon,-1.31589874085916,-0.30298615868852924
2021-21,2021,21,stroll,vettel,0.7809841868097078,-0.19040584586131282
2021-21,2021,21,norris,ricciardo,0.9938404285009192,0.113937959736614
2021-22,2021,22,gasly,tsunoda,0.39946274153977723,-0.4181602499427725
2021-22,2021,22,alonso,ocon,-0.17029822406994755,-0.07289241891427317
2021-22,2021,22,stroll,vettel,-0.2997816464489471,0.23940170673137265
2021-22,2021,22,leclerc,sainz,-0.45177989134693197,-0.03365870109191027
2021-22,2021,22,norris,ricciardo,0.36026606032004005,0.3297848635378839
2021-22,2021,22,bottas,hamilton,-1.076108472577069,-0.327786172183022
2021-22,2021,22,max_verstappen,perez,0.12830496906890798,0.4037731101128835
2021-22,2021,22,latifi,russell,0.01086887260910796,0.10073418288317848
2022-01,2022,1,bottas,zhou,0.21349281065683978,1.2969342967572213
2022-01,2022,1,gasly,tsunoda,0.5408682761966535,0.7076190222641913
2022-01,2022,1,alonso,ocon,-0.22833859976103055,-0.07762826768303786
2022-01,2022,1,hulkenberg,stroll,-0.3074560750271671,0.2744755744778318
2022-01,2022,1,leclerc,sainz,0.37838530841067863,0.10489626067000735
2022-01,2022,1,kevin_magnussen,mick_schumacher,0.466142605919878,0.5232681911079897
2022-01,2022,1,norris,ricciardo,0.5841587740505942,0.7624885740678826
2022-01,2022,1,hamilton,russell,0.41551846242911783,0.22380700510397267
2022-01,2022,1,max_verstappen,perez,0.0421094087917519,0.27618095842849233
2022-01,2022,1,albon,latifi,0.6322591254144805,0.9744657492706965
2022-02,2022,2,alonso,ocon,-0.15733472793433467,0.1277274137807068
2022-02,2022,2,hulkenberg,stroll,0.3298923552664852,-0.31747989874322474
2022-02,2022,2,leclerc,sainz,0.24808837175969556,-0.1059357947898335
2022-02,2022,2,hamilton,russell,-0.19873191074406993,-0.7365758792521395
2022-03,2022,3,gasly,tsunoda,0.5155909296028427,0.22648399806554123
2022-03,2022,3,alonso,ocon,-0.21575433445993086,0.46330892954808245
2022-03,2022,3,norris,ricciardo,0.2321200411766875,0.41715596044277725
2022-03,2022,3,hamilton,russell,-0.42952581173360826,0.0050375930391192425
2022-03,2022,3,max_verstappen,perez,0.12645158233382103,0.10997865476718871
2022-03,2022,3,albon,latifi,1.1965109264173148,1.5318521044166467
2022-06,2022,6,gasly,tsunoda,-0.46055617541609006,-0.14489513363614628
2022-06,2022,6,alonso,ocon,-0.2475264221267191,-0.20133032992047128
2022-06,2022,6,stroll,vettel,-0.4261542521726185,-0.571528666305408
2022-06,2022,6,leclerc,sainz,0.311462729383423,0.038809913290010156
2022-06,2022,6,kevin_magnussen,mick_schumacher,0.5922210816734008,0.7813027275903415
2022-06,2022,6,norris,ricciardo,0.7366833143399323,-0.2935306616178131
2022-06,2022,6,hamilton,russell,1.0369502831297117,-0.14977505081102566
2022-06,2022,6,max_verstappen,perez,0.2475886833594868,0.4435094289762686
2022-06,2022,6,albon,latifi,-0.8250966386094702,0.33015437179536855
2022-08,2022,8,gasly,tsunoda,0.1416344100364526,0.23921950344071116
2022-08,2022,8,alonso,ocon,0.4653061484877874,0.02218027493635083
2022-08,2022,8,stroll,vettel,-0.7993373493733322,-2.0053391858899534
2022-08,2022,8,norris,ricciardo,0.4464471858500565,0.18087898391404544
2022-08,2022,8,hamilton,russell,-0.2319895379665713,-0.17814760143790503
2022-08,2022,8,max_verstappen,perez,0.283883338125693,-0.06393013146378768
2022-08,2022,8,albon,latifi,1.4176180967608263,0.6168921822500302
2022-09,2022,9,alonso,ocon,-0.2996842345352666,1.5054412503558423
2022-09,2022,9,stroll,vettel,-0.040019714442653176,-1.073445932956195
2022-09,2022,9,leclerc,sainz,-0.3301536470601129,-0.24436335085278293
2022-09,2022,9,hamilton,russell,0.29315445818730856,-0.6956325377504542
2022-09,2022,9,albon,latifi,0.6095125813381579,1.7005580940495957
2022-11,2022,11,,,"driver_id
    0.0
    0.0
Name: pace, dtype: float64",
2022-11,2022,11,,,"driver_id
    0.0
    0.0
Name: pace, dtype: float64",
2022-11,2022,11,,,"driver_id
    0.0
    0.0
Name: pace, dtype: float64",
2022-11,2022,11,,,"driver_id
    0.0
    0.0
Name: pace, dtype: float64",
2022-11,2022,11,,,"driver_id
    0.0
    0.0
Name: pace, dtype: float64",
2022-11,2022,11,,,"driver_id
    0.0
    0.0
Name: pace, dtype: float64",
2022-11,2022,11,,,"driver_id
    0.0
    0.0
Name: pace, dtype: float64",
2022-12,2022,12,bottas,zhou,-0.14020824407997967,0.6855651677084849
2022-12,2022,12,gasly,tsunoda,0.6980754470932375,-0.04817136252177917
2022-12,2022,12,alonso,ocon,0.2689584961668623,0.5076644777103215
2022-12,2022,12,leclerc,sainz,0.6301769994862244,0.2356882083441258
2022-12,2022,12,norris,ricciardo,0.358175637777149,0.47147304315804334
2022-12,2022,12,hamilton,russell,0.08557216881287344,0.38830379713359353
2022-12,2022,12,max_verstappen,perez,0.6567375304365813,0.17423611752130463
2022-14,2022,14,gasly,tsunoda,-0.25186228270903,0.4782158262153822
2022-14,2022,14,alonso,ocon,-0.082002200573416,-0.07297644701126725
2022-14,2022,14,leclerc,sainz,0.021919673177352186,-0.2451521457624236
2022-14,2022,14,kevin_magnussen,mick_schumacher,-0.17681257688092056,-0.20197377450169607
2022-14,2022,14,max_verstappen,perez,0.439460997276014,0.7582505203808008
2022-14,2022,14,albon,latifi,0.4579223255960032,0.687501823805685
2022-15,2022,15,bottas,zhou,-0.21474772422385957,-0.18777780977150207
2022-15,2022,15,gasly,tsunoda,-0.0616826359250886,-0.2529924753486962
2022-15,2022,15,alonso,ocon,0.6900894964778397,0.050893563714463436
2022-15,2022,15,stroll,vettel,0.637479589876252,1.1433935581860355
2022-15,2022,15,leclerc,sainz,0.4585788286139699,0.10085443016286999
2022-15,2022,15,kevin_magnussen,mick_schumacher,-0.042606570072517114,-0.8024477322727371
2022-15,2022,15,norris,ricciardo,0.8814133896944307,0.731012674879558
2022-15,2022,15,hamilton,russell,-0.05887590339878207,0.32192172918151996
2022-15,2022,15,max_verstappen,perez,0.49169972030280823,0.5441482482735296
2022-15,2022,15,albon,latifi,1.0085595508763525,2.28623933811155
2022-16,2022,16,leclerc,sainz,0.43844004744550746,0.08362644066571256
2022-16,2022,16,kevin_magnussen,mick_schumacher,-0.6830177319667388,0.11692876513810146
2022-16,2022,16,norris,ricciardo,0.8958725996179505,0.02932443846388123
2022-16,2022,16,hamilton,russell,-0.026744923742802573,0.022076950526917945
2022-16,2022,16,max_verstappen,perez,0.12823751401690206,0.7055940908820573
2022-19,2022,19,alonso,ocon,0.2421880199674351,0.6428497597498409
2022-19,2022,19,stroll,vettel,-0.14545297461509143,0.1049521547267776
2022-19,2022,19,kevin_magnussen,mick_schumacher,0.32587234096122497,0.16695871135889856
2022-19,2022,19,hamilton,russell,0.5397583827220521,0.04317266500310771
2022-19,2022,19,max_verstappen,perez,0.29437319792984284,0.31141479233621616
2022-19,2022,19,albon,latifi,0.647154882244263,0.32135821986735746
2022-20,2022,20,bottas,zhou,0.46967665139316206,0.9268023342184907
2022-20,2022,20,gasly,tsunoda,0.20601765555146834,-0.27001907033979133
2022-20,2022,20,alonso,ocon,0.07922209550139159,-0.07627336241386565
2022-20,2022,20,stroll,vettel,-0.3418048124352209,-0.12551340975062852
2022-20,2022,20,leclerc,sainz,-0.13639532450177994,-0.2600284437117061
2022-20,2022,20,kevin_magnussen,mick_schumacher,0.04423831251846111,0.1568022622035683
2022-20,2022,20,norris,ricciardo,-0.24495601144667933,0.3935410761271543
2022-20,2022,20,hamilton,russell,0.1499520378192727,0.01654817751061466
2022-20,2022,20,max_verstappen,perez,0.2341192378187365,0.4528464535603585
2022-20,2022,20,albon,latifi,1.2147022068150948,0.38018635402981227
2022-21,2022,21,bottas,zhou,0.5575284288607281,-0.3835872054047531
2022-21,2022,21,gasly,tsunoda,0.525318964691518,2.5134924284365554
2022-21,2022,21,alonso,ocon,0.3086427003245388,0.2699661034935427
2022-21,2022,21,stroll,vettel,0.022953443681370977,-0.9109734847084613
2022-21,2022,21,leclerc,sainz,-0.2667147367155073,0.0877553335522207
2022-21,2022,21,hamilton,russell,-0.25259234083359217,-0.30940055622102836
2022-21,2022,21,max_verstappen,perez,0.2382006282407007,0.8079461108299308
2022-21,2022,21,albon,latifi,0.5195777109531814,1.0320064287035984
2022-22,2022,22,bottas,zhou,-0.26633905669557856,-0.3475505871794454
2022-22,2022,22,gasly,tsunoda,-0.2727756995269539,-0.2670726823495994
2022-22,2022,22,stroll,vettel,0.26188614267450205,-0.3533171572232918
2022-22,2022,22,leclerc,sainz,0.14928532550587997,0.004732663662314618
2022-22,2022,22,kevin_magnussen,mick_schumacher,-0.24196836560606383,-0.14340263030508785
2022-22,2022,22,norris,ricciardo,0.45858304606136535,0.32506182414864576
2022-22,2022,22,hamilton,russell,-0.07899527282478175,0.0035498967575551053
2022-22,2022,22,max_verstappen,perez,0.05631099940388662,0.0778421259540445
2022-22,2022,22,albon,latifi,0.7128631915759902,0.030218152041286916
2023-01,2023,1,bottas,zhou,0.2826084938285529,0.07701729904342092
2023-01,2023,1,gasly,ocon,0.5137025056134372,-0.7327635420186345
2023-01,2023,1,alonso,stroll,0.1485532580664931,0.5303359480139396
2023-01,2023,1,leclerc,sainz,0.23953689637798647,0.1709648828341732
2023-01,2023,1,hulkenberg,kevin_magnussen,0.45630866188294616,0.7515218662322166
2023-01,2023,1,hamilton,russell,-0.05407948013862107,-0.04869303564480314
2023-01,2023,1,max_verstappen,perez,0.1766965445197593,0.2013416155021351
2023-01,2023,1,albon,sargeant,-0.03419282240235155,0.20861442854335133
2023-02,2023,2,bottas,zhou,-0.95824522902933,-0.2686918839749013
2023-02,2023,2,de_vries,tsunoda,-0.22412750749398613,-0.3385450251214749
2023-02,2023,2,gasly,ocon,0.0012872674387560679,-0.20378966612314403
2023-02,2023,2,leclerc,sainz,0.03883802924729385,0.060721917979566054
2023-02,2023,2,hulkenberg,kevin_magnussen,-0.34352043286212597,0.21206343120470833
2023-02,2023,2,hamilton,russell,-0.27735859314798117,-0.27113951156658095
2023-02,2023,2,max_verstappen,perez,0.10008842415611446,0.5426827172047575
2023-03,2023,3,de_vries,tsunoda,-1.314413992434258,-0.1374799288119413
2023-03,2023,3,hulkenberg,kevin_magnussen,0.6764377806535595,0.5442080164748822
2023-03,2023,3,norris,piastri,0.40937763198204635,0.3495793302326129
2023-03,2023,3,max_verstappen,perez,0.03762052614592193,
2023-04,2023,4,bottas,zhou,-0.2225143494828954,0.05847269491826135
2023-04,2023,4,gasly,ocon,0.3703764650810122,-2.150703453970304
2023-04,2023,4,alonso,stroll,0.5326924318423933,0.35294618230611563
2023-04,2023,4,leclerc,sainz,0.5293926577591801,0.808079181405061
2023-04,2023,4,max_verstappen,perez,-0.19686065080939463,0.30601203362328805
2023-05,2023,5,bottas,zhou,0.09631260906006922,0.4795215977935512
2023-05,2023,5,de_vries,tsunoda,-0.48876790188824315,0.11767768989854532
2023-05,2023,5,gasly,ocon,0.0349920452149004,-0.19193863858034801
2023-05,2023,5,leclerc,sainz,-0.3144576571681995,-0.030786948857457974
2023-05,2023,5,norris,piastri,0.5445423004740406,0.10176506718428047
2023-05,2023,5,hamilton,russell,-0.207446491564244,0.004386621128542073
2023-05,2023,5,max_verstappen,perez,0.3761808455950433,0.4950757240281869
2023-05,2023,5,albon,sargeant,0.3874852869587877,0.38798539714430563
2023-07,2023,7,bottas,zhou,-0.8214668363013116,-0.40635595759384185
2023-07,2023,7,gasly,ocon,0.23275298518097598,-0.051734467199735734
2023-07,2023,7,alonso,stroll,-0.011169647622610634,-0.02189081962497722
2023-07,2023,7,leclerc,sainz,-0.010476213052533545,-0.9058303174490061
2023-07,2023,7,hulkenberg,kevin_magnussen,0.25130913564977386,0.8436121697495369
2023-07,2023,7,norris,piastri,0.13917915118020208,0.5388281307165744
2023-07,2023,7,hamilton,russell,0.2705918548453914,0.5718756547274548
2023-07,2023,7,max_verstappen,perez,0.37396775083352785,0.5685062420176679
2023-07,2023,7,albon,sargeant,0.1945470764406365,0.8550622806795284
2023-08,2023,8,bottas,zhou,0.39798864893408825,1.2192770289757628
2023-08,2023,8,gasly,ocon,0.26976883347561076,-0.9357644040877494
2023-08,2023,8,alonso,stroll,0.6770396855273181,1.7877780032738566
2023-08,2023,8,leclerc,sainz,0.05712261561110332,-0.22617141555258508
2023-08,2023,8,hulkenberg,kevin_magnussen,-0.1491446033289896,0.6180554441095346
2023-08,2023,8,max_verstappen,perez,0.4828534551133723,1.9641092279466295
2023-10,2023,10,bottas,zhou,0.03365975127545373,0.36127006128344824
2023-10,2023,10,de_vries,tsunoda,0.16414435217933798,-0.5406077263623916
2023-10,2023,10,alonso,stroll,0.17687499554454644,0.040523023315669926
2023-10,2023,10,leclerc,sainz,-0.15221532661906745,0.01377062727383484
2023-10,2023,10,hulkenberg,kevin_magnussen,0.3462447569794601,3.0500053497144406
2023-10,2023,10,norris,piastri,0.15772986289555618,0.15052889032193645
2023-10,2023,10,hamilton,russell,-0.1751536638555318,-0.00335519804087292
2023-10,2023,10,max_verstappen,perez,0.4827768151206313,0.602021930183332
2023-10,2023,10,albon,sargeant,0.35156205852843136,0.7712816547279384
2023-11,2023,11,bottas,zhou,0.7039962581812926,-0.08181553003373399
2023-11,2023,11,ricciardo,tsunoda,0.508041954327368,0.016473942695249627
2023-11,2023,11,alonso,stroll,-0.09861427141662149,0.41262407144418123
2023-11,2023,11,leclerc,sainz,0.05060042474347026,0.04924204913832737
2023-11,2023,11,hulkenberg,kevin_magnussen,0.5052727852364949,0.6472432523113467
2023-11,2023,11,norris,piastri,0.37235756543708,0.2747415448331268
2023-11,2023,11,hamilton,russell,0.32914093802690025,0.5710530479940553
2023-11,2023,11,max_verstappen,perez,0.11235732553545932,0.16492511243721433
2023-11,2023,11,albon,sargeant,0.29924352328021,0.41855085918882906
2023-14,2023,14,bottas,zhou,0.32570160787160063,0.17128388106384027
2023-14,2023,14,gasly,ocon,0.500326654302009,0.003634315204541716
2023-14,2023,14,alonso,stroll,0.4266029896345638,0.9908936585616337
2023-14,2023,14,hulkenberg,kevin_magnussen,0.09502612294816126,0.3019373561339353
2023-14,2023,14,hamilton,russell,-0.3787918682301816,0.01597532430234247
2023-14,2023,14,max_verstappen,perez,0.2709992267513227,0.41349671110592523
2023-14,2023,14,albon,sargeant,0.43339402856953585,0.5761612892319796
2023-15,2023,15,bottas,zhou,-0.5630336124149368,0.48262278805640313
2023-15,2023,15,leclerc,sainz,-0.06321675515371505,-0.08679077925918155
2023-15,2023,15,hulkenberg,kevin_magnussen,-0.6392317742334672,-0.11093831010649431
2023-15,2023,15,max_verstappen,perez,0.5431978262076758,-0.08780079890658737
2023-16,2023,16,lawson,tsunoda,0.5390291158350469,0.0017938664654881253
2023-16,2023,16,gasly,ocon,-0.11428768428199587,0.10687450491952624
2023-16,2023,16,leclerc,sainz,-0.03656647644836086,0.2850137807942919
2023-16,2023,16,hulkenberg,kevin_magnussen,0.2961076094553847,-0.35440991698310687
2023-16,2023,16,norris,piastri,0.5498300757806819,-0.03911685371557494
2023-16,2023,16,hamilton,russell,0.20314379618019618,0.2529007271132428
2023-16,2023,16,albon,sargeant,0.054588297206666025,
2023-17,2023,17,bottas,zhou,-0.40659127826927355,1.607228924733668
2023-17,2023,17,lawson,tsunoda,-0.23876133159546642,-0.6682403422679183
2023-17,2023,17,gasly,ocon,-0.06277058147396097,0.16931641100737294
2023-17,2023,17,hulkenberg,kevin_magnussen,0.5900642577763788,1.3206320875121396
2023-17,2023,17,norris,piastri,0.44313666174022104,0.10224797295968929
2023-17,2023,17,max_verstappen,perez,0.5025971141520502,1.1515267793108261
2023-17,2023,17,albon,sargeant,0.23607939357945673,0.10677314045356687
2023-18,2023,18,bottas,zhou,-0.08280044778280149,-0.09914061054660807
2023-18,2023,18,ricciardo,tsunoda,-0.5026942449770706,-0.30066622745957333
2023-18,2023,18,alonso,stroll,-0.03671738110063183,0.3328894428836717
2023-18,2023,18,leclerc,sainz,-0.05533189088700641,0.23409336459438232
2023-18,2023,18,hulkenberg,kevin_magnussen,0.7725797893985686,-0.23511797935074577
2023-18,2023,18,hamilton,russell,0.33129128186055445,0.38355579755486047
2023-18,2023,18,max_verstappen,perez,0.314964012260179,0.6721221110776915
2023-18,2023,18,albon,sargeant,0.29402229723684425,0.5301811095725917
2023-19,2023,19,ricciardo,tsunoda,0.2619123507208436,0.6983384079708251
2023-19,2023,19,alonso,stroll,-0.06148815010965114,0.47952013439886054
2023-19,2023,19,leclerc,sainz,0.19930439783354503,0.4505085376641297
2023-19,2023,19,norris,piastri,0.6239867776399406,-4.147157069593368
2023-19,2023,19,hamilton,russell,0.6279675430679912,0.27416403541111045
2023-19,2023,19,albon,sargeant,-0.04181154726668712,
2023-21,2023,21,ricciardo,tsunoda,0.4266953595227325,1.84591648470495
2023-21,2023,21,gasly,ocon,-0.6881202206953345,0.5943773910378627
2023-21,2023,21,max_verstappen,perez,0.10080872602243618,0.35442113482803217
2023-21,2023,21,albon,sargeant,0.06656629200013287,0.15481449379490653
2023-22,2023,22,bottas,zhou,-0.23770439512228458,0.43660740036827045
2023-22,2023,22,ricciardo,tsunoda,0.1815486198745615,-0.24304833314096264
2023-22,2023,22,gasly,ocon,-0.18286029745269117,0.16510121212949164
2023-22,2023,22,alonso,stroll,0.3369436450002232,0.11580981122477588
2023-22,2023,22,leclerc,sainz,0.6758998942025407,0.32979338035011974
2023-22,2023,22,hulkenberg,kevin_magnussen,0.04660468503762427,0.400735808668816
2023-22,2023,22,norris,piastri,0.25164902179948156,0.14094935856345459
2023-22,2023,22,hamilton,russell,-0.23021033524200718,-0.2647484797781265
2023-22,2023,22,max_verstappen,perez,0.14060457569791485,0.4480037995460273
2023-22,2023,22,albon,sargeant,0.1410331559588769,
2024-01,2024,1,gasly,ocon,0.2476311047773092,-0.17057244934384425
2024-01,2024,1,alonso,stroll,0.076425925092243,0.10287188856187324
2024-01,2024,1,leclerc,sainz,-0.14670628762982119,0.1117855622403564
2024-01,2024,1,hulkenberg,kevin_magnussen,0.5312653758465959,0.42002211639271214
2024-01,2024,1,bottas,zhou,-0.3878523111700012,0.0011018494543182933
2024-01,2024,1,norris,piastri,0.06990777368835865,0.2010408145625804
2024-01,2024,1,hamilton,russell,0.028489391141860887,-0.11172505739026632
2024-01,2024,1,ricciardo,tsunoda,0.3486945850766363,-0.12733180424305063
2024-01,2024,1,max_verstappen,perez,0.3713100417578584,0.4006361812627508
2024-01,2024,1,albon,sargeant,0.05245928799962707,0.41177535317753133
2024-02,2024,2,bearman,leclerc,-0.35071310806036493,-0.6754847173039185
2024-02,2024,2,hulkenberg,kevin_magnussen,-0.5212692728572792,0.015719386527177
2024-02,2024,2,bottas,zhou,0.11945549890835672,
2024-02,2024,2,norris,piastri,-0.5890039495457491,-0.05631899225231582
2024-02,2024,2,max_verstappen,perez,0.20276428470837593,0.49178569371324343
2024-03,2024,3,gasly,ocon,0.08666555923134478,-0.4691555466187481
2024-03,2024,3,alonso,stroll,0.2138477382678372,0.09121116014466232
2024-03,2024,3,leclerc,sainz,-0.0048497893290676,-0.32761135316794027
2024-03,2024,3,hulkenberg,kevin_magnussen,-0.17208410201948166,-0.3430006253266762
2024-03,2024,3,bottas,zhou,0.21760170412272628,0.8283561887882198
2024-03,2024,3,norris,piastri,0.09752504650083682,-0.0788118827090941
2024-03,2024,3,ricciardo,tsunoda,0.12512972998955663,-0.9379833439757193
2024-04,2024,4,gasly,ocon,-0.31175438831249425,-0.34235569480611505
2024-04,2024,4,alonso,stroll,0.7240273475740322,0.8590063865069912
2024-04,2024,4,leclerc,sainz,0.0939271852290835,-0.10880844619319932
2024-04,2024,4,hulkenberg,kevin_magnussen,0.49077706963157075,0.34453666161626584
2024-04,2024,4,norris,piastri,0.3764681508931005,0.23359248751190267
2024-04,2024,4,hamilton,russell,-0.1316604154513883,0.27225595360624766
2024-04,2024,4,max_verstappen,perez,0.28063436664977826,0.07480449175750337
2024-05,2024,5,gasly,ocon,-0.016140736279549817,-0.08966812487262456
2024-05,2024,5,alonso,stroll,0.23572230686623263,0.2126240347107744
2024-05,2024,5,leclerc,sainz,0.023920968091217118,0.008484192893210488
2024-05,2024,5,hulkenberg,kevin_magnussen,0.2728229543648557,0.47013477014443517
2024-05,2024,5,norris,piastri,1.6154997186387785,0.18119000406211022
2024-05,2024,5,max_verstappen,perez,0.6316148661173255,0.3432070816477434
2024-06,2024,6,gasly,ocon,0.26059159116490704,0.1588469389849124
2024-06,2024,6,leclerc,sainz,0.19946599870603798,0.08350635648299248
2024-06,2024,6,hulkenberg,kevin_magnussen,0.04441763555593914,0.2666638115375559
2024-06,2024,6,bottas,zhou,-0.08832561213018364,0.40724982535575144
2024-06,2024,6,norris,piastri,0.15025841622754965,0.09242935803440265
2024-06,2024,6,hamilton,russell,0.5455765259150245,-0.009074101386626867
2024-06,2024,6,max_verstappen,perez,0.47577799406664667,0.25071420852215365
2024-07,2024,7,gasly,ocon,0.042972187972692755,-0.08484180414732156
2024-07,2024,7,alonso,stroll,-0.663892257117429,-0.5985347941738879
2024-07,2024,7,leclerc,sainz,0.3656726949546238,0.25290125309139466
2024-07,2024,7,hulkenberg,kevin_magnussen,0.17627715978589908,1.3268474563209176
2024-07,2024,7,bottas,zhou,0.28189510381147764,0.2710805778358183
2024-07,2024,7,norris,piastri,0.00797514822216705,0.03292614695052601
2024-07,2024,7,hamilton,russell,-0.00595068577622665,-0.3582378547576226
2024-07,2024,7,ricciardo,tsunoda,-0.3463650630325126,-0.27656678053797573
2024-07,2024,7,max_verstappen,perez,0.6869230518187406,0.7731794798891796
2024-07,2024,7,albon,sargeant,0.8631232605705838,
2024-08,2024,8,alonso,stroll,-0.31466263456670074,-0.40487856793120186
2024-08,2024,8,leclerc,sainz,0.2574944350646553,0.3523031174665777
2024-08,2024,8,hamilton,russell,-0.15678833698247718,-0.11050977294218613
2024-08,2024,8,albon,sargeant,1.2032998104183399,0.5527606786854857
2024-13,2024,13,gasly,ocon,0.4104007413183124,-0.14979358176507052
2024-13,2024,13,alonso,stroll,-0.5006453716418666,-0.0551934412665718
2024-13,2024,13,leclerc,sainz,0.19151130356706947,-0.24954596900205925
2024-13,2024,13,hulkenberg,kevin_magnussen,0.4229100046961447,0.4661658152101832
2024-13,2024,13,bottas,zhou,0.6261446128634074,0.7072892837733891
2024-13,2024,13,norris,piastri,0.18972699847561697,0.029240543550792863
2024-13,2024,13,hamilton,russell,-0.06472146668667815,1.1363831940458744
2024-13,2024,13,ricciardo,tsunoda,0.11926173764831949,0.03923517614614058
2024-13,2024,13,max_verstappen,perez,0.02472463859818308,1.0311564978220695
2024-13,2024,13,albon,sargeant,0.21860456260704964,0.3905515961241783
2024-14,2024,14,gasly,ocon,-0.41624609887528674,0.14329952138842544
2024-14,2024,14,alonso,stroll,0.28607254971577856,0.8857632496861081
2024-14,2024,14,leclerc,sainz,-0.10740716163457087,-0.07095771305808929
2024-14,2024,14,hulkenberg,kevin_magnussen,-0.22135604759495275,0.164942822866757
2024-14,2024,14,hamilton,russell,-0.1531608443164013,0.05084775590416413
2024-14,2024,14,ricciardo,tsunoda,0.6507106875985309,0.9843040287615341
2024-14,2024,14,albon,sargeant,0.5266893986837722,1.2947054028022371
2024-15,2024,15,gasly,ocon,0.5348026405901589,0.385491003633491
2024-15,2024,15,alonso,stroll,0.07783672811154685,0.03496234590999037
2024-15,2024,15,leclerc,sainz,0.11096734232123892,0.12876129151118315
2024-15,2024,15,hulkenberg,kevin_magnussen,0.41635088148280675,-0.08466751223074367
2024-15,2024,15,bottas,zhou,0.44095431636866733,1.5031672916819965
2024-15,2024,15,norris,piastri,0.0037042879984239274,0.2295023327840188
2024-15,2024,15,hamilton,russell,0.2862665579010355,-0.5087537942464249
2024-15,2024,15,max_verstappen,perez,0.09197812711048292,-0.1880005359754648
2024-15,2024,15,albon,sargeant,0.6170462566780393,
2024-16,2024,16,gasly,ocon,0.37085491079434396,0.027243416771153696
2024-16,2024,16,alonso,stroll,0.3380531560644573,0.4900090235214533
2024-16,2024,16,leclerc,sainz,0.3487831494843724,0.0075505889495329215
2024-16,2024,16,hulkenberg,kevin_magnussen,-0.523214833909793,0.22454072431859984
2024-16,2024,16,bottas,zhou,0.2621575689414706,0.4232654307993474
2024-16,2024,16,norris,piastri,0.05462114493932122,0.1373116118064775
2024-16,2024,16,hamilton,russell,0.09160218867075032,-0.09185105676806588
2024-16,2024,16,max_verstappen,perez,0.25462613881727036,0.46261834483477293
2024-16,2024,16,albon,colapinto,0.2259640901819049,0.642317016848703
2024-17,2024,17,gasly,ocon,0.5865330950648271,
2024-17,2024,17,alonso,stroll,0.218849266656846,0.4258399647557821
2024-17,2024,17,leclerc,sainz,0.27930458986205736,0.4370384206848779
2024-17,2024,17,bearman,hulkenberg,-0.007516194607689375,-0.07094551576091065
2024-17,2024,17,bottas,zhou,0.2298850206329166,0.604243073105069
2024-17,2024,17,norris,piastri,0.2130542500395377,-0.5574873373287765
2024-17,2024,17,albon,colapinto,0.11773217479976483,-0.3203679665343926
2024-18,2024,18,gasly,ocon,-0.019013036522188775,-0.38843522806995806
2024-18,2024,18,alonso,stroll,0.5789245997712028,0.4511004579902955
2024-18,2024,18,leclerc,sainz,0.6237464259992641,0.1367901620173113
2024-18,2024,18,hulkenberg,kevin_magnussen,0.7435394120930235,0.3360384239865613
2024-18,2024,18,bottas,zhou,0.03879452347136514,0.5249813283679704
2024-18,2024,18,norris,piastri,0.6164632100653571,0.2840343638164322
2024-18,2024,18,hamilton,russell,-0.22412892888240035,0.2487756861060455
2024-18,2024,18,ricciardo,tsunoda,0.11749879037657363,-0.40593891861766085
2024-18,2024,18,max_verstappen,perez,1.5332406476923037,0.7570551485531996
2024-19,2024,19,gasly,ocon,0.5299530552508176,0.4654100374176933
2024-19,2024,19,alonso,stroll,0.22285912828459775,0.20820741094691597
2024-19,2024,19,leclerc,sainz,0.12436647723407646,-0.09493398486358179
2024-19,2024,19,hulkenberg,kevin_magnussen,0.41544803619249326,-0.05719820756834989
2024-19,2024,19,bottas,zhou,0.17419266501184572,0.08068797549989576
2024-19,2024,19,norris,piastri,0.16030756826109804,0.26456170754425473
2024-19,2024,19,lawson,tsunoda,0.4727839641558005,0.4873522743554405
2024-19,2024,19,max_verstappen,perez,0.4970201482201557,0.5376043336467903
2024-19,2024,19,albon,colapinto,-0.8207126514642222,0.011695098172412044
2024-20,2024,20,gasly,ocon,0.40357515726976123,0.604785839895313
2024-20,2024,20,leclerc,sainz,-0.13264284981106456,-0.2523578575045155
2024-20,2024,20,hulkenberg,kevin_magnussen,-0.4609136572249639,-0.0790611209536974
2024-20,2024,20,bottas,zhou,0.23305199767450357,0.8735140609842262
2024-20,2024,20,norris,piastri,0.3867513518714899,1.4172668474272985
2024-20,2024,20,hamilton,russell,0.15240202688887972,-0.14498384416693993
2024-20,2024,20,max_verstappen,perez,1.6096051041211055,1.0465467829838673
2024-22,2024,22,alonso,stroll,0.25487469518576056,0.2394804632893907
2024-22,2024,22,leclerc,sainz,0.10567429922935778,-0.3284393482645454
2024-22,2024,22,hulkenberg,kevin_magnussen,-0.16697972663490024,0.13595405017546763
2024-22,2024,22,bottas,zhou,-0.12856281543343684,-0.3723964432852691
2024-22,2024,22,norris,piastri,0.3325346613803788,-0.08059187103087884
2024-22,2024,22,hamilton,russell,0.27195498159572384,0.09345920925802872
2024-22,2024,22,lawson,tsunoda,-0.1956760374225337,-0.78206885733742
2024-22,2024,22,max_verstappen,perez,0.6269897868268781,0.9132970755358023
2024-23,2024,23,leclerc,sainz,0.0841168202148126,0.23348765649342526
2024-23,2024,23,bottas,zhou,-1.190310332482602,-0.03360635084790324
2024-23,2024,23,hamilton,russell,-0.6145900654333192,-0.4862544729956856
2024-23,2024,23,lawson,tsunoda,-0.008841064391562181,-0.05704749054727776
2024-23,2024,23,max_verstappen,perez,0.9706552306625241,0.9104879321343897
2024-24,2024,24,doohan,gasly,-0.8242527628669782,-0.664470125067498
2024-24,2024,24,alonso,stroll,0.4221185424034015,0.2700861940246187
2024-24,2024,24,leclerc,sainz,-0.13004598341531828,-0.3974241761522561
2024-24,2024,24,hulkenberg,kevin_magnussen,0.7675318639071755,0.44767280606079113
2024-24,2024,24,bottas,zhou,0.5635942521575569,0.4768144979359936
2024-24,2024,24,norris,piastri,0.36243856434566873,0.121469434107219
2024-24,2024,24,hamilton,russell,0.25249762305007134,-0.2494555645636668
2024-24,2024,24,lawson,tsunoda,0.2307374158862281,-0.030562997795178442
2024-24,2024,24,albon,colapinto,-0.18538117998434944,0.10850579066522184
2025-02,2025,2,doohan,gasly,-0.10005873225346429,-0.10864606357602435
2025-02,2025,2,hamilton,leclerc,0.18241255327140804,-0.05575263466289235
2025-02,2025,2,bearman,ocon,-0.00248872310787962,-0.15443682580547327
2025-02,2025,2,bortoleto,hulkenberg,0.5120784546779342,-0.2390499992020551
2025-02,2025,2,norris,piastri,-0.11967229503245114,0.45387935292667925
2025-02,2025,2,antonelli,russell,-0.6111084116772121,-0.41646004084642135
2025-02,2025,2,lawson,max_verstappen,-0.6817037298417155,-0.8170069084327285
2025-02,2025,2,albon,sainz,0.44704713039612276,0.20181953654592336
2025-03,2025,3,doohan,gasly,-0.4094425956769241,-0.7805171131328332
2025-03,2025,3,alonso,stroll,0.47353571933517147,1.051764120949389
2025-03,2025,3,hamilton,leclerc,-0.23484756125923134,-0.06279793544083062
2025-03,2025,3,bearman,ocon,0.4476213721536535,0.5290419519708938
2025-03,2025,3,antonelli,russell,0.0701342199741104,-0.2710540164619941
2025-03,2025,3,hadjar,lawson,0.6818514327385468,0.23064745882820664
2025-03,2025,3,albon,sainz,0.4668607272864369,0.025077707868825603
2025-04,2025,4,,,"driver_id
    0.0
    0.0
Name: pace, dtype: float64",
2025-04,2025,4,,,"driver_id
    0.0
    0.0
Name: pace, dtype: float64",
2025-04,2025,4,,,"driver_id
    0.0
    0.0
Name: pace, dtype: float64",
2025-04,2025,4,,,"driver_id
    0.0
    0.0
Name: pace, dtype: float64",
2025-04,2025,4,,,"driver_id
    0.0
    0.0
Name: pace, dtype: float64",
2025-05,2025,5,alonso,stroll,0.6032905875724437,0.109485148611401
2025-05,2025,5,hamilton,leclerc,-0.6235769935864965,-0.26823074820104326
2025-05,2025,5,bearman,ocon,0.4502510228679486,0.626029472675391
2025-05,2025,5,bortoleto,hulkenberg,-0.07753190286601663,-0.7630027366734808
2025-05,2025,5,norris,piastri,0.09306844834561478,0.09120272568280718
2025-05,2025,5,antonelli,russell,-0.25244287483968453,-0.2269138986270423
2025-05,2025,5,hadjar,lawson,-0.005699136584990994,-0.13417809908523856
2025-07,2025,7,alonso,stroll,0.22077347468846598,0.16104338450714245
2025-07,2025,7,hamilton,leclerc,-0.3043050196143088,-0.14248245174391277
2025-07,2025,7,bearman,ocon,0.496303078583921,-0.3973144201812151
2025-07,2025,7,bortoleto,hulkenberg,-0.4854266819444881,0.23289599557341883
2025-07,2025,7,norris,piastri,0.23079215561394473,-0.3902913423105774
2025-08,2025,8,alonso,stroll,0.0801673472801605,1.232709023986844
2025-08,2025,8,hamilton,leclerc,-1.1740434346667343,-0.4542711361451157
2025-08,2025,8,bortoleto,hulkenberg,1.5254631716522016,-0.04312353568529946
2025-08,2025,8,norris,piastri,-0.051833275245750654,0.2498520035092664
2025-08,2025,8,antonelli,russell,-2.324799063098299,-0.5202714909591567
2025-08,2025,8,hadjar,lawson,-0.22897080854091723,0.2900348385187718
2025-08,2025,8,albon,sainz,0.26692890732796415,0.4977889772076534
2025-09,2025,9,colapinto,gasly,-1.0079503378713324,-0.3455933501461517
2025-09,2025,9,hamilton,leclerc,-0.24198378775509927,0.066233392328996
2025-09,2025,9,bearman,ocon,0.03305210713232842,0.1736455743109742
2025-09,2025,9,bortoleto,hulkenberg,-0.42783912152606196,0.19831100286582065
2025-09,2025,9,norris,piastri,-0.053295014434772386,-0.2916939144741164
2025-09,2025,9,antonelli,russell,-0.0733153343305053,-0.24553091125494203
2025-09,2025,9,hadjar,lawson,0.1095328480534048,0.13954515012951063
2025-09,2025,9,max_verstappen,tsunoda,1.6313438508370457,0.8031072765371238
2025-11,2025,11,colapinto,gasly,0.11796722963532669,-0.5115201405820758
2025-11,2025,11,hamilton,leclerc,-0.2633141457453515,-0.13945490894485119
2025-11,2025,11,bearman,ocon,-0.1840862785978834,0.22361437386079186
2025-11,2025,11,bortoleto,hulkenberg,-0.07474929238118988,0.7389365752935113
2025-11,2025,11,norris,piastri,0.06835531457333482,0.4535714898890817
2025-11,2025,11,hadjar,lawson,-0.5850517080842491,-0.1773789638430356
2025-14,2025,14,,,"driver_id
    0.0
    0.0
Name: pace, dtype: float64",
2025-14,2025,14,,,"driver_id
    0.0
    0.0
Name: pace, dtype: float64",
2025-14,2025,14,,,"driver_id
    0.0
    0.0
Name: pace, dtype: float64",
2025-14,2025,14,,,"driver_id
    0.0
    0.0
Name: pace, dtype: float64",
2025-14,2025,14,,,"driver_id
    0.0
    0.0
Name: pace, dtype: float64",
2025-14,2025,14,,,"driver_id
    0.0
    0.0
Name: pace, dtype: float64",
2025-14,2025,14,,,"driver_id
    0.0
    0.0
Name: pace, dtype: float64",
2025-14,2025,14,,,"driver_id
    0.0
    0.0
Name: pace, dtype: float64",
2025-14,2025,14,,,"driver_id
    0.0
    0.0
Name: pace, dtype: float64",
2025-15,2025,15,norris,piastri,0.21584879906492405,-0.017475388871880826
2025-15,2025,15,antonelli,russell,0.5211537942498959,-0.2508062423717136
2025-15,2025,15,hadjar,lawson,0.6710345368835596,-0.0806788593127403
2025-15,2025,15,albon,sainz,0.11917709327375614,0.005123789953416308
2025-16,2025,16,colapinto,gasly,0.007490339363197762,0.138667688293306
2025-16,2025,16,hamilton,leclerc,-0.10715824286790077,-0.09532530479644306
2025-16,2025,16,bearman,ocon,0.5317592315068547,0.24424207410819823
2025-16,2025,16,norris,piastri,0.02705213239916482,0.1431730167091317
2025-16,2025,16,antonelli,russell,-0.24247741259628164,-0.05430767324065234
2025-16,2025,16,hadjar,lawson,-0.057811761602877265,0.4519471349755183
2025-16,2025,16,max_verstappen,tsunoda,1.958447845185728,0.3695463079399959
2025-17,2025,17,colapinto,gasly,-0.049788791140541466,0.3496541018987209
2025-17,2025,17,alonso,stroll,0.007071295271863232,0.5337196237730651
2025-17,2025,17,bearman,ocon,0.8026722350305793,
2025-17,2025,17,bortoleto,hulkenberg,-0.1714620268060032,0.39430116267346593
2025-17,2025,17,antonelli,russell,-0.18301254321666294,-0.00887053455409062
2025-17,2025,17,hadjar,lawson,0.1222346661070477,-0.10827625280215292
2025-17,2025,17,max_verstappen,tsunoda,0.43215476842361467,0.9976614333401502
2025-17,2025,17,albon,sainz,-0.15510496526773054,-1.107499704881147
2025-19,2025,19,colapinto,gasly,0.2851542873143358,-0.4438770572861428
2025-19,2025,19,hamilton,leclerc,-0.26305928131108125,-0.11307406478338505
2025-19,2025,19,bearman,ocon,0.10100125714504493,0.2286541779069425
2025-19,2025,19,bortoleto,hulkenberg,-0.4914030145046333,-0.6116943986219805
2025-19,2025,19,norris,piastri,0.5722496253438207,0.3044895700570243
2025-19,2025,19,antonelli,russell,0.0025071386605342028,-0.20341312711541254
2025-19,2025,19,hadjar,lawson,0.2934810984062446,
2025-19,2025,19,max_verstappen,tsunoda,0.9011472863455594,0.7999350675560366
2025-20,2025,20,colapinto,gasly,0.2383272899145008,-0.1597773765330756
2025-20,2025,20,alonso,stroll,0.5592925418393475,0.483086486965948
2025-20,2025,20,hamilton,leclerc,-0.0917706145545254,0.26123999287321453
2025-20,2025,20,bearman,ocon,0.16508251647315597,-0.027197923282586092
2025-20,2025,20,bortoleto,hulkenberg,0.9394766831132886,-0.2081946660216856
2025-20,2025,20,norris,piastri,0.2717302580819787,0.634034636148454
2025-20,2025,20,antonelli,russell,0.12445908934656136,-0.3078731803694709
2025-20,2025,20,max_verstappen,tsunoda,0.7832925297155187,0.2399214770855443
2025-20,2025,20,albon,sainz,-0.2134209593848806,-0.4125156986781882
2025-21,2025,21,alonso,stroll,-0.45505241766000376,0.014311959024277662
2025-21,2025,21,bearman,ocon,0.3751099752654481,0.7796004681097273
2025-21,2025,21,norris,piastri,0.022929094627061775,0.38972997518721886
2025-21,2025,21,antonelli,russell,0.05011176059445886,0.15180377268945588
2025-21,2025,21,hadjar,lawson,-0.17544652221134177,0.035665627986119
2025-21,2025,21,max_verstappen,tsunoda,0.7165749638299881,0.4365271894972002
2025-21,2025,21,albon,sainz,0.5170024824559711,0.34734915182576664
2025-22,2025,22,colapinto,gasly,-0.4583863701772892,-1.034010300687488
2025-22,2025,22,hamilton,leclerc,-0.5504415811523893,-1.9842930375340537
2025-22,2025,22,bearman,ocon,-0.2485194145197589,-0.6460754162564984
2025-22,2025,22,antonelli,russell,0.7115116773725192,-2.7632086893430237
2025-22,2025,22,hadjar,lawson,0.5998106502685903,-0.4501050523634381
2025-22,2025,22,max_verstappen,tsunoda,1.0431109192704755,2.9013222574452024
2025-22,2025,22,albon,sainz,0.12965354851759203,-1.1657776351177447
2025-23,2025,23,colapinto,gasly,-0.557131256693943,-0.5635976307209924
2025-23,2025,23,alonso,stroll,-0.28056221938374737,0.5691112505177717
2025-23,2025,23,norris,piastri,-0.20377043791653948,-0.13594997121657693
2025-23,2025,23,albon,sainz,-0.1438681694064723,-0.3025974406749022
2025-24,2025,24,colapinto,gasly,-0.15631715571978178,-0.5043091987064727
2025-24,2025,24,alonso,stroll,-0.33487295309529386,0.28945193706623396
2025-24,2025,24,norris,piastri,0.27625138597352683,0.035184567683779144
2025-24,2025,24,antonelli,russell,0.004672228658036293,0.0013851602242906658
2025-24,2025,24,hadjar,lawson,-0.09765066947027079,-0.016639855733365155
2025-24,2025,24,max_verstappen,tsunoda,1.2801699047413142,0.47624139719229786
2026-01,2026,1,colapinto,gasly,-0.36616470063552387,-0.513558825292938
2026-01,2026,1,hamilton,leclerc,0.06724546243352225,-0.19017039199943386
2026-01,2026,1,bearman,ocon,0.8370050494312722,-0.18928536955232947
2026-01,2026,1,antonelli,russell,0.05859207085583118,-0.6327016919966814
2026-01,2026,1,arvid_lindblad,lawson,0.4685302156752622,0.10192667134765689
2026-01,2026,1,albon,sainz,-0.09727955818760825,
2026-02,2026,2,colapinto,gasly,-0.617975917399185,-0.10778762090952729
2026-02,2026,2,bottas,perez,0.24801302012046555,1.5285570721432589
2026-02,2026,2,hamilton,leclerc,0.12357695679968306,-0.08754249341864273
2026-02,2026,2,bearman,ocon,0.7439265830733945,0.33554739089772445
2026-02,2026,2,antonelli,russell,-0.13797879194233292,0.08650238961586232
2026-02,2026,2,arvid_lindblad,lawson,-0.09655726742967397,0.11377588926768088
2026-02,2026,2,hadjar,max_verstappen,-0.6278383593099219,-0.22988638772252196
2026-03,2026,3,alonso,stroll,-0.6981652525667212,0.2953129335426201
2026-03,2026,3,bottas,perez,-0.7665698090662918,-0.1343911417425503
2026-03,2026,3,norris,piastri,-0.02305041898359765,-0.3102931228686824
2026-03,2026,3,hadjar,max_verstappen,-0.4694528548149174,0.008673066226863826
2026-03,2026,3,albon,sainz,-0.03491310984885776,-0.17690854269115458
2026-06,2026,6,colapinto,gasly,-0.6158766571460601,-0.22747047507918922
2026-06,2026,6,alonso,stroll,0.06097525507242363,0.940499634449963
2026-06,2026,6,bortoleto,hulkenberg,-0.8765016060546694,-1.02284783391493
2026-06,2026,6,bottas,perez,-2.1058041378347325,-0.7145268019039441
2026-06,2026,6,hamilton,leclerc,-0.1045756777852791,-0.2196174050965798
2026-06,2026,6,bearman,ocon,-0.5861678965537322,-0.12304730848466638
2026-06,2026,6,antonelli,russell,0.8411922287939184,0.7318008292572128
2026-06,2026,6,arvid_lindblad,lawson,0.19814710834932325,-0.6513530065262298
2026-06,2026,6,albon,sainz,-0.2772458034977556,0.037131083021065825
2026-07,2026,7,colapinto,gasly,0.1257170513280481,0.05179119032615955
2026-07,2026,7,hamilton,leclerc,0.5852906628233268,0.13272165584675713
2026-07,2026,7,bearman,ocon,0.09901516681003741,0.6534609699423207
2026-07,2026,7,norris,piastri,0.44369633367903333,0.11859473310368832
2026-07,2026,7,antonelli,russell,-0.06706457070391014,-0.34279570003105264
2026-07,2026,7,arvid_lindblad,lawson,-0.09342522484088978,-0.006412469208292443
2026-07,2026,7,hadjar,max_verstappen,-0.6588607710177217,-0.0981810406203647
2026-07,2026,7,albon,sainz,-0.4763745813225748,-0.7038038189440581
2026-08,2026,8,colapinto,gasly,-0.4005106055544697,-0.5942548198111134
2026-08,2026,8,alonso,stroll,-0.40566002982158755,0.6001229657060998
2026-08,2026,8,bortoleto,hulkenberg,-0.06385793896859182,0.2585008201507347
2026-08,2026,8,hamilton,leclerc,-0.24547463428315514,0.05372172277473841
2026-08,2026,8,bearman,ocon,0.34460325658558544,0.3419632773223802
2026-08,2026,8,norris,piastri,-0.014658136439037572,0.013532511880390993
2026-08,2026,8,antonelli,russell,0.10510185297344321,0.3230102552737194
2026-08,2026,8,arvid_lindblad,lawson,-0.16292288481231443,-0.07763395979714782
2026-08,2026,8,hadjar,max_verstappen,-0.4824133369658311,-0.0014835144457551186
2026-09,2026,9,colapinto,gasly,-0.06022936919023825,-1.074509694156761
2026-09,2026,9,alonso,stroll,0.28477360188782797,-0.1742985464505189
2026-09,2026,9,bottas,perez,-0.5502836928752979,0.2452403817280977
2026-09,2026,9,hamilton,leclerc,-0.23794836819577303,-0.1946318452642165
2026-09,2026,9,bearman,ocon,0.14387609088253095,0.12137932524712147
2026-09,2026,9,norris,piastri,0.16220410242415106,-0.184769454753487
2026-09,2026,9,antonelli,russell,0.5487439262466508,0.41904564355220786
2026-09,2026,9,arvid_lindblad,lawson,-0.06749247466441177,0.1174805592929723
2026-09,2026,9,hadjar,max_verstappen,-0.4778699322338448,0.16550423449217122
2026-09,2026,9,albon,sainz,-0.5048214543065233,-0.4365281991711054
2026-10,2026,10,hamilton,leclerc,-0.0719084788716185,-0.0019066867504913486
2026-10,2026,10,bearman,ocon,0.2333940751186434,0.6402582896112896
2026-10,2026,10,norris,piastri,0.7905485535842252,0.2055654957158386
2026-10,2026,10,arvid_lindblad,lawson,0.8499100972294782,0.37762949047582317
2026-10,2026,10,hadjar,max_verstappen,-0.10534230931174415,-0.17295090480535846
2026-10,2026,10,albon,sainz,-0.4636526411710731,-0.037348273076540206
2026-11,2026,11,colapinto,gasly,-0.336166299717205,-0.13472484084920494
2026-11,2026,11,alonso,stroll,-0.2503646452596384,0.6629995987376616
2026-11,2026,11,bortoleto,hulkenberg,0.5844770516170997,-0.4683489572534148
2026-11,2026,11,hamilton,leclerc,0.2749321339789513,0.2922466260433945
2026-11,2026,11,bearman,ocon,-0.7986556222469647,-0.2783274701022298
2026-11,2026,11,norris,piastri,0.21639828928952226,0.615918946794518
2026-11,2026,11,antonelli,russell,0.4507849129154554,0.16499350115041406
2026-11,2026,11,arvid_lindblad,lawson,0.13014831538035176,0.21230086366592776
2026-11,2026,11,hadjar,max_verstappen,-0.6238540052265915,-0.1245156123012644
2026-11,2026,11,albon,sainz,0.23704903995130788,-0.045883221807089924
2026-13,2026,13,colapinto,gasly,-0.27179590369333584,-0.3927605868525831
2026-13,2026,13,bortoleto,hulkenberg,0.0033131023696293393,0.45540451775146795
2026-13,2026,13,bottas,perez,0.09391642436354264,0.2734392887391317
2026-13,2026,13,bearman,ocon,0.8698535447504874,0.756549504888793
2026-13,2026,13,antonelli,russell,-0.12102163711066682,0.02537197135705091
2026-13,2026,13,arvid_lindblad,tsunoda,0.4790480916763622,1.2349840411855537
2026-13,2026,13,lawson,max_verstappen,-0.553758584610683,-0.5997751265104581
2026-13,2026,13,albon,sainz,-0.034075306052844256,-0.881104931131605
2026-14,2026,14,colapinto,gasly,-0.31091541113311094,0.5331474918926216
2026-14,2026,14,bortoleto,hulkenberg,-0.07230897594996777,0.14034608574957047
2026-14,2026,14,bottas,perez,-1.4803091283198877,-2.1638186694505244
2026-14,2026,14,bearman,ocon,0.1959819039147801,
2026-14,2026,14,norris,piastri,0.926428944925514,0.38441461555776846
2026-14,2026,14,antonelli,russell,-0.18181397502085672,0.2793343094673275
2026-14,2026,14,arvid_lindblad,tsunoda,0.1264571647133459,0.45449575003475456
2026-14,2026,14,lawson,max_verstappen,-0.7868243350000877,-0.3768679107275685
2026-14,2026,14,albon,sainz,0.8161916739771153,0.005246066762635504
2026-15,2026,15,colapinto,gasly,-0.431739138092145,-0.5887562034158765
2026-15,2026,15,bottas,perez,-1.539098639684606,-1.518535981558553
2026-15,2026,15,hamilton,leclerc,-0.24795429134978972,-0.24733311616817016
2026-15,2026,15,bearman,ocon,0.10260262920131868,0.024990543559390857
2026-15,2026,15,norris,piastri,-0.1699276358463226,-0.19823519487686156
2026-15,2026,15,antonelli,russell,-0.43189271816188524,-1.8066759899869484
2026-15,2026,15,arvid_lindblad,lawson,-0.051145558000945224,-0.04414701732070725
