driver_id,gained_per_start_median,q05,q95,starts,gained_per_start_no_contact
max_verstappen,0.6030309,0.34891495,0.87639123,180,0.6061995
leclerc,0.5593886,0.30619562,0.8435205,180,0.5644333
lawson,0.49315867,0.096466914,0.91018724,49,0.4999563
stroll,0.48973814,0.1921985,0.77844423,177,0.49233502
alonso,0.41899127,0.13265686,0.7277959,148,0.43367326
kevin_magnussen,0.39467752,0.05333402,0.7412335,118,0.400944
vettel,0.3238014,0.0054432345,0.65282035,98,0.33501238
ocon,0.28300297,0.006321931,0.5856012,157,0.28718734
piastri,0.27360225,-0.08652838,0.6347416,81,0.2857666
kubica,0.25802135,-0.27092773,0.7840816,20,0.25826177
giovinazzi,0.2502393,-0.20607448,0.71515423,59,0.26282462
gasly,0.242946,-0.026650373,0.5202799,178,0.23339367
tsunoda,0.23901625,-0.09015283,0.573781,108,0.2566958
sainz,0.19614159,-0.06528578,0.47134307,179,0.19732833
hamilton,0.18010357,-0.08921662,0.44573194,184,0.1797682
perez,0.13329726,-0.14571661,0.42062613,153,0.14700705
aitken,0.13023487,-0.54632086,0.8262122,1,0.12586391
hulkenberg,0.12369261,-0.19425242,0.46444014,123,0.13710117
raikkonen,0.062080022,-0.34259433,0.4515631,74,0.06593236
hadjar,0.05291045,-0.4027768,0.5274103,35,0.05267799
doohan,0.047078915,-0.5116378,0.62623763,5,0.046528533
colapinto,0.03424523,-0.41109586,0.46560887,40,0.05624593
arvid_lindblad,0.019765414,-0.49826926,0.5649905,14,0.026201304
ricciardo,0.0052351025,-0.28910086,0.3004968,125,0.008124582
pietro_fittipaldi,-0.0032893573,-0.69731426,0.68821573,2,-0.0065205125
antonelli,-0.011364565,-0.44838452,0.4320021,38,-0.0071167527
sirotkin,-0.040692173,-0.62125856,0.5157926,19,-0.046868745
mick_schumacher,-0.057042226,-0.54579556,0.41767475,42,-0.07459511
albon,-0.07845697,-0.3664469,0.2222926,135,-0.091997236
norris,-0.09922235,-0.39709,0.20441085,166,-0.09832035
ericsson,-0.17075557,-0.730415,0.36303192,20,-0.17365712
sargeant,-0.17589734,-0.6240117,0.27252698,36,-0.18945424
zhou,-0.19415906,-0.5961975,0.19688146,66,-0.21046802
russell,-0.19622824,-0.49305552,0.08630446,162,-0.1961802
de_vries,-0.29551303,-0.842685,0.20016097,11,-0.3097644
bearman,-0.30481654,-0.7183442,0.09831133,42,-0.30624896
bottas,-0.30931628,-0.6070881,-0.027535232,161,-0.325086
vandoorne,-0.4578431,-1.0708841,0.09411895,20,-0.46985382
bortoleto,-0.48010433,-0.9440187,-0.015843626,37,-0.5125694
mazepin,-0.4869932,-1.0785506,0.07021404,20,-0.49206102
kvyat,-0.5197213,-1.0256478,-0.049099818,38,-0.5342721
brendon_hartley,-0.5250342,-1.134855,0.002047059,18,-0.5427185
latifi,-0.5412102,-0.960862,-0.1332297,58,-0.5397334
grosjean,-0.7500776,-1.223125,-0.2978381,51,-0.75564504
