team,constructor,q05,q25,median,q75,q95,gap_q05,gap_q25,gap_median,gap_q75,gap_q95,rank_median,rank_lo,rank_hi,p_fastest,p_top3,track_q05,track_q25,track_median,track_q75,track_q95,q05_s,q25_s,median_s,q75_s,q95_s,gap_q05_s,gap_q25_s,gap_median_s,gap_q75_s,gap_q95_s
brackley,Mercedes,0.7383210241794587,0.9031487852334976,1.0095617175102234,1.1185257136821747,1.2776754677295685,-0.23372023105621337,-0.029151558876037598,0.0,0.0,0.0,1.0,1,3,0.7011666666666667,0.9816666666666667,-0.059306077845394614,-0.015596943907439709,0.015380974858999252,0.046484844759106636,0.09149861484766006,0.6644889217615129,0.8128339067101479,0.908605545759201,1.0066731423139572,1.1499079209566117,-0.21034820795059203,-0.026236402988433837,0.0,0.0,0.0
ferrari,Ferrari,0.5381652027368545,0.6952221095561981,0.8027172684669495,0.908883199095726,1.0665616810321807,-0.6002740174531936,-0.3728806674480438,-0.2299938201904297,-0.08336979150772095,0.0,2.0,1,4,0.14033333333333334,0.8458333333333333,-0.09697545245289803,-0.0532480338588357,-0.021466045640408993,0.007710774312727153,0.05275368839502335,0.4843486824631691,0.6256998986005783,0.7224455416202545,0.8179948791861534,0.9599055129289626,-0.5402466157078742,-0.33559260070323943,-0.2069944381713867,-0.07503281235694885,0.0
mclaren,McLaren,0.48383171409368514,0.6519050449132919,0.7688873708248138,0.8907968699932098,1.0585746824741364,-0.6474160194396973,-0.4204915016889572,-0.2660570740699768,-0.1018102616071701,0.0,3.0,1,4,0.135,0.7683333333333333,-0.0931074384599924,-0.04883108101785183,-0.01691034808754921,0.01383779477328062,0.057944202050566704,0.43544854268431665,0.5867145404219628,0.6919986337423325,0.8017171829938888,0.9527172142267228,-0.5826744174957276,-0.3784423515200615,-0.23945136666297914,-0.0916292354464531,0.0
red_bull,Red Bull,0.39306032508611677,0.5348413437604904,0.6328516900539398,0.7271870076656342,0.8684857070446015,-0.7664589732885361,-0.5525695383548737,-0.41745975613594055,-0.27413973212242126,-0.08113708794116972,4.0,2,5,0.023333333333333334,0.3903333333333333,-0.11231774911284446,-0.07084059156477451,-0.038113970309495926,-0.007286165724508464,0.03909942023456099,0.3537542925775051,0.4813572093844414,0.5695665210485459,0.6544683068990708,0.7816371363401413,-0.6898130759596824,-0.4973125845193863,-0.3757137805223465,-0.24672575891017914,-0.07302337914705276
enstone,Alpine F1 Team,0.026985282264649864,0.17759377881884575,0.28006333112716675,0.3924834728240967,0.5411203950643539,-1.1330538094043732,-0.912031501531601,-0.7626466453075409,-0.6201827675104141,-0.4075708970427513,5.0,4,7,0.00016666666666666666,0.012666666666666666,-0.03750575352460146,0.007453813799656928,0.040317630395293236,0.07208769768476486,0.11576748639345175,0.02428675403818488,0.1598344009369612,0.2520569980144501,0.353235125541687,0.48700835555791855,-1.019748428463936,-0.8208283513784409,-0.6863819807767868,-0.5581644907593727,-0.3668138073384762
faenza,RB F1 Team,-0.1390879489481449,0.013773726997897029,0.11556229367852211,0.21640074625611305,0.3619027644395829,-1.3026335954666137,-1.0778176188468933,-0.9290571510791779,-0.789149209856987,-0.5883556306362152,6.0,5,8,0.0,0.0003333333333333333,0.026910859532654284,0.07152317464351654,0.10301389917731285,0.1358167864382267,0.18357473462820054,-0.12517915405333044,0.012396354298107327,0.1040060643106699,0.19476067163050176,0.32571248799562463,-1.1723702359199524,-0.970035856962204,-0.8361514359712601,-0.7102342888712884,-0.5295200675725937
hinwil,Audi,-0.2416785590350628,-0.06378849968314171,0.05505372956395149,0.17500527948141098,0.34140829592943195,-1.387587994337082,-1.149093359708786,-0.9917419850826263,-0.8351423442363739,-0.6109998852014542,7.0,5,8,0.0,0.0006666666666666666,-0.03476252369582653,0.015841750893741846,0.04811213165521622,0.08060983940958977,0.13000656664371493,-0.21751070313155652,-0.05740964971482754,0.04954835660755635,0.1575047515332699,0.30726746633648877,-1.2488291949033739,-1.0341840237379074,-0.8925677865743638,-0.7516281098127365,-0.5498998966813088
haas,Haas F1 Team,-0.48959887474775315,-0.3186159282922745,-0.20545681565999985,-0.08596230857074261,0.08937571719288838,-1.6466257929801942,-1.4051628410816193,-1.2491258382797241,-1.0912696719169617,-0.8745791077613829,8.0,6,9,0.0,0.00016666666666666666,-0.0681603629142046,-0.020709116477519274,0.013453351333737373,0.04729096405208111,0.09495668075978757,-0.44063898727297784,-0.286754335463047,-0.18491113409399987,-0.07736607771366835,0.08043814547359954,-1.4819632136821748,-1.2646465569734573,-1.1242132544517518,-0.9821427047252655,-0.7871211969852446
williams,Williams,-0.8681262999773025,-0.7039767354726791,-0.5918599367141724,-0.4721883162856102,-0.2958635926246643,-2.0205238342285154,-1.7867393791675568,-1.6374430656433105,-1.486158847808838,-1.259260106086731,9.0,8,9,0.0,0.0,-0.10311764441430568,-0.05482531804591417,-0.02174126636236906,0.010346863884478807,0.058061234280467076,-0.7813136699795723,-0.6335790619254112,-0.5326739430427552,-0.4249694846570492,-0.26627723336219783,-1.8184714508056639,-1.608065441250801,-1.4736987590789796,-1.337542963027954,-1.133334095478058
silverstone,Aston Martin,-1.8064505100250243,-1.5600424408912659,-1.3848456144332886,-1.2187453210353851,-1.0002170801162718,-2.9385633945465086,-2.642601728439331,-2.434760570526123,-2.234705865383148,-1.9655217826366425,10.0,10,11,0.0,0.0,-0.2592800408601761,-0.194914098829031,-0.15478438138961792,-0.114190224558115,-0.052854246087372256,-1.625805459022522,-1.4040381968021394,-1.2463610529899598,-1.0968707889318468,-0.9001953721046446,-2.6447070550918577,-2.378341555595398,-2.191284513473511,-2.0112352788448336,-1.7689696043729783
cadillac,Cadillac F1 Team,-1.8230562150478362,-1.6217547357082367,-1.4824541807174683,-1.3463528454303741,-1.15160591006279,-2.9570189714431763,-2.707768976688385,-2.534001588821411,-2.3573402166366577,-2.1187743306159974,11.0,10,11,0.0,0.0,-0.057821528241038325,-0.0037187712732702494,0.03230531886219978,0.07080122083425522,0.1261260859668255,-1.6407505935430526,-1.459579262137413,-1.3342087626457215,-1.2117175608873367,-1.036445319056511,-2.6613170742988586,-2.4369920790195465,-2.2806014299392703,-2.121606194972992,-1.9068968975543976
