driver_id,team,q05,q25,median,q75,q95,rank_median,rank_lo,rank_hi,p_fastest,p_top3,team_effect_q05,team_effect_q25,team_effect_median,team_effect_q75,team_effect_q95,in_team_q05,in_team_q25,in_team_median,in_team_q75,in_team_q95,in_team_rank_median,in_team_rank_lo,in_team_rank_hi,in_team_p_fastest,in_team_p_top3,in_team_rank,name,events,seasons,teammates,teams,q05_s,q25_s,median_s,q75_s,q95_s,in_team_q05_s,in_team_q25_s,in_team_median_s,in_team_q75_s,in_team_q95_s,team_effect_q05_s,team_effect_q25_s,team_effect_median_s,team_effect_q75_s,team_effect_q95_s
max_verstappen,Red Bull,-0.05671507716178894,0.07930890843272209,0.1753389984369278,0.27235978096723557,0.41351543366909027,3.0,1,15,0.239,0.5058333333333334,-0.05290774237364531,0.05225981306284666,0.12492324411869049,0.20069292187690735,0.305702269077301,0.1349156267940998,0.23277803882956505,0.301925390958786,0.3705742582678795,0.47234468460083007,1.0,1,6,0.5208333333333334,0.8363333333333334,1,Max Verstappen,241,12,8,2,-0.051043569445610046,0.07137801758944988,0.15780509859323502,0.24512380287051203,0.3721638903021813,0.12142406411468983,0.20950023494660855,0.2717328518629074,0.33351683244109154,0.42511021614074707,-0.04761696813628078,0.047033831756562,0.11243091970682144,0.1806236296892166,0.27513204216957093
hadjar,Red Bull,-0.11560184992849827,-0.017862513195723295,0.051711974665522575,0.12566790357232094,0.24070806577801704,9.0,2,18,0.022,0.12666666666666668,-0.06593564823269844,0.04635480418801308,0.12666090577840805,0.2085687592625618,0.3275087296962738,-0.003361851884983481,0.10770265758037567,0.18298345059156418,0.25913484394550323,0.3682876199483872,4.0,2,12,0.030666666666666665,0.4036666666666667,2,Isack Hadjar,33,2,3,2,-0.10404166493564844,-0.016076261876150966,0.04654077719897032,0.11310111321508885,0.21663725920021534,-0.003025666696485133,0.09693239182233811,0.16468510553240776,0.2332213595509529,0.3314588579535485,-0.0593420834094286,0.04171932376921177,0.11399481520056724,0.18771188333630562,0.29475785672664645
sainz,Williams,-0.023289411235600712,0.09291918948292732,0.17994866520166397,0.26704906672239304,0.3970512166619301,3.0,1,13,0.23233333333333334,0.5211666666666667,-0.2343436673283577,-0.11277777329087257,-0.03157716989517212,0.053782643750309944,0.17091725543141367,-0.054617797955870635,0.0661034993827343,0.15119145065546036,0.23347825556993484,0.3572188958525658,5.0,1,14,0.10366666666666667,0.33266666666666667,3,Carlos Sainz,241,12,7,5,-0.020960470112040643,0.08362727053463459,0.1619537986814976,0.24034416005015374,0.3573460949957371,-0.049156018160283574,0.05949314944446087,0.13607230558991432,0.21013043001294138,0.3214970062673092,-0.21090930059552193,-0.10149999596178531,-0.028419452905654907,0.04840437937527895,0.1538255298882723
norris,McLaren,-0.20984075590968132,-0.05760700907558203,0.05188979580998421,0.1631672941148281,0.32748486995697024,8.5,1,21,0.0835,0.23083333333333333,-0.1046449426561594,0.005904990015551448,0.07950794324278831,0.1549953706562519,0.2681765958666802,-0.1074620820581913,0.02962070144712925,0.13592799752950668,0.23717035353183746,0.3848909348249436,6.0,1,16,0.117,0.32283333333333336,4,Lando Norris,166,8,3,1,-0.1888566803187132,-0.051846308168023825,0.04670081622898579,0.14685056470334532,0.29473638296127325,-0.09671587385237217,0.026658631302416327,0.12233519777655602,0.21345331817865373,0.3464018413424492,-0.09418044839054346,0.005314491013996303,0.07155714891850949,0.13949583359062673,0.24135893628001218
leclerc,Ferrari,-0.19735587388277054,-0.050303906202316284,0.05281980149447918,0.1535297930240631,0.29943806380033494,9.0,1,21,0.062,0.2005,-0.1466942921280861,-0.030121675692498684,0.04410114884376526,0.1232412401586771,0.24126559942960749,-0.10928833223879338,0.014430336421355605,0.09855901822447777,0.18376348912715912,0.30007932633161544,7.0,2,16,0.049,0.1975,5,Charles Leclerc,187,9,5,2,-0.1776202864944935,-0.04527351558208466,0.04753782134503126,0.1381768137216568,0.2694942574203015,-0.09835949901491405,0.012987302779220045,0.08870311640202999,0.1653871402144432,0.2700713936984539,-0.13202486291527749,-0.027109508123248815,0.039691033959388736,0.1109171161428094,0.21713903948664673
antonelli,Mercedes,-0.1367889441549778,-0.01734569249674678,0.05146721191704273,0.12476940266788006,0.24395998269319535,9.0,2,18,0.029166666666666667,0.13833333333333334,-0.20608027279376984,-0.08160817623138428,0.00154976942576468,0.08012248761951923,0.20022047832608222,-0.15978851169347763,-0.03735598176717758,0.05141711235046387,0.13983045518398285,0.2739089220762253,9.0,2,18,0.031,0.121,6,Andrea Kimi Antonelli,38,2,1,1,-0.12311004973948003,-0.015611123247072102,0.04632049072533846,0.11229246240109206,0.2195639844238758,-0.14380966052412988,-0.033620383590459824,0.04627540111541748,0.12584740966558458,0.24651802986860277,-0.18547224551439287,-0.07344735860824585,0.001394792483188212,0.07211023885756732,0.180198430493474
piastri,McLaren,-0.22174098938703538,-0.09874113462865353,-0.012209747917950153,0.07081606984138489,0.2110911153256894,12.0,3,21,0.018,0.07333333333333333,-0.149454165995121,-0.033807991072535515,0.050516098737716675,0.12955910339951515,0.2542053356766701,-0.20507852286100386,-0.06343825906515121,0.04049168899655342,0.14166563376784325,0.2829927384853363,10.0,3,20,0.005666666666666667,0.10366666666666667,7,Oscar Piastri,84,4,1,1,-0.19956689044833184,-0.08886702116578818,-0.010988773126155139,0.0637344628572464,0.18998200379312044,-0.18457067057490348,-0.0570944331586361,0.03644252009689808,0.12749907039105893,0.25469346463680265,-0.13450874939560892,-0.030427191965281965,0.04546448886394501,0.11660319305956364,0.2287848021090031
bortoleto,Audi,-0.18767210692167283,-0.07607793062925339,-0.0026301199104636908,0.07387463562190533,0.19896575137972836,12.0,3,20,0.015666666666666666,0.07283333333333333,-0.1576377622783184,-0.042910694144666195,0.03838563710451126,0.12309413962066174,0.2431602463126183,-0.1794132709503174,-0.0509162126109004,0.039651576429605484,0.13231880962848663,0.2653474882245064,10.0,2,19,0.030166666666666668,0.12633333333333333,8,Gabriel Bortoleto,37,2,1,1,-0.16890489622950555,-0.06847013756632805,-0.0023671079194173216,0.0664871720597148,0.17906917624175553,-0.16147194385528565,-0.045824591349810366,0.035686418786644934,0.11908692866563797,0.23881273940205575,-0.14187398605048657,-0.03861962473019958,0.034547073394060136,0.11078472565859557,0.21884422168135648
bearman,Haas F1 Team,-0.20378467068076134,-0.08781774900853634,-0.009795287158340216,0.07366912253201008,0.19910519495606424,12.0,3,20,0.014,0.07516666666666667,-0.1524640552699566,-0.03615213092416525,0.045854225754737854,0.12953899428248405,0.2503545612096788,-0.18602146655321122,-0.05325128883123398,0.038929689675569534,0.13359522446990013,0.27054484188556693,10.0,2,19,0.03333333333333333,0.12833333333333333,9,Oliver Bearman,39,3,3,1,-0.1834062036126852,-0.0790359741076827,-0.008815758442506195,0.06630221027880907,0.1791946754604578,-0.1674193198978901,-0.04792615994811058,0.03503672070801258,0.12023570202291012,0.24349035769701025,-0.13721764974296094,-0.032536917831748724,0.04126880317926407,0.11658509485423565,0.22531910508871092
alonso,Aston Martin,-0.21473958268761636,-0.06271207332611084,0.03925788775086403,0.1393253058195114,0.2971222877502442,9.0,1,20,0.0685,0.19733333333333333,-0.22526948302984237,-0.09984556026756763,-0.01793088484555483,0.06759326532483101,0.1954125545918942,-0.2088853120803833,-0.07226918265223503,0.02407041285187006,0.12009448185563087,0.2609561651945114,11.0,2,19,0.029,0.10616666666666667,10,Fernando Alonso,299,15,6,4,-0.19326562441885473,-0.056440865993499754,0.035332098975777625,0.1253927752375603,0.2674100589752198,-0.18799678087234498,-0.06504226438701154,0.021663371566683055,0.10808503367006779,0.2348605486750603,-0.20274253472685813,-0.08986100424081088,-0.016137796360999348,0.06083393879234791,0.17587129913270477
hamilton,Ferrari,-0.21007471308112144,-0.07544002495706081,0.01532964687794447,0.10780700854957104,0.2390538260340692,11.0,2,21,0.028333333333333332,0.116,-0.21176752597093584,-0.08074978552758694,0.004402123158797622,0.08895274251699448,0.22021740078926091,-0.18584910556674003,-0.06403328664600849,0.021911898627877235,0.10360372625291348,0.224232142418623,11.0,3,19,0.004166666666666667,0.0505,11,Lewis Hamilton,339,17,5,3,-0.1890672417730093,-0.06789602246135473,0.013796682190150024,0.09702630769461394,0.21514844343066228,-0.16726419501006604,-0.057629957981407645,0.019720708765089513,0.09324335362762214,0.2018089281767607,-0.19059077337384225,-0.07267480697482824,0.0039619108429178596,0.08005746826529503,0.19819566071033481
arvid_lindblad,RB F1 Team,-0.24490199610590935,-0.1501980796456337,-0.08812641724944115,-0.017837844789028168,0.10537892393767835,16.0,6,21,0.002,0.014,-0.08729917854070664,0.026098493952304125,0.10056678205728531,0.17892662063241005,0.2925100207328796,-0.16508492901921273,-0.055098013021051884,0.020578643307089806,0.09672714211046696,0.2080867975950241,11.0,4,18,0.006333333333333333,0.0485,12,Arvid Lindblad,15,1,2,1,-0.22041179649531842,-0.13517827168107033,-0.07931377552449703,-0.01605406031012535,0.09484103154391052,-0.14857643611729146,-0.049588211718946694,0.018520778976380825,0.08705442789942026,0.1872781178355217,-0.07856926068663597,0.023488644557073713,0.09051010385155678,0.16103395856916905,0.26325901865959167
gasly,Alpine F1 Team,-0.20530608370900155,-0.06250607501715422,0.02986133750528097,0.13103346899151802,0.27361612766981125,10.0,1,20,0.051666666666666666,0.17066666666666666,-0.21410344019532204,-0.09302018396556377,-0.01715119741857052,0.06086226645857096,0.17140243649482736,-0.17248186618089675,-0.06114428490400314,0.016542207449674606,0.09411092475056648,0.2011453613638878,11.0,3,18,0.009333333333333334,0.0595,13,Pierre Gasly,189,10,8,3,-0.1847754753381014,-0.0562554675154388,0.026875203754752875,0.11793012209236622,0.24625451490283012,-0.1552336795628071,-0.05502985641360283,0.014887986704707146,0.08469983227550984,0.18103082522749903,-0.19269309617578984,-0.0837181655690074,-0.015436077676713468,0.05477603981271386,0.15426219284534462
russell,Mercedes,-0.23663393929600715,-0.09495321288704872,0.0028058295138180256,0.09886445291340351,0.23687782287597656,11.0,2,21,0.025666666666666667,0.1075,-0.2230153538286686,-0.10409470647573471,-0.02596547920256853,0.05306977313011885,0.16474510803818707,-0.2393441453576088,-0.11256548203527927,-0.025505262427031994,0.0630013570189476,0.1860007226467133,13.0,5,20,0.0021666666666666666,0.027,14,George Russell,166,8,5,2,-0.21297054536640644,-0.08545789159834385,0.002525246562436223,0.08897800762206316,0.2131900405883789,-0.21540973082184794,-0.10130893383175135,-0.022954736184328795,0.056701221317052845,0.16740065038204197,-0.20071381844580174,-0.09368523582816124,-0.02336893128231168,0.04776279581710696,0.14827059723436836
albon,Williams,-0.3256769686937332,-0.17589229717850685,-0.07710447534918785,0.022084553726017475,0.16371577456593522,16.0,4,22,0.009166666666666667,0.04583333333333333,-0.15739428699016572,-0.05156917218118906,0.024938623420894146,0.10431362874805927,0.21373934298753738,-0.2580539405345917,-0.13270558416843414,-0.05135607533156872,0.03340418078005314,0.15403805151581768,14.0,5,21,0.00016666666666666666,0.015,15,Alexander Albon,139,7,6,3,-0.29310927182435986,-0.15830306746065617,-0.06939402781426907,0.01987609835341573,0.1473441971093417,-0.23224854648113252,-0.11943502575159073,-0.046220467798411845,0.030063762702047827,0.1386342463642359,-0.14165485829114915,-0.04641225496307016,0.02244476107880473,0.09388226587325335,0.19236540868878366
bottas,Cadillac F1 Team,-0.19963285103440284,-0.055651016533374786,0.03942833095788956,0.14121852815151215,0.2800834223628044,9.0,1,20,0.057833333333333334,0.19033333333333333,-0.3313127189874649,-0.18799221143126488,-0.094020314514637,-0.003514417738188058,0.12685778960585598,-0.32266866862773896,-0.1619630753993988,-0.058267513290047646,0.051537650637328625,0.2093690797686578,14.0,3,21,0.014166666666666666,0.05483333333333333,16,Valtteri Bottas,262,13,6,4,-0.17966956593096256,-0.05008591488003731,0.035485497862100604,0.12709667533636093,0.25207508012652396,-0.29040180176496505,-0.14576676785945894,-0.05244076196104288,0.04638388557359576,0.188432171791792,-0.2981814470887184,-0.1691929902881384,-0.0846182830631733,-0.0031629759643692526,0.11417201064527038
perez,Cadillac F1 Team,-0.2517147779464722,-0.11425371468067169,-0.020976915024220943,0.07382716797292233,0.21281904578208924,13.0,3,21,0.019666666666666666,0.08466666666666667,-0.2651099368929863,-0.12858827784657478,-0.033758947625756264,0.056798831559717655,0.1968911275267601,-0.31462501287460326,-0.16563884913921356,-0.05924035422503948,0.051779141649603844,0.21344361752271654,14.0,3,21,0.013166666666666667,0.05616666666666666,17,Sergio Pérez,295,15,7,5,-0.22654330015182497,-0.10282834321260452,-0.01887922352179885,0.0664444511756301,0.19153714120388032,-0.28316251158714295,-0.1490749642252922,-0.05331631880253553,0.04660122748464346,0.1920992557704449,-0.23859894320368766,-0.1157294500619173,-0.03038305286318064,0.05111894840374589,0.1772020147740841
lawson,RB F1 Team,-0.2605333119630814,-0.14033059403300285,-0.06119544431567192,0.011355626164004207,0.12717004790902142,15.0,5,21,0.0026666666666666666,0.024166666666666666,-0.2199436329305172,-0.11364949680864811,-0.03820935636758804,0.03431172203272581,0.13883838355541234,-0.2799720525741577,-0.1749165952205658,-0.10438857600092888,-0.033394972793757915,0.0736902967095376,16.0,8,21,0.0,0.0016666666666666668,18,Liam Lawson,49,4,4,2,-0.23447998076677326,-0.12629753462970258,-0.05507589988410473,0.010220063547603787,0.11445304311811928,-0.2519748473167419,-0.1574249356985092,-0.09394971840083599,-0.030055475514382125,0.06632126703858383,-0.19794926963746548,-0.1022845471277833,-0.03438842073082924,0.030880549829453232,0.1249545451998711
hulkenberg,Audi,-0.32130618691444396,-0.18546750396490097,-0.09224460273981094,0.001300689356867224,0.13053165674209596,16.0,5,22,0.006166666666666667,0.029,-0.2135141186416149,-0.10430613346397877,-0.032570550218224525,0.03780859801918268,0.14191984757781032,-0.3489830955862999,-0.2182982787489891,-0.1262643039226532,-0.03861358109861612,0.09940291456878192,17.0,7,22,0.00016666666666666666,0.0075,19,Nico Hülkenberg,267,15,11,5,-0.28917556822299956,-0.16692075356841088,-0.08302014246582985,0.0011706204211805015,0.11747849106788637,-0.3140847860276699,-0.1964684508740902,-0.11363787353038789,-0.034752222988754515,0.08946262311190373,-0.19216270677745342,-0.0938755201175809,-0.029313495196402074,0.03402773821726442,0.1277278628200293
colapinto,Alpine F1 Team,-0.22489833012223243,-0.11214069463312626,-0.038220254704356194,0.03445393964648247,0.13647532984614374,14.0,5,21,0.0035,0.027833333333333335,-0.3432691693305969,-0.22503406554460526,-0.14329364895820618,-0.06850732117891312,0.04219443053007129,-0.3792982578277588,-0.2651878818869591,-0.18660850077867508,-0.10968405939638615,0.002795177430380144,19.0,11,22,0.0,0.0,20,Franco Colapinto,42,3,2,2,-0.2024084971100092,-0.10092662516981364,-0.03439822923392057,0.031008545681834223,0.12282779686152938,-0.3413684320449829,-0.23866909369826317,-0.16794765070080758,-0.09871565345674753,0.0025156596873421298,-0.30894225239753725,-0.20253065899014475,-0.12896428406238555,-0.0616565890610218,0.03797498747706416
ocon,Haas F1 Team,-0.3272609204053879,-0.18955214694142342,-0.09461471438407898,-0.0017196626286022365,0.1321383230388165,17.0,4,22,0.007333333333333333,0.033,-0.327973461151123,-0.1961519978940487,-0.10982538759708405,-0.02614646404981613,0.0998465407639742,-0.4410270616412163,-0.30210043489933014,-0.20871121436357498,-0.11232842318713665,0.02281686970964077,20.0,10,22,0.0,0.0006666666666666666,21,Esteban Ocon,191,10,6,4,-0.2945348283648491,-0.1705969322472811,-0.08515324294567109,-0.001547696365742013,0.11892449073493486,-0.3969243554770947,-0.27189039140939714,-0.18784009292721748,-0.10109558086842299,0.020535182738676692,-0.2951761150360107,-0.17653679810464382,-0.09884284883737564,-0.02353181764483452,0.08986188668757679
stroll,Aston Martin,-0.510494989156723,-0.33718834817409515,-0.21367794275283813,-0.09963184036314487,0.07379717119038112,21.0,7,22,0.0018333333333333333,0.015,-0.2941890597343445,-0.17590808868408203,-0.09576858952641487,-0.011591047747060657,0.10071779787540436,-0.5473958104848862,-0.40580396354198456,-0.3128758668899536,-0.2190900631248951,-0.07403686977922916,21.0,15,22,0.0,0.00016666666666666666,22,Lance Stroll,199,10,7,2,-0.4594454902410507,-0.30346951335668565,-0.19231014847755432,-0.0896686563268304,0.06641745407134302,-0.4926562294363976,-0.3652235671877861,-0.2815882802009583,-0.19718105681240558,-0.06663318280130624,-0.26477015376091007,-0.15831727981567384,-0.08619173057377338,-0.01043194297235459,0.09064601808786392
