,albon,alonso,antonelli,arvid_lindblad,bearman,bortoleto,bottas,colapinto,gasly,hadjar,hamilton,hulkenberg,lawson,leclerc,max_verstappen,norris,ocon,perez,piastri,russell,sainz,stroll
albon,0.5,0.3575,0.2768333333333333,0.33316666666666667,0.315,0.309,0.506,0.8196666666666667,0.39116666666666666,0.09,0.3401666666666667,0.6503333333333333,0.6263333333333333,0.2085,0.018,0.18083333333333335,0.7713333333333333,0.506,0.32566666666666666,0.44666666666666666,0.0065,0.9105
alonso,0.6425,0.5,0.41683333333333333,0.49666666666666665,0.4685,0.4508333333333333,0.6345,0.8853333333333333,0.5531666666666667,0.195,0.512,0.7723333333333333,0.7505,0.3575,0.06516666666666666,0.31266666666666665,0.8518333333333333,0.6338333333333334,0.476,0.578,0.27516666666666667,1.0
antonelli,0.7231666666666666,0.5831666666666667,0.5,0.5836666666666667,0.5466666666666666,0.5296666666666666,0.7043333333333334,0.9313333333333333,0.643,0.24433333333333335,0.5993333333333334,0.8305,0.8295,0.41383333333333333,0.083,0.3695,0.9036666666666666,0.699,0.5538333333333333,0.8753333333333333,0.32,0.9643333333333334
arvid_lindblad,0.6668333333333333,0.5033333333333333,0.41633333333333333,0.5,0.4731666666666667,0.447,0.6463333333333333,0.915,0.5716666666666667,0.13483333333333333,0.5138333333333334,0.7983333333333333,0.9283333333333333,0.3456666666666667,0.025833333333333333,0.2848333333333333,0.879,0.6476666666666666,0.473,0.5893333333333334,0.23983333333333334,0.9633333333333334
bearman,0.685,0.5315,0.4533333333333333,0.5268333333333334,0.5,0.48966666666666664,0.667,0.9126666666666666,0.6028333333333333,0.22016666666666668,0.5501666666666667,0.7993333333333333,0.7888333333333334,0.38666666666666666,0.0765,0.32566666666666666,0.9981666666666666,0.6635,0.507,0.6271666666666667,0.2965,0.9611666666666666
bortoleto,0.691,0.5491666666666667,0.4703333333333333,0.553,0.5103333333333333,0.5,0.6845,0.911,0.6066666666666667,0.21733333333333332,0.5626666666666666,0.9848333333333333,0.8043333333333333,0.4021666666666667,0.07016666666666667,0.335,0.881,0.6776666666666666,0.5233333333333333,0.6346666666666667,0.29933333333333334,0.9675
bottas,0.494,0.3655,0.2956666666666667,0.3536666666666667,0.333,0.3155,0.5,0.7553333333333333,0.39716666666666667,0.119,0.36783333333333335,0.622,0.5941666666666666,0.2425,0.034,0.21333333333333335,0.731,0.5028333333333334,0.34933333333333333,0.43883333333333335,0.18066666666666667,0.875
colapinto,0.18033333333333335,0.11466666666666667,0.06866666666666667,0.085,0.08733333333333333,0.089,0.24466666666666667,0.5,0.0028333333333333335,0.01,0.10533333333333333,0.335,0.2638333333333333,0.04633333333333333,0.002,0.04533333333333334,0.4735,0.24016666666666667,0.1095,0.1515,0.024,0.7141666666666666
gasly,0.6088333333333333,0.44683333333333336,0.357,0.42833333333333334,0.39716666666666667,0.3933333333333333,0.6028333333333333,0.9971666666666666,0.5,0.12816666666666668,0.44616666666666666,0.7453333333333333,0.738,0.2886666666666667,0.03166666666666667,0.244,0.8611666666666666,0.6038333333333333,0.4141666666666667,0.5391666666666667,0.18066666666666667,0.9495
hadjar,0.91,0.805,0.7556666666666667,0.8651666666666666,0.7798333333333334,0.7826666666666666,0.881,0.99,0.8718333333333333,0.5,0.8326666666666667,0.953,0.9793333333333333,0.7016666666666667,0.068,0.616,0.9776666666666667,0.8818333333333334,0.7818333333333334,0.8773333333333333,0.5868333333333333,0.9946666666666667
hamilton,0.6598333333333334,0.488,0.40066666666666667,0.4861666666666667,0.4498333333333333,0.43733333333333335,0.6321666666666667,0.8946666666666667,0.5538333333333333,0.16733333333333333,0.5,0.7676666666666667,0.7606666666666667,0.11233333333333333,0.0485,0.28683333333333333,0.8598333333333333,0.625,0.46,0.5893333333333334,0.23016666666666666,0.9515
hulkenberg,0.3496666666666667,0.22766666666666666,0.1695,0.20166666666666666,0.20066666666666666,0.015166666666666667,0.378,0.665,0.25466666666666665,0.047,0.23233333333333334,0.5,0.4503333333333333,0.12616666666666668,0.008666666666666666,0.11533333333333333,0.6378333333333334,0.375,0.2185,0.2916666666666667,0.08216666666666667,0.8186666666666667
lawson,0.37366666666666665,0.2495,0.1705,0.07166666666666667,0.21116666666666667,0.19566666666666666,0.4058333333333333,0.7361666666666666,0.262,0.020666666666666667,0.23933333333333334,0.5496666666666666,0.5,0.12583333333333332,0.0015,0.10433333333333333,0.6848333333333333,0.4068333333333333,0.21833333333333332,0.3095,0.07533333333333334,0.8741666666666666
leclerc,0.7915,0.6425,0.5861666666666666,0.6543333333333333,0.6133333333333333,0.5978333333333333,0.7575,0.9536666666666667,0.7113333333333334,0.29833333333333334,0.8876666666666667,0.8738333333333334,0.8741666666666666,0.5,0.108,0.42833333333333334,0.928,0.7531666666666667,0.6168333333333333,0.7503333333333333,0.389,0.9785
max_verstappen,0.982,0.9348333333333333,0.917,0.9741666666666666,0.9235,0.9298333333333333,0.966,0.998,0.9683333333333334,0.932,0.9515,0.9913333333333333,0.9985,0.892,0.5,0.8273333333333334,0.994,0.962,0.9261666666666667,0.9711666666666666,0.8186666666666667,0.9996666666666667
norris,0.8191666666666667,0.6873333333333334,0.6305,0.7151666666666666,0.6743333333333333,0.665,0.7866666666666666,0.9546666666666667,0.756,0.384,0.7131666666666666,0.8846666666666667,0.8956666666666667,0.5716666666666667,0.17266666666666666,0.5,0.9391666666666667,0.7816666666666666,0.9296666666666666,0.7681666666666667,0.466,0.9841666666666666
ocon,0.22866666666666666,0.14816666666666667,0.09633333333333334,0.121,0.0018333333333333333,0.119,0.269,0.5265,0.13883333333333334,0.022333333333333334,0.14016666666666666,0.3621666666666667,0.31516666666666665,0.072,0.006,0.060833333333333336,0.5,0.2683333333333333,0.14183333333333334,0.18066666666666667,0.034666666666666665,0.7111666666666666
perez,0.494,0.36616666666666664,0.301,0.35233333333333333,0.3365,0.32233333333333336,0.49716666666666665,0.7598333333333334,0.39616666666666667,0.11816666666666667,0.375,0.625,0.5931666666666666,0.24683333333333332,0.038,0.21833333333333332,0.7316666666666667,0.5,0.3535,0.437,0.18633333333333332,0.875
piastri,0.6743333333333333,0.524,0.44616666666666666,0.527,0.493,0.4766666666666667,0.6506666666666666,0.8905,0.5858333333333333,0.21816666666666668,0.54,0.7815,0.7816666666666666,0.38316666666666666,0.07383333333333333,0.07033333333333333,0.8581666666666666,0.6465,0.5,0.606,0.296,0.9518333333333333
russell,0.5533333333333333,0.422,0.12466666666666666,0.4106666666666667,0.37283333333333335,0.36533333333333334,0.5611666666666667,0.8485,0.4608333333333333,0.12266666666666666,0.4106666666666667,0.7083333333333334,0.6905,0.24966666666666668,0.028833333333333332,0.23183333333333334,0.8193333333333334,0.563,0.394,0.5,0.18266666666666667,0.9285
sainz,0.9935,0.7248333333333333,0.68,0.7601666666666667,0.7035,0.7006666666666667,0.8193333333333334,0.976,0.8193333333333334,0.4131666666666667,0.7698333333333334,0.9178333333333333,0.9246666666666666,0.611,0.18133333333333335,0.534,0.9653333333333334,0.8136666666666666,0.704,0.8173333333333334,0.5,0.9891666666666666
stroll,0.0895,0.0,0.035666666666666666,0.03666666666666667,0.03883333333333333,0.0325,0.125,0.28583333333333333,0.0505,0.005333333333333333,0.0485,0.18133333333333335,0.12583333333333332,0.0215,0.0003333333333333333,0.015833333333333335,0.28883333333333333,0.125,0.04816666666666667,0.0715,0.010833333333333334,0.5
