version,driver_id,name,points_per_race,p_title,rank_median,rank_lo,rank_hi
in_team,max_verstappen,Max Verstappen,11.182625,0.581,1.0,1,6
in_team,hadjar,Isack Hadjar,6.831979166666667,0.0395,5.0,2,16
in_team,sainz,Carlos Sainz,6.587812499999999,0.0725,6.0,1,16
in_team,norris,Lando Norris,6.498375,0.083,6.0,1,18
in_team,leclerc,Charles Leclerc,6.105104166666667,0.057,7.0,1,17
in_team,antonelli,Andrea Kimi Antonelli,4.979,0.022,9.0,2,20
in_team,arvid_lindblad,Arvid Lindblad,4.732104166666667,0.0105,10.0,3,20
in_team,alonso,Fernando Alonso,4.6651875,0.026,11.0,2,20
in_team,perez,Sergio Pérez,4.590875,0.0295,11.0,2,21
in_team,bortoleto,Gabriel Bortoleto,4.5880625,0.0225,11.0,2,20
in_team,bearman,Oliver Bearman,4.562458333333333,0.0205,11.0,2,20
in_team,piastri,Oscar Piastri,4.5163125,0.011,11.0,3,21
in_team,hamilton,Lewis Hamilton,4.45325,0.0055,11.0,3,20
in_team,gasly,Pierre Gasly,4.2045,0.0085,12.0,3,20
in_team,russell,George Russell,3.592541666666667,0.0035,14.0,4,22
in_team,albon,Alexander Albon,3.4987708333333334,0.001,14.0,5,21
in_team,hulkenberg,Nico Hülkenberg,3.0393749999999997,0.003,16.0,5,22
in_team,bottas,Valtteri Bottas,3.004958333333333,0.0035,16.0,4,22
in_team,lawson,Liam Lawson,2.783541666666667,0.0,16.0,7,22
in_team,colapinto,Franco Colapinto,2.4324375000000003,0.0,18.0,8,22
in_team,ocon,Esteban Ocon,2.153,0.0,19.0,9,22
in_team,stroll,Lance Stroll,1.9977291666666668,0.0,19.0,10,22
portable,max_verstappen,Max Verstappen,8.882645833333333,0.3385,2.0,1,13
portable,sainz,Carlos Sainz,7.283437500000001,0.167,4.0,1,16
portable,leclerc,Charles Leclerc,5.7230625,0.076,8.0,1,20
portable,norris,Lando Norris,5.537375,0.072,9.0,1,20
portable,perez,Sergio Pérez,5.14,0.047,10.0,2,21
portable,alonso,Fernando Alonso,5.0699375,0.06,10.0,1,20
portable,hadjar,Isack Hadjar,4.9310625,0.026,10.0,2,20
portable,antonelli,Andrea Kimi Antonelli,4.839604166666667,0.0285,10.0,2,20
portable,hamilton,Lewis Hamilton,4.6736458333333335,0.0295,11.0,2,21
portable,gasly,Pierre Gasly,4.673479166666667,0.03,11.0,2,21
portable,bearman,Oliver Bearman,4.154395833333333,0.016,12.0,3,21
portable,bottas,Valtteri Bottas,4.153520833333333,0.0195,13.0,2,22
portable,russell,George Russell,4.088854166666667,0.0135,13.0,3,21
portable,colapinto,Franco Colapinto,4.033291666666667,0.0085,12.0,3,21
portable,piastri,Oscar Piastri,4.0300625000000005,0.016,13.0,3,22
portable,bortoleto,Gabriel Bortoleto,4.0239375,0.0125,13.0,3,21
portable,arvid_lindblad,Arvid Lindblad,3.6247291666666666,0.0045,14.0,4,22
portable,hulkenberg,Nico Hülkenberg,3.4248541666666665,0.011,15.0,4,22
portable,albon,Alexander Albon,3.404145833333333,0.0105,15.0,4,22
portable,lawson,Liam Lawson,3.380125,0.002,15.0,4,22
portable,ocon,Esteban Ocon,3.065354166666667,0.004,16.0,5,22
portable,stroll,Lance Stroll,2.862458333333333,0.0075,17.0,5,22
