driver_id,wet_specific_pct_median,q05,q95,wet_teammate_races
alonso,0.009798954,-0.07216572,0.1726739,10
raikkonen,0.009219622,-0.08190257,0.1826872,3
leclerc,0.008680192,-0.07563307,0.15885733,12
norris,0.007574876,-0.082688384,0.15064582,14
perez,0.0073700296,-0.085113585,0.15579475,12
stroll,0.00454027,-0.08619922,0.14449143,12
bearman,0.0035211064,-0.09725829,0.14656466,3
latifi,0.0034833523,-0.09302385,0.16888587,3
sargeant,0.0028423313,-0.10657153,0.1491742,3
de_vries,0.0025194243,-0.111172825,0.15462156,1
kevin_magnussen,0.002054035,-0.110768385,0.13098547,8
max_verstappen,0.001697833,-0.105948135,0.13656284,15
russell,0.0016201898,-0.105874896,0.12887219,12
kubica,0.0012323081,-0.12468658,0.14960244,1
hulkenberg,0.00101896,-0.11224305,0.124122,4
mazepin,0.00029531692,-0.12467588,0.12922195,2
hamilton,0.00021424098,-0.10850581,0.12068939,14
albon,0.00017355973,-0.10269446,0.11786857,7
mick_schumacher,3.0582726e-08,-0.11663798,0.12288054,6
piastri,-3.8605456e-05,-0.119583644,0.11943198,6
antonelli,-0.00020532997,-0.13332719,0.12027601,1
bortoleto,-0.00066046225,-0.13549496,0.119370274,1
zhou,-0.0011768963,-0.1360396,0.11718782,7
bottas,-0.0012847872,-0.13624154,0.10596555,11
lawson,-0.0015405976,-0.13636771,0.10108187,3
kvyat,-0.0032057962,-0.14680602,0.10362122,2
sainz,-0.003936956,-0.13401955,0.096763715,11
grosjean,-0.004284369,-0.16091569,0.1024527,2
gasly,-0.005648502,-0.15775383,0.08131412,12
vettel,-0.007099944,-0.15537877,0.07917453,8
giovinazzi,-0.009134511,-0.17933168,0.07781383,3
ocon,-0.010647758,-0.17481218,0.06412034,12
ricciardo,-0.013313979,-0.2076967,0.06392042,9
tsunoda,-0.013374185,-0.19539614,0.061115943,12
