event_id,team,a,b,wet_gap,se,laps_a,laps_b,quali_gap,season
2019-11,Alfa Romeo Racing,giovinazzi,raikkonen,-0.6328505032949827,0.25997486613174214,23,24,-0.017593086,2019
2019-11,Ferrari,leclerc,vettel,1.7447441575266074,0.2092169473292118,11,21,0.20673105,2019
2019-11,Haas F1 Team,grosjean,kevin_magnussen,0.15149986096818047,0.20410487921144843,17,16,0.053025022,2019
2019-11,McLaren,norris,sainz,-0.001640350708469046,0.2179145752442417,12,21,-0.024662882,2019
2019-11,Mercedes,bottas,hamilton,-0.34129730851715645,0.484069653674347,26,26,-0.12804776,2019
2019-11,Red Bull Racing,gasly,max_verstappen,-2.1962161319137548,0.562703177293149,22,24,-0.54956245,2019
2019-11,Toro Rosso,albon,kvyat,1.0403431876688365,0.20852214388330656,22,22,0.101223,2019
2019-11,Williams,kubica,russell,-0.5225240288391486,0.41393441281388654,19,20,-0.5199114,2019
2020-14,AlphaTauri,gasly,kvyat,0.1431133270365902,0.1706363177507071,38,40,0.17257462,2020
2020-14,Ferrari,leclerc,vettel,0.28291856991004627,0.24306432660553762,38,40,0.3085044,2020
2020-14,Haas F1 Team,grosjean,kevin_magnussen,-1.163188484721117,0.15199700657466297,28,33,0.042469054,2020
2020-14,McLaren,norris,sainz,-0.35095926952472967,0.271950312990328,39,40,0.053204708,2020
2020-14,Mercedes,bottas,hamilton,-0.8722560609197492,0.20319428988977736,40,42,-0.115587585,2020
2020-14,Racing Point,perez,stroll,0.30731208638422175,0.2676999292237548,41,38,0.20772348,2020
2020-14,Red Bull Racing,albon,max_verstappen,-0.5210742726210779,0.25444921000739484,41,38,-0.4791773,2020
2020-14,Renault,ocon,ricciardo,0.009478458963457614,0.2243598241513118,40,42,-0.099812016,2020
2020-14,Williams,latifi,russell,-2.101470645585956,0.8226095533823323,25,39,-0.47416827,2020
2021-02,Alfa Romeo Racing,giovinazzi,raikkonen,-0.20440934666097232,0.2824402584017925,18,17,0.22293197,2021
2021-02,AlphaTauri,gasly,tsunoda,0.13380319065075696,0.23545883396316056,15,16,0.44524905,2021
2021-02,Alpine,alonso,ocon,-0.2799042410994489,0.3760651571117194,19,18,-0.014236733,2021
2021-02,Aston Martin,stroll,vettel,0.5052729974386054,0.24440846673082453,18,11,-0.095769264,2021
2021-02,Ferrari,leclerc,sainz,1.0043594181619335,0.7451317275058111,19,17,0.073984385,2021
2021-02,Haas F1 Team,mazepin,mick_schumacher,-4.726988650150639,1.0139559312205124,11,12,-0.53088176,2021
2021-02,McLaren,norris,ricciardo,0.7471648068700474,0.45729218958615253,19,18,0.31320974,2021
2021-02,Mercedes,bottas,hamilton,-2.5474401967932585,0.6573968249104464,19,16,-0.14354946,2021
2021-02,Red Bull Racing,max_verstappen,perez,-0.05900212605416888,0.8384780468806704,14,19,0.42916414,2021
2021-16,Alfa Romeo Racing,giovinazzi,raikkonen,0.02017077322683164,0.1682128820235973,51,52,0.25909337,2021
2021-16,AlphaTauri,gasly,tsunoda,1.0134890533546637,0.1823865864840403,49,50,0.28776407,2021
2021-16,Alpine,alonso,ocon,0.04433962506226946,0.24660043245221647,47,53,0.033615716,2021
2021-16,Aston Martin,stroll,vettel,0.14965734352295917,0.12313872242966287,51,47,-0.10574152,2021
2021-16,Ferrari,leclerc,sainz,0.1159737893889421,0.2828768336498558,52,49,0.05962862,2021
2021-16,Haas F1 Team,mazepin,mick_schumacher,-0.24547961511999494,0.27718404311023137,51,46,-0.54445434,2021
2021-16,McLaren,norris,ricciardo,0.8061002707454077,0.2835946043282352,52,52,0.31782272,2021
2021-16,Mercedes,bottas,hamilton,0.5474830604694045,0.2669201002689184,53,51,-0.17343736,2021
2021-16,Red Bull Racing,max_verstappen,perez,0.2654272869839962,0.16535829933074553,52,53,0.4298274,2021
2021-16,Williams,latifi,russell,0.14719139165412332,0.21478349691248158,50,51,-0.38102227,2021
2022-04,Alfa Romeo,bottas,zhou,1.4856503350806398,0.27010268791174485,13,13,0.36356306,2022
2022-04,AlphaTauri,gasly,tsunoda,-0.48057862792086287,0.25886096162692235,12,13,0.13866712,2022
2022-04,Aston Martin,stroll,vettel,-0.17225175779409108,0.18957828255842551,13,12,-0.12352161,2022
2022-04,Haas F1 Team,kevin_magnussen,mick_schumacher,1.2202900540958075,0.3763282865899472,13,13,0.21681462,2022
2022-04,McLaren,norris,ricciardo,2.9314630170239298,0.47750133835405884,14,11,0.31549576,2022
2022-04,Mercedes,hamilton,russell,-1.097542755209961,0.31016972404310333,13,13,0.056324393,2022
2022-04,Red Bull Racing,max_verstappen,perez,0.29520755312266767,0.35007195730465795,13,13,0.38689387,2022
2022-04,Williams,albon,latifi,0.21432172454197362,0.19569933059630706,12,13,0.4424736,2022
2022-07,Alfa Romeo,bottas,zhou,0.7157836256534043,0.28688343375602177,13,12,0.3138455,2022
2022-07,AlphaTauri,gasly,tsunoda,2.0623602270365278,0.3775209925647105,13,12,0.11877038,2022
2022-07,Alpine,alonso,ocon,1.1738300125311545,0.576940477664818,13,12,0.091824055,2022
2022-07,Aston Martin,stroll,vettel,0.2355502891727344,0.45543380535435873,16,14,-0.1276746,2022
2022-07,Ferrari,leclerc,sainz,0.26793920558450335,0.23076125567095748,12,14,0.07013336,2022
2022-07,Haas F1 Team,kevin_magnussen,mick_schumacher,0.49938160679050414,0.3056671045076748,11,8,0.20616329,2022
2022-07,McLaren,norris,ricciardo,2.783997784248353,0.39287781957095463,13,11,0.3214236,2022
2022-07,Mercedes,hamilton,russell,-0.5810752220159459,0.14050220994667426,10,13,0.049587294,2022
2022-07,Red Bull Racing,max_verstappen,perez,-0.015245776541776834,0.13309189007581831,13,12,0.38561535,2022
2022-17,AlphaTauri,gasly,tsunoda,0.42385637576728097,0.15278836248548475,18,17,0.07245879,2022
2022-17,Alpine,alonso,ocon,1.2774879774752843,0.16099070566135276,12,15,0.10168405,2022
2022-17,Aston Martin,stroll,vettel,-0.4616649108445177,0.14770560323941578,19,18,-0.1199818,2022
2022-17,Ferrari,leclerc,sainz,0.9653137031275318,0.24303599323851216,18,18,0.054029018,2022
2022-17,Haas F1 Team,kevin_magnussen,mick_schumacher,-0.05316169683005065,0.16836328670865913,16,17,0.15857717,2022
2022-17,McLaren,norris,ricciardo,1.0627933699947398,0.2051195077700888,20,18,0.32735667,2022
2022-17,Mercedes,hamilton,russell,1.6340232853421286,0.1987763668199776,17,15,0.0371858,2022
2022-17,Red Bull Racing,max_verstappen,perez,-1.5885048066182845,0.20593688010468678,18,17,0.40048403,2022
2022-18,Alfa Romeo,bottas,zhou,-0.94734729990062,0.3880886274618731,21,19,0.20491603,2022
2022-18,AlphaTauri,gasly,tsunoda,0.03223509451114137,0.24191994385295584,19,19,0.07098505,2022
2022-18,Alpine,alonso,ocon,1.2431592453171914,0.27352883969016367,19,21,0.10081215,2022
2022-18,Aston Martin,stroll,vettel,-0.2084044250172566,0.20532780870510173,16,22,-0.12149152,2022
2022-18,Haas F1 Team,kevin_magnussen,mick_schumacher,-0.6034199472173507,0.3481775205773977,21,18,0.15541917,2022
2022-18,McLaren,norris,ricciardo,-0.06930713411784767,0.23940863733592424,21,21,0.32916892,2022
2022-18,Mercedes,hamilton,russell,0.42519109823008183,0.3173049356137067,21,21,0.036266163,2022
2022-18,Red Bull Racing,max_verstappen,perez,0.49129417782105733,0.2275194318164854,21,19,0.40033546,2022
2023-06,Alfa Romeo,bottas,zhou,0.8919935402486364,0.5929422988462183,18,16,0.19506828,2023
2023-06,AlphaTauri,de_vries,tsunoda,1.401012736183663,0.5204037338063723,17,16,-0.24859582,2023
2023-06,Alpine,gasly,ocon,-0.6659653902084324,0.34536406957313487,16,17,-0.0066002645,2023
2023-06,Ferrari,leclerc,sainz,-0.15000190840528427,0.2979008481111097,16,16,0.06142895,2023
2023-06,McLaren,norris,piastri,0.8126957125586933,0.6465443406246003,17,17,0.2161289,2023
2023-06,Mercedes,hamilton,russell,0.4509116572790012,0.34232291095874307,17,16,0.0067099594,2023
2023-06,Red Bull Racing,max_verstappen,perez,0.11967656365284562,0.5094168629388056,17,12,0.42485014,2023
2023-06,Williams,albon,sargeant,0.2783806449782556,0.587526934556011,16,16,0.5006839,2023
2023-13,AlphaTauri,lawson,tsunoda,-0.1595103872072532,0.13206238918702676,13,13,-0.27224833,2023
2023-13,Alpine,gasly,ocon,0.9102324732279485,0.14669906998936147,12,12,0.014289096,2023
2023-13,Aston Martin,alonso,stroll,1.3689840633027262,0.11780740837569913,12,9,0.3014449,2023
2023-13,Mercedes,hamilton,russell,-0.49019270703872864,0.07241785127045837,10,8,-0.004290372,2023
2023-13,Red Bull Racing,max_verstappen,perez,1.155159496782281,0.19364525299579027,12,16,0.4317261,2023
2024-09,Alpine,gasly,ocon,-0.05771685164982315,0.15000442793772295,30,34,0.082204595,2024
2024-09,Aston Martin,alonso,stroll,0.7126703124916807,0.17766426733094776,35,34,0.257936,2024
2024-09,Ferrari,leclerc,sainz,-0.04638141833166193,0.16763095161751004,26,30,0.029157147,2024
2024-09,Haas F1 Team,hulkenberg,kevin_magnussen,-0.1424091910966887,0.13827075166896735,32,30,0.14547521,2024
2024-09,Kick Sauber,bottas,zhou,0.702668701254845,0.2623772896675821,29,34,0.30371475,2024
2024-09,McLaren,norris,piastri,0.17646769558751463,0.13102348086976429,38,35,0.10099416,2024
2024-09,Mercedes,hamilton,russell,0.04396511740569098,0.2670839386613784,34,33,-0.070825405,2024
2024-09,RB,ricciardo,tsunoda,-0.11224661817919096,0.16683961950852286,30,31,-0.13511865,2024
2024-09,Red Bull Racing,max_verstappen,perez,1.8747482713412587,0.32475853878862043,32,32,0.44814754,2024
2024-09,Williams,albon,sargeant,0.18320330977117052,0.3109371491191221,31,19,0.31621015,2024
2024-12,Aston Martin,alonso,stroll,0.23396461923647316,0.10182186878283764,9,11,0.25840795,2024
2024-12,Ferrari,leclerc,sainz,0.011890887295791464,0.21813835622100178,14,11,0.023169339,2024
2024-12,Haas F1 Team,hulkenberg,kevin_magnussen,0.8466863734065787,0.1877558221127715,11,8,0.13904287,2024
2024-12,Kick Sauber,bottas,zhou,-0.30232169937275233,0.17108154194422476,9,14,0.30402234,2024
2024-12,McLaren,norris,piastri,0.1712946275577103,0.342502982118536,10,8,0.09835665,2024
2024-12,RB,ricciardo,tsunoda,-0.32535875248103874,0.1314225466933015,9,9,-0.13366301,2024
2024-12,Red Bull Racing,max_verstappen,perez,0.8750099378347267,0.17178920448415688,10,14,0.45022514,2024
2024-12,Williams,albon,sargeant,0.6330821104392309,0.21356658368814269,9,9,0.30944842,2024
2024-21,Alpine,gasly,ocon,-0.155350744257097,0.11389939431303772,48,46,0.12584549,2024
2024-21,Ferrari,leclerc,sainz,0.7016751415869449,0.16600826813609318,48,25,0.017136589,2024
2024-21,Haas F1 Team,bearman,hulkenberg,-0.3970601623781892,0.12035053113668599,48,21,-0.30108547,2024
2024-21,Kick Sauber,bottas,zhou,0.6053017602930444,0.1467675881779411,49,48,0.28433806,2024
2024-21,McLaren,norris,piastri,0.30485896164661264,0.09040815376993885,49,48,0.09962195,2024
2024-21,Mercedes,hamilton,russell,-0.709015058284553,0.09814755028299721,50,46,-0.09071719,2024
2024-21,RB,lawson,tsunoda,-0.16690273258651925,0.07495240734113934,42,46,-0.16608652,2024
2024-21,Red Bull Racing,max_verstappen,perez,1.1201126357096605,0.13184938118859993,48,47,0.46515107,2024
2025-01,Aston Martin,alonso,stroll,0.260535476631949,0.13610620251225403,22,32,0.2894005,2025
2025-01,Ferrari,hamilton,leclerc,-0.6213853115142242,0.11081830704480226,31,31,-0.1307261,2025
2025-01,Haas F1 Team,bearman,ocon,0.37565332283314845,0.19782762869705142,30,30,-0.022957146,2025
2025-01,Kick Sauber,bortoleto,hulkenberg,-0.3190447222662005,0.22169526080119817,25,32,-0.1327018,2025
2025-01,McLaren,norris,piastri,0.09915276742481138,0.15407142235905752,31,32,0.10006067,2025
2025-01,Mercedes,antonelli,russell,-0.569249124774958,0.18079950612390644,32,32,-0.3368914,2025
2025-01,Red Bull Racing,lawson,max_verstappen,-2.7621529287216804,0.3656329302367961,25,31,-0.75443256,2025
2025-12,Aston Martin,alonso,stroll,-0.032422411517298605,0.22827155424614276,17,17,0.30407315,2025
2025-12,Ferrari,hamilton,leclerc,0.7734603458269177,0.20249878626599274,20,17,-0.12392312,2025
2025-12,Haas F1 Team,bearman,ocon,0.5026930697944593,0.21372819111586472,17,23,0.110889345,2025
2025-12,McLaren,norris,piastri,0.08844974352623636,0.23520346421938226,22,22,0.0865954,2025
2025-12,Red Bull Racing,max_verstappen,tsunoda,1.5335600597648367,0.34889384011313856,20,19,0.5434762,2025
2025-12,Williams,albon,sainz,-0.0778871865067364,0.15738359422029635,22,18,-0.08570809,2025
