driver_id,race_specific_pct_median,race_specific_pct_q05,race_specific_pct_q95,degradation_pct_per_lap_median,degradation_pct_per_lap_q05,degradation_pct_per_lap_q95,clean_laps,seasons
max_verstappen,0.15777403,0.078641236,0.2305336,-0.00615164,-0.00998671,-0.0022726813,8221,12
perez,0.12815657,0.061120875,0.19503732,-0.0043470985,-0.008057521,-0.00064404093,10015,15
stroll,0.113081396,0.041906502,0.18425548,0.0009835755,-0.003379935,0.005423392,6290,10
ricciardo,0.11119062,0.04306467,0.17776881,0.005145886,0.001439567,0.009017974,8607,14
vettel,0.087742254,0.019924704,0.16249785,-0.0029741721,-0.0069402093,0.0008121662,8745,13
latifi,0.08672416,-0.010610317,0.18557367,-0.0040826597,-0.010745261,0.0020894692,1867,3
vergne,0.084952846,-0.0132335,0.19592299,-0.0038750838,-0.01045188,0.0027855674,1748,3
pic,0.070142046,-0.03992082,0.1920178,-0.00023423873,-0.0071703284,0.006709646,1282,2
sargeant,0.060773622,-0.04708993,0.16822313,-0.0047403583,-0.012067167,0.0017380768,1160,2
raikkonen,0.055616036,-0.019263297,0.13274369,0.0016353149,-0.0024622425,0.006066937,6757,10
zhou,0.05168056,-0.043450087,0.14906557,-0.0008788724,-0.006609651,0.004896082,2258,3
leclerc,0.047687717,-0.025376156,0.12033414,-0.003109896,-0.007506995,0.0013653692,6116,9
michael_schumacher,0.04611357,-0.055602115,0.1621489,0.0044731563,-0.0018936115,0.011160577,1642,3
kvyat,0.04376448,-0.040353563,0.12937924,0.0024952185,-0.002679367,0.0075018564,3635,6
button,0.043199748,-0.037073962,0.12425625,0.0051268344,0.00019227863,0.009943089,4750,8
colapinto,0.040286254,-0.050972927,0.1410411,-0.0010462345,-0.007328928,0.004938126,1563,3
arvid_lindblad,0.037177034,-0.08007431,0.15140256,-0.000514067,-0.007930493,0.006815995,550,1
petrov,0.033845507,-0.068338975,0.14057471,0.0012234603,-0.0052375193,0.0076905754,1911,3
wehrlein,0.03374745,-0.07151724,0.14767244,-0.0032888341,-0.010377005,0.0033922745,1360,2
hulkenberg,0.033412617,-0.028827185,0.09626027,0.0009988864,-0.0027960117,0.0048018973,8670,15
ericsson,0.033217575,-0.05691096,0.12477729,0.0027539567,-0.0025834655,0.008218462,3076,5
norris,0.027699005,-0.047616236,0.10796666,0.005269296,0.00064908393,0.009838665,5914,8
barrichello,0.026255084,-0.07848152,0.13866496,-0.0008284869,-0.007811953,0.006194615,1290,2
mazepin,0.023327917,-0.094434135,0.14261144,-0.0012110024,-0.008780556,0.006322866,577,1
bruno_senna,0.021463556,-0.08365125,0.12775722,0.0031201462,-0.0034148556,0.010172818,1387,3
karthikeyan,0.020287491,-0.09639788,0.13783275,-0.0011381217,-0.008853495,0.006271559,788,2
webber,0.01862166,-0.07780258,0.12485251,0.0039972523,-0.0018603579,0.010134283,2637,4
rossi,0.017833048,-0.10803305,0.1502196,-0.0013645436,-0.009954162,0.007071404,145,1
mick_schumacher,0.017628463,-0.08696827,0.1271278,-0.0023665323,-0.009261095,0.0049156244,1148,2
alonso,0.012570519,-0.05039617,0.077509835,0.008252147,0.004441924,0.012156773,9851,15
chilton,0.008814974,-0.10548437,0.13019201,-0.008971924,-0.01824215,-0.0013862428,1040,2
kovalainen,0.0035929398,-0.10106458,0.10563351,0.002111994,-0.0043851347,0.008865676,1866,4
buemi,0.0028985166,-0.11140429,0.11958338,-0.0009843945,-0.007873697,0.0058468636,1118,2
gasly,0.0027895533,-0.06563071,0.072409816,0.00019840439,-0.004165153,0.0043664104,6287,10
klien,0.0025831826,-0.12056553,0.13092464,-0.0010070048,-0.009499735,0.0071012955,94,1
stevens,0.002535865,-0.11565747,0.12257371,-0.0015475645,-0.009417958,0.0061179246,671,2
sutil,0.0014747279,-0.10110499,0.101476,-1.1017088e-05,-0.005867908,0.006067725,2204,4
glock,0.00035846682,-0.101765275,0.10740372,0.00044554292,-0.0060896208,0.006879027,1707,3
hamilton,-0.0006762941,-0.06501435,0.060152628,-0.00053308986,-0.003841769,0.0029476066,12011,17
maldonado,-0.0012230747,-0.095597416,0.0883032,0.0009590015,-0.0048715943,0.0065075066,2825,5
alguersuari,-0.0014792383,-0.1153479,0.11160729,-0.0039967485,-0.011174164,0.0028218487,1216,2
sainz,-0.001653414,-0.06810106,0.06870134,0.0012282492,-0.002581996,0.005096128,8118,12
pietro_fittipaldi,-0.0043981643,-0.13346708,0.11759012,-0.0017292674,-0.010631351,0.0070740683,108,1
vandoorne,-0.0044422466,-0.107699014,0.1006478,0.0045030266,-0.002289454,0.01169104,1167,3
aitken,-0.006180753,-0.13219686,0.12364329,-0.00082602655,-0.009601012,0.007905139,65,1
rosberg,-0.006318393,-0.09195733,0.078041844,0.010297194,0.005099938,0.015826385,4708,7
yamamoto,-0.0078516435,-0.13193467,0.112723105,-0.0027284971,-0.0115732225,0.005344516,199,1
heidfeld,-0.010468391,-0.12971644,0.10497203,-6.2174135e-05,-0.0074636643,0.007498632,445,2
chandhok,-0.011479401,-0.13620144,0.111778736,-0.0051247897,-0.014703663,0.002775724,259,1
grassi,-0.011490736,-0.13476744,0.111520134,-0.002851374,-0.011302446,0.0046831314,483,1
ocon,-0.011821682,-0.080074124,0.0544145,0.0010968423,-0.0032144138,0.0053536827,6311,10
bearman,-0.014972679,-0.118358985,0.08153541,0.0013582846,-0.004844602,0.0075650914,1370,3
gutierrez,-0.016549535,-0.124332376,0.0874302,-0.0023297714,-0.008517948,0.0038195206,1867,3
albon,-0.016788352,-0.090943135,0.057513285,0.0030813364,-0.0016442119,0.00791022,4731,7
antonelli,-0.019917544,-0.12352102,0.0852148,0.0032695858,-0.002707097,0.00999773,1409,2
jules_bianchi,-0.020188287,-0.13936153,0.095124125,0.0003195642,-0.00694637,0.007347132,994,2
lawson,-0.0207126,-0.117088795,0.07060699,0.0037303432,-0.0024212918,0.010164353,1784,4
doohan,-0.021080093,-0.1372265,0.096798874,-0.0018900549,-0.0104807215,0.005969174,231,2
hadjar,-0.023111356,-0.12780279,0.076368056,-4.8680908e-05,-0.0065837563,0.006804341,1344,2
kubica,-0.023660485,-0.12463324,0.07436368,0.003241337,-0.0030487566,0.009998426,1492,3
sirotkin,-0.027099509,-0.14684403,0.08303291,-0.0010417335,-0.00851713,0.0067048226,526,1
jolyon_palmer,-0.02795259,-0.14103822,0.087094076,-0.00031120016,-0.007202469,0.006566056,1091,2
merhi,-0.02803449,-0.15578449,0.09231747,-0.0024082104,-0.010070481,0.004755178,512,1
haryanto,-0.028829105,-0.15270029,0.09101027,-0.0034545816,-0.012026274,0.0041185394,430,1
bortoleto,-0.029476102,-0.13791655,0.06938686,-0.0006065682,-0.0074017774,0.005915992,1326,2
grosjean,-0.03482815,-0.11657167,0.03952817,0.0007369728,-0.003924337,0.005110326,5441,9
piastri,-0.034970246,-0.12862387,0.05915317,-0.00042194637,-0.0060737887,0.004955034,2998,4
garde,-0.035121955,-0.15652339,0.080641,-0.008515607,-0.01841123,-0.00084862235,558,1
kevin_magnussen,-0.03559622,-0.107161194,0.036416344,-0.00062934356,-0.0049243504,0.00397803,5922,9
nasr,-0.035879683,-0.15057676,0.07089494,0.0029661623,-0.003604592,0.009995701,1557,2
de_vries,-0.035958447,-0.1565455,0.07634041,-0.00074668403,-0.008755384,0.0068007763,373,2
resta,-0.044973563,-0.15214851,0.05405752,0.00454407,-0.0016472456,0.010983209,2190,4
russell,-0.04750859,-0.121665,0.023124574,0.0027250387,-0.0018174094,0.0072638644,5889,8
ambrosio,-0.049509723,-0.17704539,0.0697874,-0.0015949768,-0.0088676745,0.006241476,614,2
rosa,-0.05537699,-0.18010367,0.05849439,-0.004387228,-0.011896695,0.0025735218,963,2
kobayashi,-0.0561572,-0.15492994,0.04213964,0.00015637866,-0.005699892,0.0063867527,2078,4
brendon_hartley,-0.057983704,-0.17275086,0.054426257,0.001783777,-0.0054077385,0.00917825,601,2
liuzzi,-0.05853862,-0.17296621,0.04489732,0.004663932,-0.0022921471,0.012032453,981,2
trulli,-0.05910605,-0.17743021,0.049271915,0.0019033442,-0.0053387964,0.0091946265,1066,2
giovinazzi,-0.07351816,-0.1730698,0.025138002,-0.00053645857,-0.0063845897,0.005067216,2052,4
massa,-0.08844942,-0.17287663,-0.00688065,-0.008709686,-0.013749009,-0.004026998,5455,8
tsunoda,-0.096336186,-0.17500931,-0.01869816,0.0031057238,-0.0021827216,0.008444123,3506,6
bottas,-0.11923215,-0.18799427,-0.050364725,-0.0026546568,-0.006468774,0.0010829382,8842,13
