driver_id,log_spread_effect_median,q05,q95,teammate_races
max_verstappen,-0.08070404,-0.13241151,-0.03296466,160
russell,-0.046338134,-0.098281525,0.0019290168,117
bortoleto,-0.043456692,-0.11939821,0.018186022,24
ocon,-0.037668414,-0.08909164,0.0077820006,128
raikkonen,-0.037042823,-0.08852737,0.008274236,131
kovalainen,-0.036890686,-0.10169241,0.019625187,39
button,-0.03625768,-0.08455403,0.011974838,91
lawson,-0.034931775,-0.098670214,0.022614056,35
barrichello,-0.03224127,-0.10332183,0.0292805,24
wehrlein,-0.028737698,-0.10088635,0.031546377,25
jules_bianchi,-0.02712235,-0.09861733,0.03772942,20
gasly,-0.026565496,-0.077357836,0.018848144,122
rosa,-0.022404213,-0.0934167,0.03936015,18
hulkenberg,-0.021348089,-0.064940095,0.020543994,175
giovinazzi,-0.017634094,-0.08062626,0.039638016,43
kubica,-0.016526815,-0.08355944,0.041735332,30
vettel,-0.016013995,-0.061140254,0.028071087,171
michael_schumacher,-0.015292609,-0.08106349,0.045017008,30
kobayashi,-0.012896152,-0.07472099,0.04699423,39
vandoorne,-0.011829205,-0.07758216,0.05067747,21
pic,-0.01140717,-0.07550524,0.051605955,26
zhou,-0.009797641,-0.070580475,0.049758237,45
stevens,-0.009575952,-0.08033438,0.056715384,14
buemi,-0.009173266,-0.07795325,0.056367345,22
glock,-0.008548586,-0.06897778,0.052022748,33
resta,-0.0068003153,-0.06879416,0.051396098,41
mazepin,-0.0064536096,-0.07801556,0.060533248,11
bearman,-0.0056732967,-0.07148117,0.053393766,31
ericsson,-0.0048287916,-0.062080815,0.050114304,56
liuzzi,-0.0047798576,-0.07086814,0.060572166,20
vergne,-0.0040446455,-0.06597014,0.05843279,37
ambrosio,-0.002797593,-0.06969275,0.06359462,10
norris,-0.0025193654,-0.05305877,0.04896341,114
yamamoto,-0.0011587176,-0.0772705,0.071806334,4
brendon_hartley,-0.0010535147,-0.06781608,0.06727991,14
heidfeld,-0.0010092824,-0.069517545,0.06437904,10
ricciardo,-0.00054459384,-0.04383413,0.03935358,166
latifi,0.00064070476,-0.057896286,0.05673249,39
rossi,0.0008598571,-0.06882393,0.074363515,3
rosberg,0.0021338975,-0.050779067,0.056235358,87
nasr,0.0027674944,-0.06143504,0.06674119,28
aitken,0.0035446999,-0.067826085,0.07338699,1
colapinto,0.0037589585,-0.060636003,0.06776151,30
sutil,0.0039273463,-0.054374408,0.062387962,42
chandhok,0.0044694776,-0.064946584,0.07694693,4
pietro_fittipaldi,0.005387907,-0.06594629,0.07708216,2
antonelli,0.00635646,-0.05753708,0.07004284,28
bottas,0.0063998317,-0.03719098,0.05171647,181
stroll,0.006486484,-0.040696424,0.05504154,126
merhi,0.0069036493,-0.060249284,0.07683718,10
maldonado,0.006942991,-0.047325075,0.063717715,60
klien,0.007189821,-0.068488374,0.08518395,2
sargeant,0.007817745,-0.057557832,0.07465299,23
garde,0.0078398725,-0.058502614,0.07505336,11
doohan,0.008326041,-0.06101729,0.082470976,4
leclerc,0.008646005,-0.040696,0.056354027,123
sainz,0.009792796,-0.034504607,0.056023613,159
grosjean,0.009900752,-0.04090645,0.0608685,102
haryanto,0.009955306,-0.061111253,0.08418623,8
alguersuari,0.010171236,-0.055244192,0.079396285,22
albon,0.010521386,-0.03958113,0.061027184,94
bruno_senna,0.011526423,-0.04850532,0.078606784,26
tsunoda,0.012017792,-0.040753197,0.066065684,70
gutierrez,0.013867499,-0.047434922,0.07704437,33
kvyat,0.014939353,-0.03563542,0.06854247,71
mick_schumacher,0.015699457,-0.045732573,0.08507995,23
de_vries,0.016255323,-0.049891684,0.09144916,8
kevin_magnussen,0.017614294,-0.030486997,0.06740294,116
petrov,0.018616095,-0.038105376,0.08110943,37
piastri,0.019114492,-0.037546955,0.081096135,60
sirotkin,0.019196443,-0.046385493,0.09427008,10
grassi,0.019469455,-0.049533598,0.0955281,9
jolyon_palmer,0.019786794,-0.042245507,0.09100794,20
arvid_lindblad,0.021739978,-0.04243871,0.09273554,12
massa,0.025814489,-0.02361458,0.08221073,108
hadjar,0.026691582,-0.036551096,0.0967911,25
chilton,0.027524158,-0.03531193,0.09845948,20
webber,0.03273493,-0.022697337,0.09747372,53
karthikeyan,0.034476258,-0.028729696,0.109241165,19
hamilton,0.035938263,-0.002935218,0.07724441,241
alonso,0.04139287,-0.00023426843,0.08774617,188
trulli,0.0454251,-0.016505402,0.1224392,22
perez,0.048900593,0.00616433,0.094456725,189
