event_id,team,observed,full,lo,hi,v1,v1_lo,v1_hi
2024-13,brackley,0.6263942003214331,0.3963896521454619,-0.12219521626596394,0.9104295897591176,0.40716874599456787,-0.11263004659622695,0.930832100645137
2024-13,enstone,-0.6159473460320899,-0.6659279712963879,-1.1694049751760887,-0.14469607744535481,-0.675750195980072,-1.1755240030489023,-0.16092407906948974
2024-13,faenza,-0.2935440228887469,-0.4667914523628399,-1.0128855357773365,0.041963114365984856,-0.45607468485832214,-0.9933191693604817,0.05811201801692884
2024-13,ferrari,0.5392792860823663,0.8955755686776274,0.40086143390118234,1.4052803775260545,0.9058636426925659,0.39705642896074805,1.420764363483611
2024-13,haas,-0.44500692494875027,-0.46383278063052846,-0.9712789513235442,0.06235589864557562,-0.46282392740249634,-0.9849523338863625,0.08492415574855385
2024-13,hinwil,-0.8820020417919846,-0.662382583963318,-1.1756119268554779,-0.14800354375333563,-0.6907883882522583,-1.2287510056300637,-0.17041970065248935
2024-13,mclaren,0.952662426778249,0.7555332895208882,0.2411513343094509,1.2767329536623944,0.7899495363235474,0.2804164774930251,1.287504878543017
2024-13,red_bull,0.8008766006732858,0.9832030000485928,0.4375333928865441,1.5062720336773703,0.9758152365684509,0.4444761848448633,1.4926079059533344
2024-13,silverstone,-0.16722506882154928,-0.19655545183043166,-0.7343523995918827,0.3425287418407908,-0.20113998651504517,-0.7201957911790584,0.3284334471312872
2024-13,williams,-0.5154871093722138,-0.575211270309065,-1.1085145091969077,-0.05742788813461339,-0.5922200679779053,-1.1240128125389086,-0.05567155533329746
2024-14,brackley,0.6929772794554301,0.3303857275886818,-0.1786863369157477,0.8315128135710557,0.3696449398994446,-0.1370776332983314,0.8718179418491678
2024-14,enstone,-0.30857084631079496,-0.593989724539761,-1.0972381600926224,-0.07113824284195691,-0.7132740020751953,-1.2089897103677567,-0.20233706073038354
2024-14,faenza,-0.34127042844679445,-0.46185368881558186,-0.9888250445464115,0.041473460693797363,-0.49359849095344543,-1.0258203754811164,0.009274036413685311
2024-14,ferrari,0.4111734230941126,0.8177480294368416,0.31752202537682256,1.3171402386745572,0.8683398365974426,0.3564521134416772,1.3646448704919567
2024-14,haas,-0.657069981776669,-0.5298367051873089,-1.0259572723181691,-0.01807864321232758,-0.5003477334976196,-0.9964152811828552,0.030741789879356954
2024-14,hinwil,-0.5156540226274569,-0.6451099573168636,-1.221433272760937,-0.028742774919315463,-0.7061486840248108,-1.3080060374009819,-0.10953503551490808
2024-14,mclaren,0.6619034325279054,0.7506180408314733,0.24358741757688646,1.2472772867052624,0.7524257898330688,0.23408073112801742,1.2414704989584193
2024-14,red_bull,0.5404283989308191,0.9034048583604721,0.37698880428819587,1.4087942735682901,0.9382914304733276,0.41133997716096865,1.4347081596880424
2024-14,silverstone,-0.13535983629650555,-0.27241238862388384,-0.7820277127719166,0.24479700204041355,-0.23866377770900726,-0.733847127476755,0.28967259793837846
2024-14,williams,-0.6063844298637745,-0.6215091703925013,-1.143422592235715,-0.11027118876897836,-0.6297438144683838,-1.1363133521622815,-0.09666586398112641
2024-15,brackley,0.6663193025665026,0.42102218273714165,-0.09630724516122802,0.9280025490113529,0.40716874599456787,-0.1023923686111903,0.9192513848918619
2024-15,enstone,-0.38365333199926815,-0.6018833917580202,-1.1101747406494682,-0.05898241355312058,-0.675750195980072,-1.1793993521577875,-0.1560196793520331
2024-15,faenza,-0.44705305797197203,-0.48551217561251636,-1.0053059776124922,0.026331768657700854,-0.45607468485832214,-0.9958311062696233,0.04499160094386152
2024-15,ferrari,0.7989630568528302,0.9064138821379668,0.40929181974427836,1.409245667523595,0.9058636426925659,0.40467545466731464,1.4078769631394146
2024-15,haas,-0.36136894152603544,-0.5180243479322242,-1.049076836756659,0.001994385136392523,-0.46282392740249634,-0.9808954783022338,0.07403899856746848
2024-15,hinwil,-1.3819862738483937,-0.6968681267916697,-1.2127791679802025,-0.17654747685273645,-0.6907883882522583,-1.21879813403773,-0.1733300758773332
2024-15,mclaren,1.1435739288551634,0.7939600372439084,0.27643291410037724,1.3048693562819442,0.7899495363235474,0.2624414583688469,1.2833801302861312
2024-15,red_bull,0.7443078812070978,1.0275415551136164,0.49797745743507527,1.5361848453797866,0.9758152365684509,0.445636041117838,1.479689450673643
2024-15,silverstone,-0.23260550395005536,-0.1857171383700922,-0.7087194430515289,0.34648345483152476,-0.20113998651504517,-0.7286581250570602,0.33605003972142733
2024-15,williams,-0.5464970601858692,-0.6609324767681113,-1.2075806557935203,-0.13474298610871055,-0.5922200679779053,-1.1194977482714197,-0.05136520831754153
2024-16,brackley,0.7950578843899843,0.37570545503454383,-0.13348959632508953,0.883245591941835,0.37451937794685364,-0.1291189543510153,0.8892943718183454
2024-16,enstone,-0.9188548184807783,-0.7063181928806497,-1.2543435051512029,-0.17800597863395928,-0.7083995938301086,-1.2529407854151475,-0.18154990081047084
2024-16,faenza,-0.2683348321401508,-0.3689271814909496,-0.9731104140928489,0.24911072681420937,-0.46086516976356506,-1.0548278466174026,0.15711538972584554
2024-16,ferrari,0.9808003519155035,0.8098614908046744,0.2739313901029633,1.3165192774011616,0.8732142448425293,0.3469200272675071,1.3819718999553225
2024-16,haas,-0.26044789771514265,-0.5239290266881345,-1.0374742884317776,-0.013446067771653239,-0.4954732656478882,-1.0233507118762049,0.038422740297626976
2024-16,hinwil,-1.1214053626357763,-0.6535077443642203,-1.172982316831609,-0.11523393649526113,-0.7234377861022949,-1.2460415775419564,-0.17680321150222772
2024-16,mclaren,1.174121548978139,0.7427315021993073,0.23392049895074002,1.2656373557276486,0.7573001980781555,0.2436389130480213,1.2634966459650447
2024-16,red_bull,0.38054965549350006,0.8541356683342838,0.3123212624355175,1.357782763620613,0.9431658387184143,0.4042821188617969,1.4378899031356462
2024-16,silverstone,-0.3098524845383678,-0.17191579265265844,-0.6842869700226937,0.34240307578259055,-0.2337893396615982,-0.7369204317521744,0.2792101138412513
2024-16,williams,-0.5858014613369864,-0.5422997690416718,-1.16822683277699,0.07849875238234247,-0.5566670298576355,-1.190548280537403,0.08782045485857291
2024-17,brackley,0.26273080970035434,0.4965076482209252,-0.020532497760717087,1.0065454037333805,0.3778496980667114,-0.12432392793132543,0.899300015875898
2024-17,enstone,-0.7140188080137315,-0.7155757612183381,-1.2309139836437126,-0.18125790261641775,-0.7050692439079285,-1.2369707861034747,-0.1707995999419475
2024-17,faenza,-0.8049035601260561,-0.5043033064580383,-1.3418027722165682,0.3026725417113858,-0.4575348496437073,-1.2911838871610593,0.3306628489447544
2024-17,ferrari,0.8555048363501536,0.8735162130183592,0.35131772969274483,1.3885659057979831,0.8765445947647095,0.34585306721027526,1.3927662978087618
2024-17,haas,-0.08608399300424406,-0.6068290964992057,-1.1849507203284646,-0.03376192863108245,-0.5237809419631958,-1.092088197255115,0.05913335854587953
2024-17,hinwil,-1.0683577018503199,-0.7199127836746053,-1.2255897124570037,-0.2185865235383699,-0.7201074361801147,-1.2155768068657025,-0.21501939672646037
2024-17,mclaren,0.7514387610553137,0.788650802386982,0.28672985884111624,1.2989795310290873,0.7606304883956909,0.2405351631248666,1.2600121431803448
2024-17,red_bull,0.788312513674347,0.876407739153946,0.3188327850952906,1.3885228965095398,0.9464961886405945,0.39697370818618954,1.461158891184345
2024-17,silverstone,-0.3280984841278915,-0.16934974630634028,-0.6863493489130483,0.34836117192514865,-0.23045901954174042,-0.7357150553035202,0.2766553184414986
2024-17,williams,-0.05897615372095391,-0.5712633618527041,-1.2363932502546064,0.09881177851682836,-0.5533367395401001,-1.2143983571573456,0.12076118768973568
2024-18,brackley,0.48380201137706613,0.3573900885462365,-0.1553672408558185,0.8790538476004898,0.3745121955871582,-0.13536550524650742,0.902970713475326
2024-18,enstone,-0.5329308531461965,-0.6852215104222694,-1.2068799421060814,-0.1622012511591953,-0.7084067463874817,-1.2209612100543519,-0.18648217210479456
2024-18,faenza,-0.41115817295015766,-0.5235264379880742,-1.0446717244551365,0.022235772672492653,-0.4887312352657318,-1.0108497163230221,0.05243321088930362
2024-18,ferrari,0.41272605228563514,0.8920468491304212,0.3422178157961409,1.4232225827931013,0.8732070922851562,0.3262024354679927,1.4039085259782131
2024-18,haas,-0.23581048217618755,-0.48312631975640996,-0.9792188535955632,0.020154023608956774,-0.4954804480075836,-1.0088012533403117,0.014731455312148695
2024-18,hinwil,-0.7936485187469204,-0.7407941965092311,-1.2476666015888234,-0.23838280947108212,-0.723444938659668,-1.259665039140462,-0.2023740201377883
2024-18,mclaren,0.9484454164579922,0.7638281846576876,0.23858045427635005,1.2854926910064155,0.7572929859161377,0.21926147177612343,1.2682065581146837
2024-18,red_bull,0.4044893156250614,0.9501152437913709,0.42308553418826467,1.47017949634344,0.9431586861610413,0.4197201257969088,1.4642638593724735
2024-18,silverstone,-0.29661669704628646,-0.2099371836143098,-0.7354060105316688,0.32323462569054745,-0.23379650712013245,-0.75167680375381,0.294641505802856
2024-18,williams,0.04140385663998791,-0.6415494356708432,-1.6419378946208334,0.38454627999864643,-0.5966223478317261,-1.6228391184054105,0.43492550996944146
2024-19,brackley,0.418938809557695,0.46102700551441805,-0.1620170098262558,1.078937879866639,0.41864559054374695,-0.21470137700391456,1.0521987745739647
2024-19,enstone,-0.528226908399885,-0.5554600331196303,-1.0992018804315722,-0.05791850130877446,-0.6463631987571716,-1.1783540590460346,-0.13436112242132986
2024-19,faenza,-0.3003063078178548,-0.520955215937243,-1.0806284792770822,0.004770544355197413,-0.5615273118019104,-1.1233647532006128,-0.018257634658124976
2024-19,ferrari,1.141910658821764,0.9764844701443702,0.46042834499288043,1.4913411607041394,0.9352506399154663,0.4062231392175158,1.4677428532561647
2024-19,haas,-0.004257544813510261,-0.49524821866184665,-0.9941608106893416,0.018658726538172105,-0.43343687057495117,-0.9405754690711564,0.07157857363976383
2024-19,hinwil,-0.9746228352590478,-0.640591755916608,-1.1400318315782927,-0.11996922013088002,-0.6614013910293579,-1.186786269881719,-0.14410300070040266
2024-19,mclaren,0.8549711643325626,0.7694417077782612,0.22002788401947415,1.2819802933833362,0.8193365931510925,0.2839920841390928,1.3266500501065301
2024-19,red_bull,0.596806021801505,1.0266704550159818,0.5031386469641143,1.5481121344305409,1.005202293395996,0.4845256028662935,1.5187213239884036
2024-19,silverstone,-0.6744548399909625,-0.22600028741441502,-0.729970005731964,0.28945287918352897,-0.1717529445886612,-0.689974125585802,0.33534201848213446
2024-19,williams,-0.3212888134534185,-0.5648546246460786,-1.19959674568588,0.06782034351823091,-0.4946306347846985,-1.1275844045065693,0.15581269832439124
2024-20,brackley,0.4683298903120364,0.3510855716817519,-0.15625760673183017,0.8556216075840246,0.35084253549575806,-0.1728138499575108,0.8697932391232246
2024-20,enstone,-0.5585142744928109,-0.6915260272867539,-1.18811361263219,-0.16747261881672834,-0.7320764064788818,-1.2278503992620475,-0.19792058158559098
2024-20,faenza,-0.3215329048745317,-0.7464576977140763,-1.4728576206111286,-0.025403847453922795,-0.7542212605476379,-1.4785910426659243,-0.019413090843846407
2024-20,ferrari,1.099225312207062,0.8463302833192489,0.33004139312236297,1.3515026239465373,0.8495374321937561,0.321985268906617,1.3621657771865796
2024-20,haas,-0.07095095940985491,-0.5682549345142701,-1.0635723518084397,-0.0518653087726055,-0.5191501379013062,-1.0275561609923816,0.007715819990225586
2024-20,hinwil,-0.8500867673121183,-0.707686664427028,-1.214263945549901,-0.18090960100261255,-0.7471146583557129,-1.2559637388629135,-0.21463603962022684
2024-20,mclaren,0.717692979164077,0.7378176433198592,0.24637997354269806,1.243297188135767,0.7336233854293823,0.22324414827239236,1.236447777308316
2024-20,red_bull,-0.0652206483308631,0.9043986779801987,0.3680615416505752,1.4091087630690005,0.9194890260696411,0.38093546004829815,1.4119578456630564
2024-20,silverstone,-0.7575152258118107,-0.35592925723861246,-0.9616594814058546,0.28144865971275523,-0.33578914403915405,-0.9381559217226906,0.3067332033093486
2024-20,williams,-0.4019029335887148,-0.6419421451933244,-1.6350602455322563,0.381670587053018,-0.6202920079231262,-1.597617872596726,0.3977465809484024
2024-22,brackley,0.907111414285933,0.4901703265299705,-0.033751606156985664,1.0309197910222567,0.38039520382881165,-0.14119807965429632,0.9063321676999004
2024-22,enstone,-0.34748099848841196,-0.7523507344351403,-1.3682790714734394,-0.15385202552400304,-0.7363018989562988,-1.3483005772806975,-0.11900223194560276
2024-22,faenza,-0.5081987609458516,-0.5967605531495235,-1.1464389822643202,-0.07066893713018954,-0.6176878809928894,-1.1821319562472465,-0.08393739752375355
2024-22,ferrari,0.681737590977304,0.869149493774739,0.34496171904398515,1.3933074559157788,0.8790900707244873,0.3549514280530198,1.4070361999706487
2024-22,haas,-0.4663796289974166,-0.5277003020327709,-1.0523055779012052,0.009192813220786413,-0.4895974397659302,-1.0273804343464823,0.04395530775031102
2024-22,hinwil,-0.5964619117342778,-0.7952211910222636,-1.32327654174212,-0.24802709116948365,-0.7175619602203369,-1.257287222300798,-0.17894173143009193
2024-22,mclaren,0.17375191895900494,0.8966084226414217,0.36433545599940953,1.3923274931832723,0.7631760239601135,0.25376774568678717,1.2709558976055646
2024-22,red_bull,0.23555793306059591,1.043483432828417,0.5001487277798191,1.564450141969217,0.9490416646003723,0.4115983049459348,1.470557743641978
2024-22,silverstone,-0.2209919990061291,-0.1737164655499604,-0.6946282718963712,0.3571353943685358,-0.2279135137796402,-0.7742667037150354,0.2938473723779107
2024-22,williams,-0.03238605735495664,-0.8298377968024597,-1.4933834598546747,-0.17020469228824722,-0.5507912039756775,-1.2110852278843087,0.10889153140246195
2024-23,brackley,0.4485937462186059,0.33007499674105545,-0.16688860327467078,0.830881858710966,0.3236580491065979,-0.16826150003093568,0.8279822665189447
2024-23,enstone,-0.07910671741428554,-0.6308632870709086,-1.211626977060472,-0.01250269697597387,-0.7254827618598938,-1.3201811100834249,-0.10995184252024491
2024-23,faenza,-1.1695644525021887,-0.6445315434403788,-1.1827022672161447,-0.09454955151379389,-0.6744250059127808,-1.2199796244398553,-0.14148081495449738
2024-23,ferrari,0.7109096094847567,0.8332021181678895,0.3337539033566158,1.310278280678735,0.822352945804596,0.30996527301465066,1.3194007834260215
2024-23,haas,-0.48954079169315623,-0.5360592433769384,-1.0410992807149984,-0.02304301975574339,-0.5463346242904663,-1.0577543564971297,-0.01812614114438613
2024-23,hinwil,-0.7639465378620857,-0.8784630253651381,-1.3884079992989082,-0.3511646406445356,-0.774299144744873,-1.279204636273807,-0.24921498719564117
2024-23,mclaren,1.257572518990367,0.6931598390111491,0.1706072630563613,1.2010989172829083,0.7064388990402222,0.1830661853250486,1.206483373557341
2024-23,red_bull,0.7262707701185329,0.9661534058275458,0.42814559998521506,1.4839266932776678,0.892304539680481,0.36330228062872766,1.3936916945784688
2024-23,silverstone,-0.40368108273808245,-0.2493011071044213,-0.8710946957667036,0.3848434009062091,-0.20632772147655487,-0.8293055052509035,0.41487616744727895
2024-23,williams,-0.957801925357298,-0.6469087009550389,-1.2618135407832718,-0.03415009298418616,-0.5675802230834961,-1.1664202877454675,0.05447407685856125
2024-24,brackley,0.4005197693618781,0.433972762779211,-0.0693398866561764,0.9443411217840384,0.458757221698761,-0.059139970024774266,0.9675683051860211
2024-24,enstone,-0.48163140631106094,-0.675281220414943,-1.3080805910373736,-0.053889637450162085,-0.6667599081993103,-1.2962642897296273,-0.03913944492973292
2024-24,faenza,-0.5900575458141595,-0.49530992111353234,-1.0278965828719697,0.03185567641759495,-0.5393258333206177,-1.0769271483421046,-0.00080415659965906
2024-24,ferrari,0.6577424065786659,0.9489234988900517,0.4350386761746821,1.4570095855358793,0.957452118396759,0.42858279907415175,1.4602320801939648
2024-24,haas,-0.20459213812028718,-0.4459556944701235,-0.97149826861203,0.08415005445865671,-0.41123542189598083,-0.9551674746831016,0.11341379230255183
2024-24,hinwil,-0.23093746391500194,-0.5656813999095376,-1.0724133339620092,-0.03582579623277098,-0.63919997215271,-1.167223989555006,-0.11233427594369683
2024-24,mclaren,0.7404528797066431,0.8009988099439744,0.30147914085339245,1.3205435247544157,0.8415380716323853,0.32567472236265316,1.3661839817214647
2024-24,red_bull,0.3999587845349163,1.2235578601571415,0.6238991783947236,1.8457230895383931,1.2415088415145874,0.6281745898360317,1.8735059791350928
2024-24,silverstone,-0.22722570239780343,-0.11364848490799145,-0.6389817313170014,0.39781753830612115,-0.14955148100852966,-0.6681087143442277,0.36799217877734414
2024-24,williams,-0.26425019135633254,-0.4997972808756801,-1.1430670678537564,0.14210952378498082,-0.47242918610572815,-1.11182081413954,0.17384652650775803
2025-11,brackley,-0.16557666201258703,0.44410845639232244,-0.1849583065632693,1.0759534466561316,0.4702407419681549,-0.16206224297732505,1.0837874782499386
2025-11,enstone,-0.5464544751361329,-0.37561163223703153,-0.8852440607664644,0.12244061007102457,-0.3672866225242615,-0.860536804335001,0.14065980393428662
2025-11,faenza,-0.3472602331684802,-0.2712559095712448,-0.7697227613096684,0.24018696685344731,-0.26088201999664307,-0.7553897287866114,0.23048199191718918
2025-11,ferrari,0.7389254497450679,0.6743206109959364,0.1661808377906034,1.1649286453488228,0.6728533506393433,0.17285739984543302,1.1690245751836645
2025-11,haas,-0.4023507866733813,-0.21096425286126425,-0.7043926522097922,0.26266485065910256,-0.19671234488487244,-0.6946789083974612,0.29724623704905795
2025-11,hinwil,-0.21023747624021746,-0.60258238680084,-1.0949037846553824,-0.09257538521515522,-0.5888897180557251,-1.0755216829899108,-0.0897918751778696
2025-11,mclaren,1.3053532172013886,1.0370311902387703,0.5310709356194476,1.538258133279057,1.020310640335083,0.5089134449101838,1.5213811468296465
2025-11,red_bull,-0.4436297002575731,-0.1317093152250512,-0.7202186329810062,0.46561078019593527,-0.12681525945663452,-0.7334342630326949,0.4868651930700237
2025-11,silverstone,-0.23337251459316488,-0.4071371903479619,-0.8884814978998468,0.10170351157199908,-0.45110607147216797,-0.9362996309390333,0.054515181834029834
2025-14,brackley,0.31413015192700927,0.33085873257230636,-0.16949032592790597,0.8444487889559299,0.30301082134246826,-0.19711941773731806,0.805046380229258
2025-14,enstone,-0.40115433130204337,-0.4086389314369401,-0.9156991878272965,0.09703756496572143,-0.3933568000793457,-0.9061675336997239,0.1380258588764205
2025-14,faenza,0.015971987588588532,-0.32925555880196355,-0.8313360987615216,0.18122526121002858,-0.2869521975517273,-0.7850707222510751,0.2233485773228616
2025-14,ferrari,0.274302770510017,0.692706973624167,0.16788645708147337,1.221880411519169,0.646783173084259,0.13225448019137595,1.167933154324016
2025-14,haas,-0.5927295147884146,-0.22048816379688033,-0.7469140509613554,0.324682538019854,-0.22278252243995667,-0.7639440732544907,0.31799612147553363
2025-14,hinwil,0.01219225893817727,-0.6356096860007485,-1.1646108201684813,-0.11730373986351263,-0.6149598956108093,-1.129532896719286,-0.1147136751732337
2025-14,mclaren,1.1239576137624896,1.004003891038862,0.4886430304229658,1.4978082188282673,0.9942405223846436,0.47258977933927454,1.5019600267964581
2025-14,red_bull,-0.2089021533549028,0.30564688457342437,-0.19915669590225452,0.8153758608606311,0.33183568716049194,-0.19184290425608894,0.8473633205215161
2025-14,silverstone,-0.12306328905218658,-0.4548541072130531,-0.9723650454489458,0.05112521177700823,-0.4771762192249298,-0.9939682755624735,0.04741729982424449
2025-14,williams,-0.4147054942287356,-0.2843700345591744,-0.7882108851700994,0.24169613031977327,-0.2806425094604492,-0.7834643853825114,0.2456420161067778
2025-15,brackley,0.3296789071164298,0.3264518472727516,-0.17947470958137351,0.8333735569276027,0.30301082134246826,-0.20445492596931622,0.8105236668133036
2025-15,enstone,-0.6743788450787478,-0.37779073434005683,-0.8811407523400936,0.12603039702763338,-0.3933568000793457,-0.8931532459506495,0.12436624355199835
2025-15,faenza,0.377044844497025,-0.28224878227337913,-0.7829608207237753,0.2348592048023801,-0.2869521975517273,-0.7881377784104084,0.23215786138586822
2025-15,ferrari,0.7308527810217402,0.633948502963437,0.10058509885945689,1.148441492293047,0.646783173084259,0.11892335285188682,1.1643261592432295
2025-15,haas,-0.7721395982339923,-0.19845373729910618,-0.7232504545232292,0.3646819846093128,-0.22278252243995667,-0.7649240878571404,0.3276581433010861
2025-15,hinwil,-1.0136749580494826,-0.6708647683971869,-1.2026467865853576,-0.14440494782730265,-0.6149598956108093,-1.130209015604916,-0.1142732747203411
2025-15,mclaren,1.555086303731273,0.9702177704089422,0.438291873889112,1.4790492884058823,0.9942405223846436,0.4682678117074134,1.512818754528429
2025-15,red_bull,-0.0763409995225266,0.2792055727760958,-0.22696395354274548,0.7744553842700209,0.33183568716049194,-0.18427502751956645,0.8392177923974554
2025-15,silverstone,-0.4076880787381926,-0.4093162924509872,-0.9351616158189949,0.10694374981232362,-0.4771762192249298,-0.9955552351791442,0.04637459787271689
2025-15,williams,-0.0484403567435262,-0.2711493786605101,-0.7684510019593793,0.23673398989523298,-0.2806425094604492,-0.7788591184641919,0.22528758669376014
2025-16,brackley,0.1581556147670958,0.26156963364609453,-0.2279813191967685,0.7518631982495675,0.2733088433742523,-0.22309782649224294,0.7657726163898687
2025-16,enstone,-0.664213794359612,-0.44854879503278666,-0.9450924868570363,0.05095017270399904,-0.42305880784988403,-0.927835209728553,0.09077623895105721
2025-16,faenza,-0.2551561501247639,-0.35594476649914614,-0.847833193063325,0.14718226425605474,-0.3166542053222656,-0.8166743098634872,0.18720600085155156
2025-16,ferrari,0.31305644132263544,0.6410454158961743,0.12503248317554866,1.1317351491166796,0.6170811653137207,0.09946730380785102,1.1180445325439106
2025-16,haas,-0.1746571592353081,-0.23836360089495304,-0.7507879286108798,0.27722552136684103,-0.252484530210495,-0.7639093086699407,0.2536808491112235
2025-16,hinwil,-0.2671375553078313,-0.6997380039280818,-1.2939257570976157,-0.1000900455483899,-0.6952843070030212,-1.2773946561681386,-0.10480657403897009
2025-16,mclaren,0.7179626397378644,0.9200251744474675,0.42345393931497216,1.4325480831262163,0.9645385146141052,0.46037666943529276,1.4566056987577347
2025-16,red_bull,0.2562926478019668,0.3289023769378631,-0.16435866316439662,0.8011098713555065,0.3021336793899536,-0.1847215543257662,0.7968415292875513
2025-16,silverstone,-0.150962222861949,-0.45950888841246185,-0.9497070277865826,0.03552577999124931,-0.5068782567977905,-1.0236654965578151,0.0027079458942050137
2025-16,williams,-0.06690923939401393,-0.29930754812421073,-0.7930868004767032,0.19771007108665375,-0.31034451723098755,-0.8035936709984787,0.1873400922303988
2025-17,brackley,0.6082878832164407,0.3652958760875002,-0.12243523039092383,0.8616464870092916,0.3540268540382385,-0.1428789249184761,0.8530171742005459
2025-17,enstone,-0.9638088725643165,-0.31397435549449726,-0.8123021067655573,0.18887092773941386,-0.34234076738357544,-0.8429089810490314,0.17900836663120442
2025-17,faenza,0.23411564971475912,-0.21255655636174686,-0.7077093443593351,0.2793646626223335,-0.23593616485595703,-0.7359751582990226,0.26905234740083467
2025-17,ferrari,0.4981984847786469,0.722737231839806,0.21559127406949916,1.2303410187048422,0.6977992057800293,0.20254541481343588,1.2048736888939375
2025-17,haas,-0.24771597989438995,-0.16695451731694896,-0.6728082975077792,0.3608477819672238,-0.1717664897441864,-0.6805214460079518,0.33956418887683565
2025-17,hinwil,-0.22821843329980274,-0.5673864218556345,-1.0693436999846837,-0.06002025018019429,-0.5639438629150391,-1.0658955057620645,-0.06722306782244415
2025-17,mclaren,0.3573004077314335,1.082595151368433,0.48937981665827834,1.650035632422807,1.070192575454712,0.48847790684612064,1.646553909353119
2025-17,red_bull,0.5156367524228476,0.3327392192560278,-0.17633558957875714,0.8160014200123168,0.3828516900539398,-0.1297826495400563,0.8747523951801983
2025-17,silverstone,-0.6669699165130168,-0.42335488723089554,-0.9137205557740511,0.06310226439165012,-0.42616021633148193,-0.9336668889090431,0.07841706409924717
2025-17,williams,0.07182422827311488,-0.27784316460782715,-0.7872977561685283,0.23319061364558036,-0.22962647676467896,-0.7331278349974405,0.2732371201982251
2025-19,brackley,0.28647530397114923,0.30644747227700064,-0.18339763179247348,0.8198191143302024,0.2905178368091583,-0.20913267791198345,0.7964167233316476
2025-19,enstone,-0.6798784891795302,-0.4066088799349169,-0.9022406516702822,0.10016018317427161,-0.405849814414978,-0.9176868657927035,0.12150961615363287
2025-19,faenza,-0.4016278082169996,-0.28756353960394754,-0.7952300703666482,0.2227617602720597,-0.2994452118873596,-0.8031317971827158,0.21180864663828294
2025-19,ferrari,0.6712714774228207,0.6183510132672408,0.11653576683566705,1.1266241314660914,0.6342902183532715,0.13464029930242813,1.13261226162936
2025-19,haas,-0.18087731248746025,-0.20523745639619317,-0.7125341035868094,0.31944363937522585,-0.235275536775589,-0.7561009652181586,0.2758935765740673
2025-19,hinwil,-0.37151946990533247,-0.6541450992299807,-1.165189273087851,-0.14317022544179506,-0.6274529099464417,-1.1342711175379945,-0.12856157589468675
2025-19,mclaren,0.6841367881430258,0.9325858542149721,0.4222586995204043,1.425833459777237,0.9817475080490112,0.46804471412410914,1.500291352299973
2025-19,red_bull,0.39615068896146777,0.31795966844107515,-0.18272206552270112,0.8073693429359159,0.3193426728248596,-0.19474295779142717,0.8220323287079516
2025-19,silverstone,-0.3245684238663246,-0.44401028511192003,-0.9393616087041405,0.04890343806172788,-0.48966923356056213,-1.0072838832656283,0.02199214799027258
2025-19,williams,-0.1591255096856325,-0.355557495846661,-0.9444314137511023,0.2368257607851583,-0.33641108870506287,-0.9427514602373139,0.26339620323734425
2025-20,brackley,0.4476407012194029,0.3093401708794604,-0.17121051209504512,0.8058579620440245,0.2836917042732239,-0.2028426732263841,0.7741583741251927
2025-20,enstone,-0.957954078803497,-0.4154678754646034,-0.9163140829272438,0.08489846881884276,-0.41267597675323486,-0.9128687315584889,0.10453652165785643
2025-20,faenza,-0.20944842140515368,-0.277052854198772,-0.8727764797684784,0.32613140127645485,-0.22616036236286163,-0.8330999393824089,0.38944783305886144
2025-20,ferrari,0.4284895269333291,0.6300574824688097,0.10114780624385547,1.1240839312494524,0.6274640560150146,0.10419571077091047,1.1352578894170562
2025-20,haas,0.015156006656540405,-0.27873076965268284,-0.7933655512465941,0.2526869062814316,-0.24210166931152344,-0.7581031223367765,0.28057640786707483
2025-20,hinwil,-0.5287653442884086,-0.6718178653587771,-1.1998007979606844,-0.14011282739855463,-0.6342790722846985,-1.147689639182825,-0.11633538875645061
2025-20,mclaren,0.7659576739167436,0.9604509028482421,0.4666008732665538,1.4710294173328813,0.9749213457107544,0.4731379532864981,1.4808106876858609
2025-20,red_bull,0.20075239548292637,0.29881794054576105,-0.20319438579912005,0.7718779484654673,0.3125165104866028,-0.184950122425047,0.8039058470297538
2025-20,silverstone,-0.3239645438902834,-0.4469934335755338,-0.9472003223761826,0.050970801400057685,-0.4964953660964966,-1.0006713871485713,0.021632826588614998
2025-20,williams,0.05741187347582255,-0.24713012559129,-0.7546001259262253,0.2663320271268636,-0.299961656332016,-0.8046389861647623,0.21143065963403312
2025-21,brackley,0.3946785388237144,0.32416507653401333,-0.15884228440834114,0.8250712035094139,0.3114748001098633,-0.18039650006450741,0.8072944371163839
2025-21,enstone,-0.12614204424963682,-0.377139581545758,-0.8934158096052718,0.11511968560682666,-0.38489288091659546,-0.8988255550948342,0.12188402533746909
2025-21,faenza,-0.142159822596928,-0.27278385887997125,-0.7810375384142689,0.22126825419670407,-0.27848827838897705,-0.7915353388813586,0.23455744763181677
2025-21,ferrari,-0.9915250366840757,0.45157205320625526,-0.15492305043985494,1.06537606783847,0.4840966463088989,-0.13446077504574672,1.1086659031814476
2025-21,haas,-0.08167360393948336,-0.24040247573383736,-0.7514994468631048,0.2681381751600155,-0.21431858837604523,-0.7252317930702791,0.3008394825470935
2025-21,hinwil,-0.05615341931344875,-0.5975194229762986,-1.2341309854517772,0.012382673992099736,-0.5558735728263855,-1.2053699146167787,0.07894773940231127
2025-21,mclaren,0.5786721167739161,1.0325653173970075,0.5317472371301687,1.5457661677470327,1.002704381942749,0.4997980406945437,1.5059897408141825
2025-21,red_bull,0.0678687633502767,0.34155311976416136,-0.13451087248149393,0.8260194543507863,0.3402996063232422,-0.13730722799868428,0.8378122373459436
2025-21,silverstone,-0.03229236865129795,-0.46742361031741875,-0.971454697144275,0.020056150345972336,-0.4687122702598572,-0.9819399208620515,0.02788719986873282
2025-21,williams,-0.1351123515117983,-0.26756030233317496,-0.7748490596345268,0.23935391286801175,-0.272178590297699,-0.7664448971673684,0.2532194803462364
2025-22,brackley,0.43913701750203843,0.17558532522504877,-0.3188862797621283,0.673768750632907,0.23334553837776184,-0.27071894287112824,0.7330269073592209
2025-22,enstone,-0.778753457380067,-0.4228920091984444,-0.9341190254324803,0.07678471776630089,-0.4630221128463745,-0.9816849912629125,0.05083279749928422
2025-22,faenza,-0.20520419578796106,-0.3479155218630229,-0.856207083888227,0.14568672739912558,-0.3566175103187561,-0.8704269998896508,0.1473761484719484
2025-22,ferrari,0.1667419345532507,0.5859093045720122,0.09183526695344016,1.0879037895621888,0.577117919921875,0.0779546694203067,1.0819731780411392
2025-22,haas,-0.38541738241227214,-0.36254091524547305,-0.8760377242411159,0.15380085325691847,-0.2924478352069855,-0.8126260188406844,0.2278134297897196
2025-22,hinwil,-0.050326921037336006,-0.6594304300606861,-1.273760951179146,-0.0679009873992872,-0.6340028047561646,-1.2524733011551754,-0.027623145657902994
2025-22,mclaren,0.5244241099857403,0.939806113215737,0.4462920171422391,1.4425546388135346,0.9245752096176147,0.4253552661784307,1.4186864493609506
2025-22,red_bull,0.32260366283576786,0.3104903097766575,-0.188098456689784,0.8075603079804452,0.26217037439346313,-0.22722233131796357,0.7669374521668538
2025-22,silverstone,-0.5420788759523457,-0.42969839347010996,-1.0484045225364171,0.1691541549183885,-0.43562525510787964,-1.0639834763266167,0.19159794333929692
2025-22,williams,0.21267120919834367,-0.33387819471711666,-0.8365650738017625,0.17994000662552095,-0.350307822227478,-0.8514081051135247,0.17167896057502816
2025-23,brackley,0.389186561139979,0.30579311419601285,-0.17452505037449745,0.7965684664947205,0.2733088433742523,-0.21808766499482626,0.7625457081639071
2025-23,enstone,-0.7242900514755923,-0.39404258211724075,-0.8929054041270214,0.09598203514878594,-0.42305880784988403,-0.9215810478726654,0.09258709545993823
2025-23,faenza,-0.13433623806300243,-0.3352246742135204,-0.8228828659878015,0.17422888699288025,-0.3166542053222656,-0.8227353601144529,0.17634331535082556
2025-23,ferrari,-0.2574472959587707,0.5927243051554418,0.07439416725190644,1.0811054937427287,0.6170811653137207,0.1036165772228877,1.1198007379079928
2025-23,haas,-0.3752723129571616,-0.2719950939705027,-0.7765124630239442,0.25122958097057096,-0.252484530210495,-0.7627419730484828,0.266806149139226
2025-23,hinwil,-0.5714403852635914,-0.7436522293692592,-1.3572480219795635,-0.15170785709845247,-0.6952843070030212,-1.290535406775831,-0.10925850875187107
2025-23,mclaren,1.2346603092045936,0.9745313873630134,0.4748882286610514,1.4843300520828338,0.9645385146141052,0.4547580448678976,1.4712430351645083
2025-23,red_bull,0.39966071049961893,0.29527088386231337,-0.1938187977167805,0.7671218162627172,0.3021336793899536,-0.18343645523773813,0.7947365114780924
2025-23,silverstone,-0.2756694619916236,-0.49607830502104777,-0.9876136816775111,-0.012558132159522844,-0.5068782567977905,-1.0082675240421015,0.0007919492098354795
2025-23,williams,0.02922797223375495,-0.29915292056984033,-0.7950424285119851,0.19779409247933863,-0.31034451723098755,-0.7977602701969106,0.19120323385792576
2025-24,brackley,-0.01906245512367699,0.2900215954630988,-0.21375695279252216,0.7999932554983042,0.30301082134246826,-0.1931459774996661,0.8064688792574479
2025-24,enstone,-0.5600173045764176,-0.42156579498230107,-0.9186134434377463,0.08155615001660123,-0.3933568000793457,-0.889139500074702,0.13226138180944402
2025-24,faenza,-0.514387881843213,-0.28636187521963047,-0.7904438452570616,0.21996173802517674,-0.2869521975517273,-0.8032990342617022,0.23967114235707299
2025-24,ferrari,0.49928343019441224,0.6753732247792511,0.17469838069225962,1.1970605878032239,0.646783173084259,0.14694189012356104,1.1687078511430717
2025-24,haas,-0.14252599050609344,-0.1952220214127662,-0.7036485662411701,0.3333855902645755,-0.22278252243995667,-0.7382182283710541,0.2931099683984845
2025-24,hinwil,0.10127273489171357,-0.6500055113126273,-1.1667008176187565,-0.14198147588332477,-0.6149598956108093,-1.129238788901369,-0.11778935216122871
2025-24,mclaren,0.7148153544731923,1.0072356069252022,0.5116130977459583,1.4890645915617668,0.9942405223846436,0.4800113772770969,1.5006772754007704
2025-24,red_bull,0.2532858390801646,0.36323018582094,-0.1460086090284319,0.8695575623828111,0.33183568716049194,-0.19246587370122334,0.8478745851731334
2025-24,silverstone,-0.09043028568711614,-0.4574982383927856,-0.9714968116105382,0.04793725490683938,-0.4771762192249298,-0.9936265583767275,0.058935705841128665
2025-24,williams,-0.24223344090296417,-0.32520717166838176,-0.842574613869273,0.19056257530906584,-0.2806425094604492,-0.793882941430886,0.23069013746278808
2026-08,brackley,1.6781709052699572,1.808895493556634,1.2780478740860934,2.3197387606692543,1.6721110343933105,1.145153581966132,2.180836700563987
2026-08,enstone,-0.5219991990035537,-0.17789793046385466,-0.7021868842405592,0.37837942015603615,-0.163618266582489,-0.7111482636163916,0.37964937209498706
2026-08,faenza,0.0912471362097663,-0.3465187824237602,-0.8823900688454323,0.1751802273134731,-0.3799547553062439,-0.9165737007938097,0.14197917724732023
2026-08,ferrari,1.2835641755566567,1.3165708453682239,0.7953387833486423,1.852774944207107,1.321347713470459,0.8071323138555037,1.846767599625158
2026-08,haas,-1.078114038480638,-0.35789210932647053,-0.9130072887794487,0.1760188893323393,-0.3818697929382324,-0.9312495240161608,0.1486472307168607
2026-08,hinwil,-0.281482056737844,-0.44666493102829263,-0.9867370222077801,0.09897882552684992,-0.3477742075920105,-0.8860795347038188,0.2115256788650177
2026-08,mclaren,1.2849531317870215,1.2291439740614947,0.6780526523182255,1.7626182866118896,1.1652016639709473,0.6263013391015341,1.7025920053147783
2026-08,red_bull,1.499902979825874,0.44868106526547674,-0.07141224290512302,0.9776505014404593,0.4870051443576813,-0.027243969016497664,1.0130708682117715
2026-08,silverstone,-2.5087705672462723,-2.419085128319271,-2.9793829105709713,-1.8713760175912086,-2.3230080604553223,-2.894959275339327,-1.7791728344130202
2026-08,williams,-1.4474724671809662,-1.0552324966901803,-1.602578477684203,-0.5158957669197332,-1.049440860748291,-1.5810946491195603,-0.515041769173354
2026-09,brackley,1.711587768935279,1.8938294333220025,1.3730916019531854,2.415167670466841,1.8712371587753296,1.3507641484250306,2.3563524187493385
2026-09,cadillac,-1.592775634707092,-1.8609757490734529,-2.3999085224905814,-1.3299223625821441,-1.9912601709365845,-2.535435527626195,-1.455883314345817
2026-09,enstone,-0.06739043717233024,-0.016545417389798533,-0.5292474550937921,0.5267795871986912,0.03550778329372406,-0.48524932053087516,0.5918215881169995
2026-09,faenza,0.42181206438426005,-0.26037184943126923,-0.7833585550848196,0.25596346178676316,-0.18082872033119202,-0.7202145710403072,0.36322277044718737
2026-09,ferrari,1.6904493885631886,1.6307605050596548,1.0964248594619392,2.144367284740831,1.520473837852478,1.0011562912175929,2.0331981541425916
2026-09,haas,-0.7484464821387777,-0.1650017723472422,-0.7009829848646922,0.3641600072678198,-0.18274372816085815,-0.7275109846471952,0.34346056135087727
2026-09,hinwil,0.13951334936086068,-0.1894859530115966,-0.7173317347155194,0.34879929277781474,-0.14864814281463623,-0.667469773298128,0.38785576355345924
2026-09,mclaren,1.1623636612386101,1.3638106361388658,0.8186989948246864,1.8870080339210074,1.3643276691436768,0.8105831565933056,1.8918277787340692
2026-09,red_bull,1.1287929726302943,0.7119250094177827,0.1943090158888589,1.2447421254662927,0.6861312389373779,0.1714360454502788,1.2194401024010644
2026-09,silverstone,-2.9637776912036204,-2.12309036703467,-2.6779420067261936,-1.5695553239520694,-2.1238818168640137,-2.6922879369368267,-1.5670879651063483
2026-09,williams,-0.8821289598906732,-0.9848544756502762,-1.5279661337915198,-0.45210826777946606,-0.8503148555755615,-1.3777277940626609,-0.31746798752619815
2026-10,brackley,1.3030192826326954,1.7825992725235749,1.177641117002957,2.388291760453446,1.7397195100784302,1.1435499511154652,2.336503991960028
2026-10,cadillac,-1.9340146657916004,-2.267066274612241,-2.909181928537646,-1.631855751172332,-2.2701661586761475,-2.928176725578411,-1.6269301812823018
2026-10,enstone,-0.1068153254774058,-0.06046484699405223,-0.567816211399496,0.47139024737766333,-0.07460588216781616,-0.5913785453661334,0.465311133755999
2026-10,faenza,0.062320923779522586,-0.26668848899473974,-0.7853870037023682,0.2520433190215592,-0.29094237089157104,-0.8233742384076931,0.23697051881929407
2026-10,ferrari,1.2261007831615773,1.4340039288380264,0.9063084327461636,1.9434112022006573,1.4103600978851318,0.8984676319106703,1.9115836749506088
2026-10,haas,-0.5288734105623883,-0.2671448768533524,-0.7908750580198636,0.2544727338448913,-0.29285740852355957,-0.833157781254793,0.23270967472844212
2026-10,hinwil,-0.11117355247273442,-0.2552392607040461,-0.7738820272983968,0.2650900429736541,-0.25876182317733765,-0.7719076433930051,0.26701307485529263
2026-10,mclaren,1.0037068891448953,1.2507505925886575,0.7151597850253375,1.7730368710508004,1.2542140483856201,0.7069644915768295,1.7724383446931034
2026-10,red_bull,1.1685246289125883,0.47150067701976134,-0.04770362822856803,1.007762212784223,0.5760174989700317,0.06051097920790616,1.1157129647755273
2026-10,silverstone,-3.2733107407122817,-2.178164041189523,-2.845379446051652,-1.4871717494929455,-2.1955442428588867,-2.8548076086045295,-1.5028571552442036
2026-10,williams,-0.7616378745504614,-0.97540220326116,-1.4999628107643284,-0.44817122890482025,-0.9604284763336182,-1.4680595264069,-0.42172475914564783
2026-11,brackley,1.2916985109568606,1.7972071510044565,1.2655250951669073,2.3270816461489714,1.7683775424957275,1.2463911983922833,2.278375606013705
2026-11,cadillac,-2.5906899273149513,-1.8695634047860414,-2.493623540482189,-1.2714390043677795,-1.9253274202346802,-2.558600914640881,-1.3500903133486593
2026-11,enstone,-0.6571214697691339,-0.058583004486853565,-0.574611694222047,0.4723829797714447,-0.06735183298587799,-0.5995175705251188,0.4695367246986047
2026-11,faenza,-0.1351134467957626,-0.33637324688774106,-0.8768961897783705,0.18567562963465103,-0.28368833661079407,-0.8347192349887342,0.2607337189669813
2026-11,ferrari,1.600960345885493,1.4686365884775197,0.9529306120934621,1.9826139029487229,1.417614221572876,0.9084057193978902,1.9403655947839518
2026-11,haas,-1.2857092968243498,-0.27617997339025246,-0.8058310885884997,0.25246763540074485,-0.2856033444404602,-0.8178813312782871,0.23568337722013896
2026-11,hinwil,-0.04739997105595685,-0.24244047915274958,-0.7987725725137227,0.30248996712388126,-0.2515077590942383,-0.790846934516918,0.2990746161861677
2026-11,mclaren,1.7128467200564597,1.2659753605941981,0.7316159609455634,1.7898953243759759,1.2614681720733643,0.715643460815168,1.7941410212111146
2026-11,red_bull,1.1653729882102413,0.6007468083747723,0.08619883702909627,1.1260867739324336,0.5832715630531311,0.05362583905551458,1.1070162814448417
2026-11,silverstone,-0.5252738846769964,-2.290066256525293,-2.818041781920234,-1.7358894352212586,-2.2267417907714844,-2.7843982054642593,-1.6782444612789182
2026-11,williams,-1.824915532329379,-0.9941412456150363,-1.5380245777804047,-0.4593018843634941,-0.9531744718551636,-1.4873652287580734,-0.4194083413393568
2026-13,brackley,1.3949716960054641,1.8945458030795164,1.3653284524607847,2.420483207696652,1.8499313592910767,1.3270248504468494,2.368724731763773
2026-13,cadillac,-1.9987595081009046,-2.0349304040215106,-2.5719107828404817,-1.493968920835017,-2.012566089630127,-2.55309851384327,-1.463081829472965
2026-13,enstone,0.2550492296741173,0.07635843762898878,-0.45860381593400645,0.622289948155381,0.0142020583152771,-0.5225970825808617,0.5596735503001445
2026-13,faenza,0.30518959018771863,-0.2567737286531716,-0.7858734301243914,0.2629420002547692,-0.1784738153219223,-0.6876452792485476,0.3457225671063109
2026-13,ferrari,0.8372049929438555,1.5170747168078793,0.911256793359309,2.1335834972759637,1.4533870220184326,0.840540314896725,2.06305927914911
2026-13,haas,-0.3582550390814403,-0.19218424681353466,-0.7448481986970426,0.3386354444022105,-0.20404945313930511,-0.7369875367051295,0.3109480567391894
2026-13,hinwil,-0.13198729663667147,-0.21666842747788925,-0.7648611530056666,0.3077295583549747,-0.16995388269424438,-0.7329052034927119,0.37453085886002613
2026-13,mclaren,1.0251272047639652,1.359675032987892,0.8239886409343175,1.9111795891691972,1.3430218696594238,0.7887927780765598,1.8797183024016118
2026-13,red_bull,0.7543761733528759,0.583867033016537,0.04909051487995345,1.12040149631882,0.5946343541145325,0.046168438765845365,1.1584494068561477
2026-13,silverstone,-2.4334916035905287,-2.245862000937101,-2.8938608937218393,-1.6220219085165026,-2.1836390495300293,-2.8458089804289743,-1.523141314574015
2026-13,williams,-0.4475687448417881,-0.8494958576822175,-1.3776141375251025,-0.33098231738685,-0.8716205358505249,-1.3924119994127202,-0.34511338138370645
2026-14,brackley,1.870477229292947,1.8606282934661236,1.3216531949160597,2.376788935993569,1.841508150100708,1.3170455291200613,2.3500166276164944
2026-14,cadillac,-2.6089376522220022,-1.9329926721972361,-2.495940321898332,-1.397166555257335,-2.020989179611206,-2.588090333698111,-1.4758772742125594
2026-14,enstone,0.16895498122309682,-0.040042611428701,-0.6020523213149995,0.5239303519387464,0.005778789520263672,-0.5581863336170447,0.5739312751030744
2026-14,faenza,0.022116975905180025,-0.20456871914090052,-0.7345015964832041,0.3293814040901495,-0.18689708411693573,-0.7470671063086743,0.3647353744885471
2026-14,ferrari,1.7409709665853423,1.5870232208194972,0.9382237187536692,2.2241364913651345,1.536525845527649,0.9014494995937646,2.155595113995548
2026-14,haas,-0.3461906303354685,-0.1982029122031203,-0.7405707933691497,0.3466631802375304,-0.21247272193431854,-0.7724893592046324,0.34037652884355213
2026-14,hinwil,0.1917014521571333,-0.06621096656873371,-0.6193434512421817,0.4936664983115831,-0.1783771514892578,-0.7322810389288846,0.37556641043857575
2026-14,mclaren,1.233330714251699,1.2966456859235707,0.7763057038311042,1.8301327923221404,1.3345987796783447,0.795516520044881,1.8625246418022976
2026-14,red_bull,1.0884091660032151,0.501429794318264,-0.03083063845572181,1.0448147278147215,0.586211085319519,0.034316378250296355,1.157212175378547
2026-14,silverstone,-1.3217177061383347,-2.115287042674901,-2.770306159862699,-1.4719201105013544,-2.115159749984741,-2.7643983543081143,-1.4567308494376348
2026-14,williams,-1.8294888664993048,-0.9525539812415649,-1.480522544996724,-0.4172804489378046,-0.8800438642501831,-1.4085951342566072,-0.3447808353426213
2026-15,brackley,0.99065365886289,1.837795226447098,1.3087044927745,2.3569179437715517,1.7682688236236572,1.227991864140927,2.2539570378362432
2026-15,cadillac,-1.3775147232614562,-2.026179346389339,-2.5645345162207605,-1.4981769017363038,-2.094228506088257,-2.633601701184417,-1.5636770468048593
2026-15,enstone,0.49709190698545747,-0.11624738044109584,-0.6293949920032252,0.4197973572788156,-0.06746046245098114,-0.6017099247533767,0.47888206870599187
2026-15,faenza,-0.360975587115263,-0.2775902730382689,-0.8014464679548375,0.25295935357363847,-0.2837969660758972,-0.8259030163927704,0.2576748732525863
2026-15,ferrari,0.6176113773314247,1.4704088806522562,0.9450128967751094,1.9878911931211687,1.4175055027008057,0.8883106449679317,1.9263450797827038
2026-15,haas,-0.2791976801168254,-0.24165686408322062,-0.7707166954282455,0.28374721039031575,-0.28571197390556335,-0.8320894288564284,0.23615754940143116
2026-15,hinwil,-0.37596203525870076,-0.27584499056455136,-0.8007426261831573,0.25036496790346896,-0.25161638855934143,-0.7606593256663489,0.27615120938509485
2026-15,mclaren,0.6889289291501666,1.1804121404161492,0.6224852699957975,1.7001359224768282,1.261359453201294,0.6995750092421701,1.7892172554369152
2026-15,red_bull,1.1625437101416642,0.5818982156884347,0.060756002762666815,1.1098177921868804,0.5831629633903503,0.07094728782671511,1.1114849211310072
2026-15,silverstone,-2.4035363630645104,-2.3224950802164748,-2.9849025249898613,-1.6415487632292496,-2.188398838043213,-2.8520387401389353,-1.521280318114078
2026-15,williams,-0.361411375187103,-0.9717480685792248,-1.4870725295695713,-0.4502473476188141,-0.9532830715179443,-1.4702976641486998,-0.4295775079833183
