driver_id,own_error_rate_multiplier_median,q05,q95,races,laps,own_error_events
hamilton,0.9587567,0.6731548,1.0952332,342,19135.0,4.84092413551075
ricciardo,0.97058624,0.7008246,1.1072615,257,13910.0,3.776342011733869
vettel,0.9768865,0.722534,1.121163,256,14148.0,4.130031868468296
raikkonen,0.98288345,0.72576445,1.1395065,195,10505.0,3.61
gasly,0.98346716,0.74377626,1.1431104,191,10228.0,3.509039519625007
alonso,0.98432547,0.74679327,1.1478096,302,15927.0,6.70498624292097
norris,0.9861542,0.734879,1.1844658,166,9354.0,2.6946687303027788
rosberg,0.9868626,0.73809564,1.161348,136,7402.0,1.9949999999999999
button,0.9903491,0.76839346,1.1773684,136,7373.0,3.0166666666666666
ocon,0.9908322,0.77249676,1.1725143,195,10386.0,4.112221169811517
bottas,0.99270445,0.77135974,1.1730254,261,14230.0,6.159904827374091
perez,0.9927692,0.78768176,1.170518,296,15958.0,8.322256110824311
kubica,0.99453884,0.76269144,1.2017355,42,2261.0,0.13999999999999999
webber,0.9947429,0.7561129,1.1926997,77,4240.0,1.8049999999999997
massa,0.99489665,0.7805837,1.2031326,155,8403.0,4.548333333333333
russell,0.9951191,0.7666627,1.2044532,167,9267.0,3.316459905834569
barrichello,0.99562633,0.76559234,1.2125148,38,2027.0,0.285
vergne,0.99602336,0.7737929,1.2255187,58,2949.0,1.3749999999999998
zhou,0.9966804,0.77213323,1.2183522,68,3591.0,1.795127473873185
piastri,0.9968468,0.78541726,1.2170751,83,4719.0,1.6218462444757753
pic,0.99742216,0.7805782,1.2270287,39,2001.0,0.4666666666666667
trulli,0.99755526,0.7620154,1.2246566,36,1714.0,0.285
arvid_lindblad,0.9978822,0.7797739,1.2461379,14,816.0,0.0
kovalainen,0.99839175,0.7813565,1.2385381,59,3105.0,1.2349999999999999
chilton,0.99848306,0.77560765,1.2576292,35,1840.0,0.9499999999999998
grassi,0.9986995,0.784482,1.2440943,19,758.0,0.285
alguersuari,0.99885625,0.7870267,1.2526909,38,2026.0,1.2349999999999999
stevens,0.9990877,0.7833925,1.2615845,18,910.0,0.32666666666666666
sirotkin,0.99920255,0.7784273,1.2519128,21,1100.0,0.285
yamamoto,0.99927914,0.7788456,1.2688193,7,325.0,0.0
bearman,0.9993179,0.79708636,1.2552114,42,2246.0,1.5086153921795291
de_vries,0.9993268,0.79162383,1.2580196,11,605.0,0.49015551398056884
jules_bianchi,0.9994788,0.7974758,1.2453579,34,1725.0,0.855
rossi,0.9995156,0.7892882,1.259918,5,297.0,0.0
nasr,0.9996064,0.79231584,1.2473863,39,2191.0,0.9383333333333332
lotterer,0.9996745,0.80053717,1.2717248,1,1.0,0.0
klien,0.9997726,0.7926156,1.2779677,3,147.0,0.0
antonelli,1.0000155,0.80017304,1.2642388,39,2176.0,1.2087789328728247
tsunoda,1.0000588,0.79064643,1.2611281,115,6097.0,3.4303174062356905
pietro_fittipaldi,1.0001316,0.7919415,1.2593622,2,138.0,0.0
aitken,1.0001686,0.7962224,1.2508229,1,86.0,0.0
hadjar,1.0002635,0.8009898,1.2619718,36,1932.0,1.1526264295158086
colapinto,1.0003386,0.79759043,1.2639303,41,2290.0,1.4636499581645945
garde,1.0005702,0.8027762,1.2677191,19,916.0,0.855
ambrosio,1.000621,0.7938195,1.2687759,20,1026.0,0.6649999999999999
merhi,1.0006313,0.7877031,1.2705916,13,725.0,0.32666666666666666
bortoleto,1.000733,0.78769714,1.298153,38,2036.0,1.5628001411837629
michael_schumacher,1.000821,0.809046,1.2854893,58,2872.0,2.4166666666666665
brendon_hartley,1.0008377,0.80395657,1.2591999,25,1162.0,0.855
kvyat,1.0010407,0.8063139,1.242406,110,5740.0,3.8416666666666663
kevin_magnussen,1.0011778,0.81788635,1.2314544,185,9747.0,5.444215191108798
vandoorne,1.0012014,0.79993075,1.2699869,42,2174.0,1.5199999999999998
hulkenberg,1.0012088,0.8305097,1.2285258,262,13601.0,8.652267727745578
lawson,1.0012355,0.8035002,1.2634249,50,2730.0,1.563424759270544
max_verstappen,1.0015754,0.81527805,1.2594392,248,13220.0,7.0089158503931515
chandhok,1.0020487,0.79440117,1.2751098,11,528.0,0.57
buemi,1.0023862,0.8159015,1.2854676,38,1809.0,1.8049999999999997
mick_schumacher,1.0025808,0.8121358,1.262675,43,2239.0,1.6149999999999998
doohan,1.0029905,0.80949634,1.3145455,7,267.0,0.8653107212942209
rosa,1.0030018,0.81008184,1.3084295,33,1514.0,1.5199999999999998
giovinazzi,1.0033728,0.8031037,1.2781317,62,3361.0,2.1849999999999996
mazepin,1.003466,0.824837,1.3161535,21,992.0,1.2349999999999999
glock,1.00348,0.81502944,1.2871449,55,2714.0,2.2266666666666666
haryanto,1.0035019,0.81401825,1.277151,12,602.0,0.9499999999999998
sainz,1.0039718,0.8217003,1.2636578,244,12990.0,7.794993234489186
albon,1.0040985,0.8256048,1.2785919,142,7553.0,5.02610664687525
heidfeld,1.0041567,0.80638504,1.2891957,16,821.0,1.2349999999999999
karthikeyan,1.0043623,0.820509,1.3206058,27,1315.0,1.6149999999999998
jolyon_palmer,1.0048767,0.83766663,1.3175052,36,1656.0,1.8466666666666665
petrov,1.0056632,0.8305453,1.3073951,57,2947.0,2.755
wehrlein,1.0056759,0.8257558,1.3272377,39,1965.0,2.09
leclerc,1.00622,0.83428156,1.285941,185,9909.0,6.082910169207631
sargeant,1.0063301,0.82041407,1.3334333,36,1884.0,2.3197346268451886
bruno_senna,1.0066733,0.830282,1.3206555,46,2167.0,2.7849999999999997
liuzzi,1.0074488,0.8251675,1.3420738,36,1654.0,2.4166666666666665
sutil,1.0074989,0.8402585,1.3206321,76,3792.0,3.9899999999999998
gutierrez,1.0082486,0.8351609,1.307447,59,3010.0,3.4499999999999997
stroll,1.0109774,0.8527781,1.2985379,204,10731.0,7.793209792251078
latifi,1.013547,0.85081476,1.3647225,61,3213.0,3.853984231946493
kobayashi,1.0140438,0.8442237,1.3522379,73,3379.0,4.305
resta,1.015475,0.84941965,1.3767675,59,3236.0,4.221666666666666
ericsson,1.0194621,0.8753568,1.413761,97,4827.0,5.596666666666666
grosjean,1.023124,0.87770975,1.3999016,172,8435.0,8.80673040360326
maldonado,1.0241216,0.8790829,1.3990242,95,4441.0,6.246666666666666
