supplier_season,mechanical_rate_multiplier_median,q05,q95
Audi|2026,0.8613558,0.4475551,1.576306
Cosworth|2010,2.6323602,1.6906294,3.986498
Cosworth|2011,1.4614062,0.8924531,2.369029
Cosworth|2012,1.3763398,0.8111499,2.351044
Cosworth|2013,0.86702126,0.44683737,1.5973293
Ferrari|2010,1.2549176,0.7888598,2.0375881
Ferrari|2011,1.0110344,0.6109867,1.6339751
Ferrari|2012,0.59150565,0.32601705,0.99317795
Ferrari|2013,0.74049115,0.430502,1.2480718
Ferrari|2014,1.0366089,0.64135194,1.6602726
Ferrari|2015,0.6920972,0.39439437,1.1374145
Ferrari|2016,0.9776697,0.60673034,1.4953326
Ferrari|2017,1.0913873,0.68952006,1.7384456
Ferrari|2018,0.867209,0.53515077,1.3931774
Ferrari|2019,0.868098,0.51993376,1.4042783
Ferrari|2020,0.949789,0.5660691,1.5476902
Ferrari|2021,0.6670105,0.38291958,1.119408
Ferrari|2022,1.5362766,0.94502157,2.4986827
Ferrari|2023,1.0390587,0.6313617,1.6935885
Ferrari|2024,0.75208074,0.42666465,1.2663153
Ferrari|2025,0.93173504,0.559061,1.5361793
Ferrari|2026,1.1845185,0.7034212,2.0494664
Honda|2015,1.5087886,0.85674965,2.7573924
Honda|2016,1.2891041,0.7376378,2.2997699
Honda|2017,1.9391202,1.0740732,3.4644308
Honda|2018,1.4075651,0.8100486,2.5166159
Honda|2019,0.7433037,0.4118555,1.2493122
Honda|2020,1.0899483,0.6498298,1.8228899
Honda|2021,0.87745845,0.5025729,1.48789
Honda|2022,1.3060892,0.74850893,2.1891878
Honda|2023,0.7418514,0.39756897,1.2962521
Honda|2024,0.8764485,0.49162814,1.5194906
Honda|2025,0.81714654,0.45239866,1.4085954
Honda|2026,2.080445,1.1135803,4.06518
Mercedes|2010,0.9030823,0.5501955,1.4519699
Mercedes|2011,0.7397274,0.41968095,1.20176
Mercedes|2012,0.8902645,0.53562975,1.4892536
Mercedes|2013,0.8120926,0.47942328,1.3148664
Mercedes|2014,0.6596409,0.39655566,1.0559633
Mercedes|2015,0.8867979,0.54466134,1.393949
Mercedes|2016,0.7140512,0.43810374,1.1338228
Mercedes|2017,0.7909683,0.46730188,1.2686476
Mercedes|2018,0.883919,0.5264432,1.4177228
Mercedes|2019,0.74938554,0.43848112,1.2354743
Mercedes|2020,0.8055905,0.46334714,1.3375036
Mercedes|2021,0.6404222,0.3808484,1.0227573
Mercedes|2022,0.92583025,0.5598118,1.471822
Mercedes|2023,1.2072872,0.75632864,1.8979715
Mercedes|2024,0.8660089,0.5136576,1.3911949
Mercedes|2025,0.9474377,0.5898399,1.4856765
Mercedes|2026,0.7106943,0.40438956,1.2085642
Red Bull Ford|2026,0.71561944,0.37213448,1.2746302
Renault|2010,0.99519444,0.5686958,1.6844667
Renault|2011,0.9497787,0.5617873,1.5142517
Renault|2012,0.89553213,0.55672276,1.4077348
Renault|2013,1.0482725,0.65866953,1.634597
Renault|2014,1.8236068,1.1818221,2.772975
Renault|2015,1.3134634,0.81159514,2.1529577
Renault|2016,0.80330384,0.44632378,1.3577514
Renault|2017,2.2843204,1.462864,3.5451853
Renault|2018,1.6003038,1.027842,2.5028026
Renault|2019,1.1349429,0.6763899,1.8927078
Renault|2020,0.9932185,0.56675166,1.6970596
Renault|2021,1.0052181,0.5481729,1.780714
Renault|2022,1.4954585,0.8236709,2.8109388
Renault|2023,1.2795918,0.7197766,2.337741
Renault|2024,0.9423838,0.48772442,1.7101463
Renault|2025,0.799064,0.409698,1.4870815
