team_season,mechanical_rate_multiplier_median,q05,q95
banbury|2010,3.4631495,2.0007477,5.7471175
banbury|2011,1.1056259,0.5469335,2.1360655
banbury|2012,1.2826107,0.6762372,2.2913961
banbury|2013,0.8159344,0.39125088,1.5134997
banbury|2014,1.114503,0.5263138,2.13998
banbury|2015,0.8584553,0.40111026,1.7131693
banbury|2016,0.93847054,0.46725124,1.7592365
brackley|2010,0.829985,0.39259496,1.594063
brackley|2011,0.853284,0.39619303,1.6379373
brackley|2012,1.0530949,0.50546956,2.007355
brackley|2013,0.97066486,0.49051014,1.7536936
brackley|2014,1.1978112,0.61986876,2.1684206
brackley|2015,0.8010297,0.36326185,1.5704691
brackley|2016,0.64381737,0.2928101,1.2750906
brackley|2017,0.6488715,0.29678363,1.289158
brackley|2018,0.7532347,0.36053377,1.4385228
brackley|2019,0.6293537,0.30401856,1.2450835
brackley|2020,0.7011321,0.31739458,1.4101454
brackley|2021,0.53422755,0.23789196,1.1033738
brackley|2022,0.63982004,0.29180324,1.2372255
brackley|2023,0.8771934,0.43707407,1.6351824
brackley|2024,0.6928515,0.33446822,1.3459268
brackley|2025,0.7117976,0.34363654,1.339393
brackley|2026,0.7233782,0.3135337,1.4888283
cadillac|2026,2.654572,1.4470416,4.6101665
enstone|2010,1.3463558,0.6963435,2.4803524
enstone|2011,0.69587946,0.3196375,1.3794364
enstone|2012,0.69452393,0.30671003,1.3797605
enstone|2013,1.2376839,0.6149782,2.2905462
enstone|2014,2.4057395,1.3472555,4.1216283
enstone|2015,1.7010603,0.8710618,3.1197405
enstone|2016,1.3077844,0.6750735,2.3755665
enstone|2017,2.7792284,1.5667962,4.6757164
enstone|2018,1.1129446,0.56053275,2.0784175
enstone|2019,0.9161323,0.457929,1.7236533
enstone|2020,1.3991606,0.7031549,2.5815752
enstone|2021,1.0506358,0.53367543,1.858295
enstone|2022,1.5394416,0.82522815,2.710102
enstone|2023,1.2370721,0.66116333,2.2568586
enstone|2024,0.79219633,0.38227594,1.5372708
enstone|2025,0.6396692,0.29583302,1.2508881
enstone|2026,0.6788992,0.31037727,1.3734261
faenza|2010,1.1588608,0.59560347,2.1879485
faenza|2011,1.1558777,0.5572643,2.240299
faenza|2012,0.8581342,0.4246088,1.6819309
faenza|2013,1.0649618,0.5229714,2.0017416
faenza|2014,2.3483462,1.2999647,3.9588993
faenza|2015,2.2552881,1.2820361,3.829423
faenza|2016,1.4497986,0.77434874,2.5241916
faenza|2017,1.7850144,0.9448925,3.2501721
faenza|2018,1.6998081,0.9265886,2.9661849
faenza|2019,0.7588324,0.37244704,1.4464985
faenza|2020,1.0320816,0.49635878,1.9608768
faenza|2021,1.1923932,0.6027335,2.2102327
faenza|2022,1.2149717,0.6196374,2.2056313
faenza|2023,0.71584266,0.34080473,1.4102697
faenza|2024,0.8320869,0.41995054,1.5704805
faenza|2025,0.8919041,0.44145656,1.62902
faenza|2026,0.655372,0.27944267,1.3966137
ferrari|2010,0.67218125,0.3079117,1.3128835
ferrari|2011,0.7973811,0.38474068,1.5406438
ferrari|2012,0.54955727,0.24365082,1.1117042
ferrari|2013,0.5623562,0.24038185,1.1577985
ferrari|2014,0.81002635,0.3887677,1.562883
ferrari|2015,0.8929427,0.4435496,1.6728394
ferrari|2016,0.7380511,0.35307348,1.428384
ferrari|2017,0.9643379,0.48162326,1.8350781
ferrari|2018,0.9717925,0.49616393,1.8048697
ferrari|2019,0.7762285,0.3768054,1.4684534
ferrari|2020,0.89200765,0.4249169,1.7242842
ferrari|2021,0.53149873,0.23629463,1.0696996
ferrari|2022,1.0777657,0.5484327,1.9967387
ferrari|2023,0.8909812,0.45876095,1.6718603
ferrari|2024,0.6851663,0.32640603,1.3298422
ferrari|2025,0.78638303,0.3915512,1.4635087
ferrari|2026,0.82683516,0.37404695,1.6054517
haas|2016,1.193733,0.5885824,2.1863823
haas|2017,1.3012695,0.6796943,2.3522625
haas|2018,0.66863483,0.30560765,1.339333
haas|2019,1.4355004,0.76987016,2.5252829
haas|2020,1.3283851,0.656825,2.540044
haas|2021,0.9461415,0.46261084,1.7992952
haas|2022,1.0807065,0.5385178,2.0233665
haas|2023,0.85837626,0.43248275,1.603227
haas|2024,0.63264614,0.30443683,1.2453233
haas|2025,0.79345983,0.3836029,1.4534016
haas|2026,1.0372772,0.48448533,2.0415232
hinwil|2010,2.2626157,1.1873716,4.0385256
hinwil|2011,1.1592298,0.594879,2.126679
hinwil|2012,0.6330147,0.28725883,1.2894025
hinwil|2013,0.81990784,0.39235666,1.5543641
hinwil|2014,1.9439323,1.0384818,3.4290712
hinwil|2015,0.8230261,0.38411215,1.5916302
hinwil|2016,1.348461,0.6994767,2.4018924
hinwil|2017,1.1360632,0.5849666,2.063151
hinwil|2018,1.108448,0.5592063,2.0499089
hinwil|2019,0.6426187,0.30705285,1.2522982
hinwil|2020,0.77705175,0.36223722,1.5702125
hinwil|2021,0.76531035,0.35848078,1.4651643
hinwil|2022,1.6026518,0.87965184,2.7823484
hinwil|2023,0.94104075,0.48123378,1.723021
hinwil|2024,0.7923934,0.39960378,1.4970611
hinwil|2025,0.894408,0.43922022,1.6621855
hinwil|2026,0.905326,0.41318852,1.8121971
hrt|2010,2.656147,1.4968232,4.5335073
hrt|2011,1.2873758,0.6668226,2.3512225
hrt|2012,1.5866125,0.8591979,2.8483136
leafield|2010,3.11713,1.7918733,5.177316
leafield|2011,1.9834534,1.0675089,3.4078648
leafield|2012,0.92552125,0.45379844,1.751201
leafield|2013,1.2521751,0.6565113,2.3317912
leafield|2014,2.5079942,1.3565242,4.381544
mclaren|2010,0.82177246,0.39286762,1.5771992
mclaren|2011,0.809671,0.3897948,1.5264243
mclaren|2012,1.1020402,0.5822408,2.000948
mclaren|2013,0.79512,0.37826526,1.5500774
mclaren|2014,0.8633699,0.42325062,1.615205
mclaren|2015,2.2698913,1.2026807,3.8722007
mclaren|2016,1.7834905,0.97958344,3.1455815
mclaren|2017,2.751584,1.5677696,4.5861454
mclaren|2018,1.6783227,0.8923915,2.9042814
mclaren|2019,1.4678029,0.7946521,2.5978048
mclaren|2020,0.7036083,0.32876843,1.3953449
mclaren|2021,0.6339029,0.3019359,1.2358851
mclaren|2022,0.889813,0.43754038,1.6749076
mclaren|2023,0.8096925,0.40754405,1.5014768
mclaren|2024,0.503268,0.22825909,0.98443663
mclaren|2025,0.6100912,0.28835028,1.2128315
mclaren|2026,0.9731717,0.46454164,1.9068328
red_bull|2010,0.74686265,0.3513513,1.4794801
red_bull|2011,0.54987204,0.24651025,1.1183859
red_bull|2012,1.0709112,0.5519101,1.9485425
red_bull|2013,1.0272001,0.5312905,1.8624681
red_bull|2014,1.3061717,0.680209,2.375837
red_bull|2015,1.1204612,0.57176906,2.0580792
red_bull|2016,0.6417355,0.29874703,1.2796531
red_bull|2017,2.3485315,1.3031689,3.9892933
red_bull|2018,1.9906421,1.1379632,3.3732467
red_bull|2019,0.76290137,0.36372188,1.4926805
red_bull|2020,1.2283689,0.6145999,2.2660522
red_bull|2021,0.6394118,0.28691018,1.285906
red_bull|2022,1.035959,0.51791215,1.8639575
red_bull|2023,0.5937384,0.27159825,1.19596
red_bull|2024,0.7280709,0.33771187,1.3955487
red_bull|2025,0.5688949,0.27584127,1.1072055
red_bull|2026,1.0098954,0.48198166,1.9695638
silverstone|2010,1.208457,0.6072061,2.2228944
silverstone|2011,0.73858374,0.34213674,1.4568344
silverstone|2012,0.6656276,0.31932634,1.2893277
silverstone|2013,0.8454563,0.39627013,1.6508106
silverstone|2014,0.7113589,0.32105523,1.4191521
silverstone|2015,0.96470106,0.4696162,1.8477398
silverstone|2016,0.91772,0.4455117,1.7517492
silverstone|2017,0.78393537,0.38103512,1.4567256
silverstone|2018,1.0839981,0.5635383,1.9745651
silverstone|2019,0.8956661,0.44154787,1.6958679
silverstone|2020,1.0278188,0.515635,2.023534
silverstone|2021,0.74463785,0.35707012,1.394935
silverstone|2022,0.894545,0.45098436,1.6699271
silverstone|2023,0.9472308,0.47281376,1.7576026
silverstone|2024,0.8413297,0.42466784,1.5709777
silverstone|2025,1.072449,0.537153,1.9673793
silverstone|2026,3.5801904,1.9834981,6.1037674
williams|2010,0.9851282,0.48614934,1.8976624
williams|2011,1.9634314,1.0781572,3.4527373
williams|2012,1.0467323,0.5272708,1.9473172
williams|2013,0.7458157,0.34000075,1.4960295
williams|2014,0.69397223,0.32596084,1.3612722
williams|2015,0.9620356,0.48388496,1.8139821
williams|2016,1.1262621,0.5816138,2.0888848
williams|2017,1.1852926,0.6050855,2.153592
williams|2018,0.91402656,0.45211142,1.7446737
williams|2019,0.9062145,0.45587605,1.6757572
williams|2020,0.86018205,0.41383123,1.6881646
williams|2021,1.1317542,0.58565855,2.0786293
williams|2022,0.9262309,0.4618052,1.7218521
williams|2023,1.4144907,0.737102,2.5538635
williams|2024,1.2313639,0.6314643,2.2246175
williams|2025,1.014894,0.51503164,1.8691303
williams|2026,1.2819526,0.62347305,2.4838755
