event_id,team,observed,full,lo,hi,no_car,no_car_lo,no_car_hi
2024-13,brackley,0.6263942003214331,0.40716874599456787,-0.11263004659622695,0.930832100645137,0.4003002345561981,-0.13907879926806604,0.9348417263326608
2024-13,enstone,-0.6159473460320899,-0.675750195980072,-1.1755240030489023,-0.16092407906948974,-0.6374338865280151,-1.1557886653725176,-0.10431033429629255
2024-13,faenza,-0.2935440228887469,-0.45607468485832214,-0.9933191693604817,0.05811201801692884,-0.43854236602783203,-0.9825287123588508,0.08945149119844277
2024-13,ferrari,0.5392792860823663,0.9058636426925659,0.39705642896074805,1.420764363483611,0.8586032390594482,0.3383799298149129,1.391689711205042
2024-13,haas,-0.44500692494875027,-0.46282392740249634,-0.9849523338863625,0.08492415574855385,-0.463454008102417,-0.9975649428814161,0.08275693906903568
2024-13,hinwil,-0.8820020417919846,-0.6907883882522583,-1.2287510056300637,-0.17041970065248935,-0.6294881105422974,-1.1722234279215364,-0.0827674344428584
2024-13,mclaren,0.952662426778249,0.7899495363235474,0.2804164774930251,1.287504878543017,0.7328245043754578,0.1976833330012173,1.2586121159432617
2024-13,red_bull,0.8008766006732858,0.9758152365684509,0.4444761848448633,1.4926079059533344,0.9560937285423279,0.3763314037505651,1.5062056188282218
2024-13,silverstone,-0.16722506882154928,-0.20113998651504517,-0.7201957911790584,0.3284334471312872,-0.20875239372253418,-0.753830390626683,0.3341799283326025
2024-13,williams,-0.5154871093722138,-0.5922200679779053,-1.1240128125389086,-0.05567155533329746,-0.5701512098312378,-1.1217494779076418,-0.032125944917153655
2024-14,brackley,0.6929772794554301,0.3696449398994446,-0.1370776332983314,0.8718179418491678,0.36481064558029175,-0.1652346251283553,0.8836431707926478
2024-14,enstone,-0.30857084631079496,-0.7132740020751953,-1.2089897103677567,-0.20233706073038354,-0.6729234457015991,-1.1965849934348718,-0.13683409301433372
2024-14,faenza,-0.34127042844679445,-0.49359849095344543,-1.0258203754811164,0.009274036413685311,-0.474031925201416,-1.0318296518983792,0.039910706901048615
2024-14,ferrari,0.4111734230941126,0.8683398365974426,0.3564521134416772,1.3646448704919567,0.8231136202812195,0.2987931084116135,1.3348009968567875
2024-14,haas,-0.657069981776669,-0.5003477334976196,-0.9964152811828552,0.030741789879356954,-0.498943567276001,-1.0142736577609148,0.02943533172881743
2024-14,hinwil,-0.5156540226274569,-0.7061486840248108,-1.3080060374009819,-0.10953503551490808,-0.6201634407043457,-1.238565780778944,0.0020636709710319364
2024-14,mclaren,0.6619034325279054,0.7524257898330688,0.23408073112801742,1.2414704989584193,0.697334885597229,0.1789186902289643,1.217736278613711
2024-14,red_bull,0.5404283989308191,0.9382914304733276,0.41133997716096865,1.4347081596880424,0.9206041097640991,0.36384205564539945,1.444491077342604
2024-14,silverstone,-0.13535983629650555,-0.23866377770900726,-0.733847127476755,0.28967259793837846,-0.24424198269844055,-0.7671272281771507,0.2766798488600479
2024-14,williams,-0.6063844298637745,-0.6297438144683838,-1.1363133521622815,-0.09666586398112641,-0.6056407690048218,-1.1366833664420353,-0.07775562470234683
2024-15,brackley,0.6663193025665026,0.40716874599456787,-0.1023923686111903,0.9192513848918619,0.4003002345561981,-0.13373048787004546,0.9226223621373384
2024-15,enstone,-0.38365333199926815,-0.675750195980072,-1.1793993521577875,-0.1560196793520331,-0.6374338865280151,-1.1502785289491935,-0.10282317306482937
2024-15,faenza,-0.44705305797197203,-0.45607468485832214,-0.9958311062696233,0.04499160094386152,-0.43854236602783203,-0.9799928834145656,0.06772293121371761
2024-15,ferrari,0.7989630568528302,0.9058636426925659,0.40467545466731464,1.4078769631394146,0.8586032390594482,0.33373219206856836,1.3790800468555569
2024-15,haas,-0.36136894152603544,-0.46282392740249634,-0.9808954783022338,0.07403899856746848,-0.463454008102417,-1.0150764590886308,0.07210440808390606
2024-15,hinwil,-1.3819862738483937,-0.6907883882522583,-1.21879813403773,-0.1733300758773332,-0.6294881105422974,-1.1753689059130623,-0.09332925037846415
2024-15,mclaren,1.1435739288551634,0.7899495363235474,0.2624414583688469,1.2833801302861312,0.7328245043754578,0.20107545487104486,1.2572582072284584
2024-15,red_bull,0.7443078812070978,0.9758152365684509,0.445636041117838,1.479689450673643,0.9560937285423279,0.4056998977375237,1.4852637317245803
2024-15,silverstone,-0.23260550395005536,-0.20113998651504517,-0.7286581250570602,0.33605003972142733,-0.20875239372253418,-0.7470340289447118,0.3297702713171066
2024-15,williams,-0.5464970601858692,-0.5922200679779053,-1.1194977482714197,-0.05136520831754153,-0.5701512098312378,-1.1200880008675647,-0.032743320181450375
2024-16,brackley,0.7950578843899843,0.37451937794685364,-0.1291189543510153,0.8892943718183454,0.35542847216129303,-0.17202299148723219,0.8889391715946792
2024-16,enstone,-0.9188548184807783,-0.7083995938301086,-1.2529407854151475,-0.18154990081047084,-0.6823056191205978,-1.2444572596076087,-0.1409866970327133
2024-16,faenza,-0.2683348321401508,-0.46086516976356506,-1.0548278466174026,0.15711538972584554,-0.5344562381505966,-1.1474907738841393,0.11395938629300086
2024-16,ferrari,0.9808003519155035,0.8732142448425293,0.3469200272675071,1.3819718999553225,0.8137314468622208,0.26058540639045086,1.3334793287100395
2024-16,haas,-0.26044789771514265,-0.4954732656478882,-1.0233507118762049,0.038422740297626976,-0.5083257742226124,-1.0380353538830938,0.027312456380573544
2024-16,hinwil,-1.1214053626357763,-0.7234377861022949,-1.2460415775419564,-0.17680321150222772,-0.6743598431348801,-1.2024926294304026,-0.11926890982634224
2024-16,mclaren,1.174121548978139,0.7573001980781555,0.2436389130480213,1.2634966459650447,0.6879527419805527,0.15194814834150955,1.20462658884648
2024-16,red_bull,0.38054965549350006,0.9431658387184143,0.4042821188617969,1.4378899031356462,0.9112219363451004,0.3475327777421601,1.4274600539643392
2024-16,silverstone,-0.3098524845383678,-0.2337893396615982,-0.7369204317521744,0.2792101138412513,-0.25362415984272957,-0.7740453508369262,0.2664117507326928
2024-16,williams,-0.5858014613369864,-0.5566670298576355,-1.190548280537403,0.08782045485857291,-0.3824910819530487,-1.1113824790240117,0.354496597520438
2024-17,brackley,0.26273080970035434,0.3778496980667114,-0.12432392793132543,0.899300015875898,0.3160602662124132,-0.19760676720087525,0.8401324812461769
2024-17,enstone,-0.7140188080137315,-0.7050692439079285,-1.2369707861034747,-0.1707995999419475,-0.7216738250694776,-1.2587407753995228,-0.17115645010915634
2024-17,faenza,-0.8049035601260561,-0.4575348496437073,-1.2911838871610593,0.3306628489447544,-0.5738244440994764,-1.4274901536452351,0.23650342275864245
2024-17,ferrari,0.8555048363501536,0.8765445947647095,0.34585306721027526,1.3927662978087618,0.774363240913341,0.2205457972138269,1.3005711285490484
2024-17,haas,-0.08608399300424406,-0.5237809419631958,-1.092088197255115,0.05913335854587953,-0.1736960236571337,-0.7551326475497959,0.38746418476356725
2024-17,hinwil,-1.0683577018503199,-0.7201074361801147,-1.2155768068657025,-0.21501939672646037,-0.7137280490837599,-1.2214967137529578,-0.1707832082262213
2024-17,mclaren,0.7514387610553137,0.7606304883956909,0.2405351631248666,1.2600121431803448,0.6485845360316729,0.1087964489281821,1.1746238045685287
2024-17,red_bull,0.788312513674347,0.9464961886405945,0.39697370818618954,1.461158891184345,0.8718537303962206,0.2962500639516263,1.397435759032579
2024-17,silverstone,-0.3280984841278915,-0.23045901954174042,-0.7357150553035202,0.2766553184414986,-0.2929923657916094,-0.815423082482417,0.22969749391633795
2024-17,williams,-0.05897615372095391,-0.5533367395401001,-1.2143983571573456,0.12076118768973568,-0.4218592879019285,-1.1850063847071426,0.33037909200736865
2024-18,brackley,0.48380201137706613,0.3745121955871582,-0.13536550524650742,0.902970713475326,0.35269720773947866,-0.18487106217732,0.9054823324065614
2024-18,enstone,-0.5329308531461965,-0.7084067463874817,-1.2209612100543519,-0.18648217210479456,-0.6850368835424122,-1.2278905039185692,-0.14824455109778908
2024-18,faenza,-0.41115817295015766,-0.4887312352657318,-1.0108497163230221,0.05243321088930362,-0.4861453704928097,-1.030301150211002,0.06913814125912525
2024-18,ferrari,0.41272605228563514,0.8732070922851562,0.3262024354679927,1.4039085259782131,0.8110001824404064,0.24915038259938835,1.3644973392021829
2024-18,haas,-0.23581048217618755,-0.4954804480075836,-1.0088012533403117,0.014731455312148695,-0.5110570386444268,-1.019038191963076,0.01596198354073775
2024-18,hinwil,-0.7936485187469204,-0.723444938659668,-1.259665039140462,-0.2023740201377883,-0.6770911075566944,-1.2122269712153093,-0.14681231725606805
2024-18,mclaren,0.9484454164579922,0.7572929859161377,0.21926147177612343,1.2682065581146837,0.6852214775587383,0.13103477316627524,1.220872372715591
2024-18,red_bull,0.4044893156250614,0.9431586861610413,0.4197201257969088,1.4642638593724735,0.9084906719232859,0.378831409915686,1.4549160092187254
2024-18,silverstone,-0.29661669704628646,-0.23379650712013245,-0.75167680375381,0.294641505802856,-0.25635542426454394,-0.7914318467860842,0.2805468631874648
2024-18,williams,0.04140385663998791,-0.5966223478317261,-1.6228391184054105,0.43492550996944146,-0.2834474303220448,-1.52430935778326,0.9904125577640606
2024-19,brackley,0.418938809557695,0.41864559054374695,-0.21470137700391456,1.0521987745739647,0.39154492789193207,-0.26938481602804937,1.0459874549993216
2024-19,enstone,-0.528226908399885,-0.6463631987571716,-1.1783540590460346,-0.13436112242132986,-0.6465268833072562,-1.1969597554287421,-0.12501080712027401
2024-19,faenza,-0.3003063078178548,-0.5615273118019104,-1.1233647532006128,-0.018257634658124976,-0.3938019973667044,-1.1296442968876719,0.2971149756456141
2024-19,ferrari,1.141910658821764,0.9352506399154663,0.4062231392175158,1.4677428532561647,0.8495101826755624,0.31954973923096547,1.3965692354720272
2024-19,haas,-0.004257544813510261,-0.43343687057495117,-0.9405754690711564,0.07157857363976383,-0.4725470384092707,-1.013175786457962,0.05193759630154274
2024-19,hinwil,-0.9746228352590478,-0.6614013910293579,-1.186786269881719,-0.14410300070040266,-0.6385811073215384,-1.1707709037711644,-0.09292744860365094
2024-19,mclaren,0.8549711643325626,0.8193365931510925,0.2839920841390928,1.3266500501065301,0.7237314777938944,0.16200652874649113,1.248529699336506
2024-19,red_bull,0.596806021801505,1.005202293395996,0.4845256028662935,1.5187213239884036,0.9470006721584421,0.4137082744600952,1.4977274529272302
2024-19,silverstone,-0.6744548399909625,-0.1717529445886612,-0.689974125585802,0.33534201848213446,-0.2178454240293879,-0.740338449876016,0.2987005427373154
2024-19,williams,-0.3212888134534185,-0.4946306347846985,-1.1275844045065693,0.15581269832439124,-0.34671234613970703,-1.079230372088554,0.38940037136162
2024-20,brackley,0.4683298903120364,0.35084253549575806,-0.1728138499575108,0.8697932391232246,0.31148715843172636,-0.2325729607894431,0.8412918619530654
2024-20,enstone,-0.5585142744928109,-0.7320764064788818,-1.2278503992620475,-0.19792058158559098,-0.7262469328501645,-1.2385081087016643,-0.18224754222834635
2024-20,faenza,-0.3215329048745317,-0.7542212605476379,-1.4785910426659243,-0.019413090843846407,-0.4707308060982648,-1.661345815158783,0.7037457111649821
2024-20,ferrari,1.099225312207062,0.8495374321937561,0.321985268906617,1.3621657771865796,0.7697901331326541,0.221985811331129,1.3071244538372038
2024-20,haas,-0.07095095940985491,-0.5191501379013062,-1.0275561609923816,0.007715819990225586,-0.552267087952179,-1.0783147646401632,-0.017961754432588167
2024-20,hinwil,-0.8500867673121183,-0.7471146583557129,-1.2559637388629135,-0.21463603962022684,-0.7183011568644467,-1.264225939493817,-0.17432545381829168
2024-20,mclaren,0.717692979164077,0.7336233854293823,0.22324414827239236,1.236447777308316,0.644011428250986,0.11488649102961876,1.1613162097550833
2024-20,red_bull,-0.0652206483308631,0.9194890260696411,0.38093546004829815,1.4119578456630564,0.8672806226155338,0.31714823846690465,1.3906846935960495
2024-20,silverstone,-0.7575152258118107,-0.33578914403915405,-0.9381559217226906,0.3067332033093486,-0.39612004380015764,-1.037723893222516,0.2656530715845844
2024-20,williams,-0.4019029335887148,-0.6202920079231262,-1.597617872596726,0.3977465809484024,-0.3246574796297971,-1.568369294106875,0.9635827356667397
2024-22,brackley,0.907111414285933,0.38039520382881165,-0.14119807965429632,0.9063321676999004,0.33739662719400304,-0.1904857228404492,0.8833976874184157
2024-22,enstone,-0.34748099848841196,-0.7363018989562988,-1.3483005772806975,-0.11900223194560276,-0.7153328006204807,-1.3439069021735799,-0.06903880392992669
2024-22,faenza,-0.5081987609458516,-0.6176878809928894,-1.1821319562472465,-0.08393739752375355,-0.44761257814733607,-1.165648349673446,0.23528712851497682
2024-22,ferrari,0.681737590977304,0.8790900707244873,0.3549514280530198,1.4070361999706487,0.7956996018949307,0.2525189831072606,1.3526746932709983
2024-22,haas,-0.4663796289974166,-0.4895974397659302,-1.0273804343464823,0.04395530775031102,-0.5263576191899024,-1.0780926059800766,0.02337365229393122
2024-22,hinwil,-0.5964619117342778,-0.7175619602203369,-1.257287222300798,-0.17894173143009193,-0.6923916881021701,-1.2388905528035954,-0.136044931532517
2024-22,mclaren,0.17375191895900494,0.7631760239601135,0.25376774568678717,1.2709558976055646,0.6699208970132626,0.13573126637551697,1.1867753692141365
2024-22,red_bull,0.23555793306059591,0.9490416646003723,0.4115983049459348,1.470557743641978,0.8931900913778104,0.3527463914743556,1.437374096337162
2024-22,silverstone,-0.2209919990061291,-0.2279135137796402,-0.7742667037150354,0.2938473723779107,-0.27165600481001956,-0.8158228115138092,0.26820489808711945
2024-22,williams,-0.03238605735495664,-0.5507912039756775,-1.2110852278843087,0.10889153140246195,-0.40052292692033875,-1.1446580526071404,0.3433755216012946
2024-23,brackley,0.4485937462186059,0.3236580491065979,-0.16826150003093568,0.8279822665189447,0.29628199338912964,-0.2290365224459951,0.8148253164640374
2024-23,enstone,-0.07910671741428554,-0.7254827618598938,-1.3201811100834249,-0.10995184252024491,-0.7264567613601685,-1.3298840652188613,-0.08191763510605683
2024-23,faenza,-1.1695644525021887,-0.6744250059127808,-1.2199796244398553,-0.14148081495449738,-0.4887272119522095,-1.1921204186700631,0.19568196412809033
2024-23,ferrari,0.7109096094847567,0.822352945804596,0.30996527301465066,1.3194007834260215,0.7545849680900574,0.22070461267828287,1.2569831598148504
2024-23,haas,-0.48954079169315623,-0.5463346242904663,-1.0577543564971297,-0.01812614114438613,-0.5674722194671631,-1.0982618598098526,-0.040354812985100304
2024-23,hinwil,-0.7639465378620857,-0.774299144744873,-1.279204636273807,-0.24921498719564117,-0.7335063219070435,-1.2560330092381828,-0.1854671156593731
2024-23,mclaren,1.257572518990367,0.7064388990402222,0.1830661853250486,1.206483373557341,0.6288062334060669,0.08127530642430678,1.1380317234282689
2024-23,red_bull,0.7262707701185329,0.892304539680481,0.36330228062872766,1.3936916945784688,0.852075457572937,0.2875923992225593,1.3767375232942587
2024-23,silverstone,-0.40368108273808245,-0.20632772147655487,-0.8293055052509035,0.41487616744727895,-0.21421606838703156,-0.8608972799351697,0.44298769236170904
2024-23,williams,-0.957801925357298,-0.5675802230834961,-1.1664202877454675,0.05447407685856125,-0.543412446975708,-1.180543304008744,0.09350721224972257
2024-24,brackley,0.4005197693618781,0.458757221698761,-0.059139970024774266,0.9675683051860211,0.3871247070400339,-0.14852342870360927,0.9307505991442298
2024-24,enstone,-0.48163140631106094,-0.6667599081993103,-1.2962642897296273,-0.03913944492973292,-0.4423169893653769,-1.182194417165167,0.2947477701692672
2024-24,faenza,-0.5900575458141595,-0.5393258333206177,-1.0769271483421046,-0.00080415659965906,-0.39788449830130523,-1.1138209651055329,0.3036967421075447
2024-24,ferrari,0.6577424065786659,0.957452118396759,0.42858279907415175,1.4602320801939648,0.8454276817409616,0.29942195424277834,1.3662897204241282
2024-24,haas,-0.20459213812028718,-0.41123542189598083,-0.9551674746831016,0.11341379230255183,-0.47662953934387153,-1.036159159451063,0.07731834824512296
2024-24,hinwil,-0.23093746391500194,-0.63919997215271,-1.167223989555006,-0.11233427594369683,-0.6426636082561392,-1.1820234305559556,-0.09956448881202802
2024-24,mclaren,0.7404528797066431,0.8415380716323853,0.32567472236265316,1.3661839817214647,0.7196489768592935,0.169480002234789,1.269722414260039
2024-24,red_bull,0.3999587845349163,1.2415088415145874,0.6281745898360317,1.8735059791350928,1.1600320833294016,0.515190680654814,1.819057370612197
2024-24,silverstone,-0.22722570239780343,-0.14955148100852966,-0.6681087143442277,0.36799217877734414,-0.22192792496398872,-0.7697379390564905,0.31745941230508723
2024-24,williams,-0.26425019135633254,-0.47242918610572815,-1.11182081413954,0.17384652650775803,-0.35079484707430786,-1.0864015767135642,0.4146863332370081
2025-11,brackley,-0.16557666201258703,0.4702407419681549,-0.16206224297732505,1.0837874782499386,0.45339423418045044,-0.18964628043965776,1.0982660108929456
2025-11,enstone,-0.5464544751361329,-0.3672866225242615,-0.860536804335001,0.14065980393428662,-0.42143312096595764,-0.9392245166462222,0.0970398996189023
2025-11,faenza,-0.3472602331684802,-0.26088201999664307,-0.7553897287866114,0.23048199191718918,-0.2165665477514267,-0.7414819982726937,0.2859343019684215
2025-11,ferrari,0.7389254497450679,0.6728533506393433,0.17285739984543302,1.1690245751836645,0.7112054228782654,0.1997959913531507,1.209529467220803
2025-11,haas,-0.4023507866733813,-0.19671234488487244,-0.6946789083974612,0.29724623704905795,-0.17554610967636108,-0.6916979691394377,0.34033441911973417
2025-11,hinwil,-0.21023747624021746,-0.5888897180557251,-1.0755216829899108,-0.0897918751778696,-0.5489481687545776,-1.0473900617361833,-0.03143641028000117
2025-11,mclaren,1.3053532172013886,1.020310640335083,0.5089134449101838,1.5213811468296465,0.9809554815292358,0.45037023440299695,1.4919477962115717
2025-11,red_bull,-0.4436297002575731,-0.12681525945663452,-0.7334342630326949,0.4868651930700237,-0.2963695526123047,-0.9089081258670931,0.3248056844194476
2025-11,silverstone,-0.23337251459316488,-0.45110607147216797,-0.9362996309390333,0.054515181834029834,-0.4081793427467346,-0.9137133530895335,0.12041870075415806
2025-14,brackley,0.31413015192700927,0.30301082134246826,-0.19711941773731806,0.805046380229258,0.27364203333854675,-0.24413064639581283,0.7959430742451573
2025-14,enstone,-0.40115433130204337,-0.3933568000793457,-0.9061675336997239,0.1380258588764205,-0.45872631669044495,-0.9923119956811317,0.07056828956460376
2025-14,faenza,0.015971987588588532,-0.2869521975517273,-0.7850707222510751,0.2233485773228616,-0.2538597583770752,-0.7730167642522138,0.27067797981106934
2025-14,ferrari,0.274302770510017,0.646783173084259,0.13225448019137595,1.167933154324016,0.6739122271537781,0.1267585604410463,1.2131333640948418
2025-14,haas,-0.5927295147884146,-0.22278252243995667,-0.7639440732544907,0.31799612147553363,-0.2128393054008484,-0.7458447186095097,0.35221455283137015
2025-14,hinwil,0.01219225893817727,-0.6149598956108093,-1.129532896719286,-0.1147136751732337,-0.5862413644790649,-1.1140898801118422,-0.05752992949379538
2025-14,mclaren,1.1239576137624896,0.9942405223846436,0.47258977933927454,1.5019600267964581,0.9436622858047485,0.41392081962512384,1.4591140571345549
2025-14,red_bull,-0.2089021533549028,0.33183568716049194,-0.19184290425608894,0.8473633205215161,0.29550954699516296,-0.23158884090924559,0.8209904919815338
2025-14,silverstone,-0.12306328905218658,-0.4771762192249298,-0.9939682755624735,0.04741729982424449,-0.4454725384712219,-0.9757915206617649,0.07144824224879108
2025-14,williams,-0.4147054942287356,-0.2806425094604492,-0.7834643853825114,0.2456420161067778,-0.22958707809448242,-0.7465662140500673,0.302408325387523
2025-15,brackley,0.3296789071164298,0.30301082134246826,-0.20445492596931622,0.8105236668133036,0.27364203333854675,-0.23924166879025266,0.7963105531710989
2025-15,enstone,-0.6743788450787478,-0.3933568000793457,-0.8931532459506495,0.12436624355199835,-0.45872631669044495,-0.9943671131880084,0.08525095439912313
2025-15,faenza,0.377044844497025,-0.2869521975517273,-0.7881377784104084,0.23215786138586822,-0.2538597583770752,-0.7584909256563069,0.2648485931014723
2025-15,ferrari,0.7308527810217402,0.646783173084259,0.11892335285188682,1.1643261592432295,0.6739122271537781,0.12115146571505915,1.2161238715827585
2025-15,haas,-0.7721395982339923,-0.22278252243995667,-0.7649240878571404,0.3276581433010861,-0.2128393054008484,-0.7697588338240179,0.35818034466766385
2025-15,hinwil,-1.0136749580494826,-0.6149598956108093,-1.130209015604916,-0.1142732747203411,-0.5862413644790649,-1.1111914676854886,-0.06919972110047494
2025-15,mclaren,1.555086303731273,0.9942405223846436,0.4682678117074134,1.512818754528429,0.9436622858047485,0.3897766084711943,1.4754309892364015
2025-15,red_bull,-0.0763409995225266,0.33183568716049194,-0.18427502751956645,0.8392177923974554,0.29550954699516296,-0.2223770652737416,0.8208945325704715
2025-15,silverstone,-0.4076880787381926,-0.4771762192249298,-0.9955552351791442,0.04637459787271689,-0.4454725384712219,-0.9852211457371114,0.07814331899348669
2025-15,williams,-0.0484403567435262,-0.2806425094604492,-0.7788591184641919,0.22528758669376014,-0.22958707809448242,-0.7382642525055978,0.28199806714724174
2025-16,brackley,0.1581556147670958,0.2733088433742523,-0.22309782649224294,0.7657726163898687,0.24542784690856934,-0.2624772227091507,0.749727411306716
2025-16,enstone,-0.664213794359612,-0.42305880784988403,-0.927835209728553,0.09077623895105721,-0.4869404733181,-1.0036806215620775,0.03570148926656576
2025-16,faenza,-0.2551561501247639,-0.3166542053222656,-0.8166743098634872,0.18720600085155156,-0.2820739150047302,-0.798058696357073,0.22816824592390053
2025-16,ferrari,0.31305644132263544,0.6170811653137207,0.09946730380785102,1.1180445325439106,0.645698070526123,0.12979735671267825,1.151988734957696
2025-16,haas,-0.1746571592353081,-0.252484530210495,-0.7639093086699407,0.2536808491112235,-0.24105346202850342,-0.7644365344718789,0.28602607243683303
2025-16,hinwil,-0.2671375553078313,-0.6952843070030212,-1.2773946561681386,-0.10480657403897009,-0.6646272540092468,-1.2686163860172541,-0.04866277760436326
2025-16,mclaren,0.7179626397378644,0.9645385146141052,0.46037666943529276,1.4566056987577347,0.9154481291770935,0.4202708133228331,1.4324037468072282
2025-16,red_bull,0.2562926478019668,0.3021336793899536,-0.1847215543257662,0.7968415292875513,0.26729539036750793,-0.2280888039253711,0.757705028998168
2025-16,silverstone,-0.150962222861949,-0.5068782567977905,-1.0236654965578151,0.0027079458942050137,-0.47368669509887695,-0.9878648638695975,0.031222995491075038
2025-16,williams,-0.06690923939401393,-0.31034451723098755,-0.8035936709984787,0.1873400922303988,-0.25780123472213745,-0.7647330315820369,0.2478017644742862
2025-17,brackley,0.6082878832164407,0.3540268540382385,-0.1428789249184761,0.8530171742005459,0.3255375027656555,-0.1761729318758535,0.8389451031677408
2025-17,enstone,-0.9638088725643165,-0.34234076738357544,-0.8429089810490314,0.17900836663120442,-0.4068308472633362,-0.9153088253882203,0.12334682263256296
2025-17,faenza,0.23411564971475912,-0.23593616485595703,-0.7359751582990226,0.26905234740083467,-0.20196425914764404,-0.7081601147808944,0.30952321840646274
2025-17,ferrari,0.4981984847786469,0.6977992057800293,0.20254541481343588,1.2048736888939375,0.7258076667785645,0.19849040629672188,1.2499579080682153
2025-17,haas,-0.24771597989438995,-0.1717664897441864,-0.6805214460079518,0.33956418887683565,-0.16094380617141724,-0.6949058523135982,0.36026600621629756
2025-17,hinwil,-0.22821843329980274,-0.5639438629150391,-1.0658955057620645,-0.06722306782244415,-0.5343458652496338,-1.0457581854096663,-0.024503038432584757
2025-17,mclaren,0.3573004077314335,1.070192575454712,0.48847790684612064,1.646553909353119,0.9532061815261841,0.36863128612489027,1.543634917309107
2025-17,red_bull,0.5156367524228476,0.3828516900539398,-0.1297826495400563,0.8747523951801983,0.34740501642227173,-0.1664238080136769,0.8553239820328106
2025-17,silverstone,-0.6669699165130168,-0.42616021633148193,-0.9336668889090431,0.07841706409924717,-0.39357703924179077,-0.8990068523909768,0.10636737130034173
2025-17,williams,0.07182422827311488,-0.22962647676467896,-0.7331278349974405,0.2732371201982251,-0.17769157886505127,-0.6863743739980372,0.34186222497293023
2025-19,brackley,0.28647530397114923,0.2905178368091583,-0.20913267791198345,0.7964167233316476,0.2608366906642914,-0.24628389466664097,0.7795115602731708
2025-19,enstone,-0.6798784891795302,-0.405849814414978,-0.9176868657927035,0.12150961615363287,-0.47153162956237793,-0.9918058946084002,0.06251180327448419
2025-19,faenza,-0.4016278082169996,-0.2994452118873596,-0.8031317971827158,0.21180864663828294,-0.2666650414466858,-0.7762186302812438,0.2523135986184898
2025-19,ferrari,0.6712714774228207,0.6342902183532715,0.13464029930242813,1.13261226162936,0.6611068844795227,0.1374972433015875,1.180942956439252
2025-19,haas,-0.18087731248746025,-0.235275536775589,-0.7561009652181586,0.2758935765740673,-0.22564461827278137,-0.7460594069624701,0.2994115678901727
2025-19,hinwil,-0.37151946990533247,-0.6274529099464417,-1.1342711175379945,-0.12856157589468675,-0.5990466475486755,-1.1154031571822274,-0.0803799680930267
2025-19,mclaren,0.6841367881430258,0.9817475080490112,0.46804471412410914,1.500291352299973,0.9308569431304932,0.40767810259141174,1.4450494609982905
2025-19,red_bull,0.39615068896146777,0.3193426728248596,-0.19474295779142717,0.8220323287079516,0.28270423412323,-0.23201044706910354,0.8086261462680339
2025-19,silverstone,-0.3245684238663246,-0.48966923356056213,-1.0072838832656283,0.02199214799027258,-0.4582778513431549,-0.9773945617291845,0.04662284784787986
2025-19,williams,-0.1591255096856325,-0.33641108870506287,-0.9427514602373139,0.26339620323734425,-0.22867828607559204,-0.8503075467421143,0.38660415246309154
2025-20,brackley,0.4476407012194029,0.2836917042732239,-0.2028426732263841,0.7741583741251927,0.25663062930107117,-0.24181621140470516,0.7621136524449441
2025-20,enstone,-0.957954078803497,-0.41267597675323486,-0.9128687315584889,0.10453652165785643,-0.47573772072792053,-1.0012616182748968,0.053456804228714135
2025-20,faenza,-0.20944842140515368,-0.22616036236286163,-0.8330999393824089,0.38944783305886144,-0.2015140950679779,-0.8135799860076008,0.4162456198043618
2025-20,ferrari,0.4284895269333291,0.6274640560150146,0.10419571077091047,1.1352578894170562,0.6569008231163025,0.12253174625289337,1.1655376610579837
2025-20,haas,0.015156006656540405,-0.24210166931152344,-0.7581031223367765,0.28057640786707483,-0.22985070943832397,-0.7452659053563214,0.31066056713603996
2025-20,hinwil,-0.5287653442884086,-0.6342790722846985,-1.147689639182825,-0.11633538875645061,-0.6032527685165405,-1.1381030460632953,-0.07125561829163672
2025-20,mclaren,0.7659576739167436,0.9749213457107544,0.4731379532864981,1.4808106876858609,0.926650881767273,0.4334641975893464,1.436451070759972
2025-20,red_bull,0.20075239548292637,0.3125165104866028,-0.184950122425047,0.8039058470297538,0.2784981429576874,-0.22765545874368118,0.7749191453743522
2025-20,silverstone,-0.3239645438902834,-0.4964953660964966,-1.0006713871485713,0.021632826588614998,-0.4624839425086975,-0.9736068433066333,0.04474452324476863
2025-20,williams,0.05741187347582255,-0.299961656332016,-0.8046389861647623,0.21143065963403312,-0.24659846723079681,-0.7699441366948475,0.2839496584716981
2025-21,brackley,0.3946785388237144,0.3114748001098633,-0.18039650006450741,0.8072944371163839,0.28583475947380066,-0.22447704841675906,0.808905655079126
2025-21,enstone,-0.12614204424963682,-0.38489288091659546,-0.8988255550948342,0.12188402533746909,-0.44653359055519104,-0.975825776468644,0.06590801310996454
2025-21,faenza,-0.142159822596928,-0.27848827838897705,-0.7915353388813586,0.23455744763181677,-0.2416670024394989,-0.7710561655762974,0.2673588034748119
2025-21,ferrari,-0.9915250366840757,0.4840966463088989,-0.13446077504574672,1.1086659031814476,0.5041353106498718,-0.12533559394210345,1.149751336160762
2025-21,haas,-0.08167360393948336,-0.21431858837604523,-0.7252317930702791,0.3008394825470935,-0.2006465494632721,-0.718828110223006,0.3202132107514172
2025-21,hinwil,-0.05615341931344875,-0.5558735728263855,-1.2053699146167787,0.07894773940231127,-0.5238768458366394,-1.1836925186125622,0.11373667697445988
2025-21,mclaren,0.5786721167739161,1.002704381942749,0.4997980406945437,1.5059897408141825,0.9558550119400024,0.43428570374142045,1.4764846349272105
2025-21,red_bull,0.0678687633502767,0.3402996063232422,-0.13730722799868428,0.8378122373459436,0.30770230293273926,-0.17719946219900892,0.815794093887743
2025-21,silverstone,-0.03229236865129795,-0.4687122702598572,-0.9819399208620515,0.02788719986873282,-0.43327978253364563,-0.9458567905223898,0.07083920948124671
2025-21,williams,-0.1351123515117983,-0.272178590297699,-0.7664448971673684,0.2532194803462364,-0.21739432215690613,-0.7264161109458441,0.30100828620179687
2025-22,brackley,0.43913701750203843,0.23334553837776184,-0.27071894287112824,0.7330269073592209,0.20421677827835083,-0.302567822342086,0.7116586301576975
2025-22,enstone,-0.778753457380067,-0.4630221128463745,-0.9816849912629125,0.05083279749928422,-0.5281515717506409,-1.0440481345681882,-0.005282414516512384
2025-22,faenza,-0.20520419578796106,-0.3566175103187561,-0.8704269998896508,0.1473761484719484,-0.32328498363494873,-0.8448741988267598,0.1988163717861959
2025-22,ferrari,0.1667419345532507,0.577117919921875,0.0779546694203067,1.0819731780411392,0.6044869422912598,0.09507869408799802,1.115434925281869
2025-22,haas,-0.38541738241227214,-0.2924478352069855,-0.8126260188406844,0.2278134297897196,-0.2822645306587219,-0.8048911944908737,0.24958784460543745
2025-22,hinwil,-0.050326921037336006,-0.6340028047561646,-1.2524733011551754,-0.027623145657902994,-0.6054948568344116,-1.2435770921203964,0.0003501285412153565
2025-22,mclaren,0.5244241099857403,0.9245752096176147,0.4253552661784307,1.4186864493609506,0.8742370009422302,0.37096038293225525,1.3809962654248935
2025-22,red_bull,0.32260366283576786,0.26217037439346313,-0.22722233131796357,0.7669374521668538,0.22608429193496704,-0.2683574102483065,0.7198763433918692
2025-22,silverstone,-0.5420788759523457,-0.43562525510787964,-1.0639834763266167,0.19159794333929692,-0.3471289575099945,-1.0051428497630546,0.271457796245103
2025-22,williams,0.21267120919834367,-0.350307822227478,-0.8514081051135247,0.17167896057502816,-0.29901230335235596,-0.8105557372242262,0.23099673986884825
2025-23,brackley,0.389186561139979,0.2733088433742523,-0.21808766499482626,0.7625457081639071,0.24542784690856934,-0.2543186026226614,0.7491271894762148
2025-23,enstone,-0.7242900514755923,-0.42305880784988403,-0.9215810478726654,0.09258709545993823,-0.4869404733181,-1.000747866889341,0.03328052256652706
2025-23,faenza,-0.13433623806300243,-0.3166542053222656,-0.8227353601144529,0.17634331535082556,-0.2820739150047302,-0.8038711948149373,0.22259641209077247
2025-23,ferrari,-0.2574472959587707,0.6170811653137207,0.1036165772228877,1.1198007379079928,0.645698070526123,0.13432117887891087,1.1588516128537019
2025-23,haas,-0.3752723129571616,-0.252484530210495,-0.7627419730484828,0.266806149139226,-0.24105346202850342,-0.7501885954223046,0.29403511029526735
2025-23,hinwil,-0.5714403852635914,-0.6952843070030212,-1.290535406775831,-0.10925850875187107,-0.6646272540092468,-1.2868939953358762,-0.054577302715431035
2025-23,mclaren,1.2346603092045936,0.9645385146141052,0.4547580448678976,1.4712430351645083,0.9154481291770935,0.4141678981922204,1.4370488129048846
2025-23,red_bull,0.39966071049961893,0.3021336793899536,-0.18343645523773813,0.7947365114780924,0.26729539036750793,-0.23009329926832442,0.7595472494994586
2025-23,silverstone,-0.2756694619916236,-0.5068782567977905,-1.0082675240421015,0.0007919492098354795,-0.47368669509887695,-0.9837844244681074,0.03401415739726101
2025-23,williams,0.02922797223375495,-0.31034451723098755,-0.7977602701969106,0.19120323385792576,-0.25780123472213745,-0.7600456638887716,0.25119073558950533
2025-24,brackley,-0.01906245512367699,0.30301082134246826,-0.1931459774996661,0.8064688792574479,0.27364203333854675,-0.2500807158968131,0.7869123025622411
2025-24,enstone,-0.5600173045764176,-0.3933568000793457,-0.889139500074702,0.13226138180944402,-0.45872631669044495,-0.9781001297954144,0.06787758077140416
2025-24,faenza,-0.514387881843213,-0.2869521975517273,-0.8032990342617022,0.23967114235707299,-0.2538597583770752,-0.771767274854751,0.2711345865904759
2025-24,ferrari,0.49928343019441224,0.646783173084259,0.14694189012356104,1.1687078511430717,0.6739122271537781,0.14598918758014426,1.2018412538754057
2025-24,haas,-0.14252599050609344,-0.22278252243995667,-0.7382182283710541,0.2931099683984845,-0.2128393054008484,-0.7334866200353097,0.3183122636916884
2025-24,hinwil,0.10127273489171357,-0.6149598956108093,-1.129238788901369,-0.11778935216122871,-0.5862413644790649,-1.1108474912336168,-0.07054235281695707
2025-24,mclaren,0.7148153544731923,0.9942405223846436,0.4800113772770969,1.5006772754007704,0.9436622858047485,0.42151159232699353,1.4626355086216332
2025-24,red_bull,0.2532858390801646,0.33183568716049194,-0.19246587370122334,0.8478745851731334,0.29550954699516296,-0.2252059353552793,0.8177547755681087
2025-24,silverstone,-0.09043028568711614,-0.4771762192249298,-0.9936265583767275,0.058935705841128665,-0.4454725384712219,-0.970814255054794,0.07955141898896607
2025-24,williams,-0.24223344090296417,-0.2806425094604492,-0.793882941430886,0.23069013746278808,-0.22958707809448242,-0.7430953713144696,0.28093399963669885
2026-08,brackley,1.6781709052699572,1.6721110343933105,1.145153581966132,2.180836700563987,1.5208168029785156,0.9842788887088113,2.0419747721806014
2026-08,enstone,-0.5219991990035537,-0.163618266582489,-0.7111482636163916,0.37964937209498706,-0.19711807370185852,-0.7368304390625762,0.3675223285097465
2026-08,faenza,0.0912471362097663,-0.3799547553062439,-0.9165737007938097,0.14197917724732023,-0.3739479184150696,-0.9166482252171241,0.16073260921725824
2026-08,ferrari,1.2835641755566567,1.321347713470459,0.8071323138555037,1.846767599625158,1.2605626583099365,0.7329159436380526,1.8084893757991978
2026-08,haas,-1.078114038480638,-0.3818697929382324,-0.9312495240161608,0.1486472307168607,-0.36382412910461426,-0.9066444304509884,0.1805859012599326
2026-08,hinwil,-0.281482056737844,-0.3477742075920105,-0.8860795347038188,0.2115256788650177,-0.3499735891819,-0.8912541020217202,0.19749324462336065
2026-08,mclaren,1.2849531317870215,1.1652016639709473,0.6263013391015341,1.7025920053147783,1.0553431510925293,0.5002197846929523,1.5873438321437532
2026-08,red_bull,1.499902979825874,0.4870051443576813,-0.027243969016497664,1.0130708682117715,0.46817290782928467,-0.05547714993374601,1.014008300801018
2026-08,silverstone,-2.5087705672462723,-2.3230080604553223,-2.894959275339327,-1.7791728344130202,-2.0740203857421875,-2.6379842498579054,-1.5205762522519253
2026-08,williams,-1.4474724671809662,-1.049440860748291,-1.5810946491195603,-0.515041769173354,-0.9460112452507019,-1.50045752065194,-0.3942511383712268
2026-09,brackley,1.711587768935279,1.8712371587753296,1.3507641484250306,2.3563524187493385,1.690942645072937,1.1555453198430763,2.2051446250030597
2026-09,cadillac,-1.592775634707092,-1.9912601709365845,-2.535435527626195,-1.455883314345817,-1.7012593746185303,-2.2648255062929477,-1.1562393714490904
2026-09,enstone,-0.06739043717233024,0.03550778329372406,-0.48524932053087516,0.5918215881169995,-0.02699214220046997,-0.5564307635557916,0.5361960970903537
2026-09,faenza,0.42181206438426005,-0.18082872033119202,-0.7202145710403072,0.36322277044718737,-0.20382197201251984,-0.7380227236000402,0.341143598898783
2026-09,ferrari,1.6904493885631886,1.520473837852478,1.0011562912175929,2.0331981541425916,1.430688500404358,0.8843331911945792,1.9587208438688444
2026-09,haas,-0.7484464821387777,-0.18274372816085815,-0.7275109846471952,0.34346056135087727,-0.1936981976032257,-0.739754670084457,0.3533919648076746
2026-09,hinwil,0.13951334936086068,-0.14864814281463623,-0.667469773298128,0.38785576355345924,-0.17984768748283386,-0.7078097682317308,0.3521140298482364
2026-09,mclaren,1.1623636612386101,1.3643276691436768,0.8105831565933056,1.8918277787340692,1.2254689931869507,0.6458104922832351,1.7696893625370975
2026-09,red_bull,1.1287929726302943,0.6861312389373779,0.1714360454502788,1.2194401024010644,0.6382988095283508,0.10750315891044397,1.1780485019895912
2026-09,silverstone,-2.9637776912036204,-2.1238818168640137,-2.6922879369368267,-1.5670879651063483,-1.9038945436477661,-2.4638260861213035,-1.3458994042435837
2026-09,williams,-0.8821289598906732,-0.8503148555755615,-1.3777277940626609,-0.31746798752619815,-0.7758853435516357,-1.3140619807350589,-0.24283478226988292
2026-10,brackley,1.3030192826326954,1.7397195100784302,1.1435499511154652,2.336503991960028,1.6269404888153076,0.9995346671354595,2.2339427214025056
2026-10,cadillac,-1.9340146657916004,-2.2701661586761475,-2.928176725578411,-1.6269301812823018,-1.8226983547210693,-2.502749768489245,-1.1521232101448373
2026-10,enstone,-0.1068153254774058,-0.07460588216781616,-0.5913785453661334,0.465311133755999,-0.1272350549697876,-0.6604422919369245,0.41699181582928696
2026-10,faenza,0.062320923779522586,-0.29094237089157104,-0.8233742384076931,0.23697051881929407,-0.30406486988067627,-0.8469319000040041,0.23035536049414004
2026-10,ferrari,1.2261007831615773,1.4103600978851318,0.8984676319106703,1.9115836749506088,1.330445647239685,0.7850368095950381,1.8492844238880208
2026-10,haas,-0.5288734105623883,-0.29285740852355957,-0.833157781254793,0.23270967472844212,-0.29394111037254333,-0.8474046581392268,0.23889911188193863
2026-10,hinwil,-0.11117355247273442,-0.25876182317733765,-0.7719076433930051,0.26701307485529263,-0.2800906002521515,-0.8022126634318846,0.25290619704521855
2026-10,mclaren,1.0037068891448953,1.2542140483856201,0.7069644915768295,1.7724383446931034,1.1252260208129883,0.5626862193052262,1.6559815556389683
2026-10,red_bull,1.1685246289125883,0.5760174989700317,0.06051097920790616,1.1157129647755273,0.5380558967590332,0.018162751273497618,1.0749600695195611
2026-10,silverstone,-3.2733107407122817,-2.1955442428588867,-2.8548076086045295,-1.5028571552442036,-2.028777599334717,-2.722060038637869,-1.3257889235153602
2026-10,williams,-0.7616378745504614,-0.9604284763336182,-1.4680595264069,-0.42172475914564783,-0.8761281967163086,-1.3979880149003954,-0.3356112577469472
2026-11,brackley,1.2916985109568606,1.7683775424957275,1.2463911983922833,2.278375606013705,1.6089210510253906,1.0724904551226218,2.1430114657850803
2026-11,cadillac,-2.5906899273149513,-1.9253274202346802,-2.558600914640881,-1.3500903133486593,-1.7620848417282104,-2.4312179417181796,-1.166077961044429
2026-11,enstone,-0.6571214697691339,-0.06735183298587799,-0.5995175705251188,0.4695367246986047,-0.10901382565498352,-0.6267088980527886,0.424169944109194
2026-11,faenza,-0.1351134467957626,-0.28368833661079407,-0.8347192349887342,0.2607337189669813,-0.2858436703681946,-0.8368833538020541,0.2512660001672613
2026-11,ferrari,1.600960345885493,1.417614221572876,0.9084057193978902,1.9403655947839518,1.3486669063568115,0.8217218278455092,1.8720799755902848
2026-11,haas,-1.2857092968243498,-0.2856033444404602,-0.8178813312782871,0.23568337722013896,-0.27571988105773926,-0.8145763520685041,0.27021148624615277
2026-11,hinwil,-0.04739997105595685,-0.2515077590942383,-0.790846934516918,0.2990746161861677,-0.2618693709373474,-0.806225710046594,0.28787469936827137
2026-11,mclaren,1.7128467200564597,1.2614681720733643,0.715643460815168,1.7941410212111146,1.1434473991394043,0.6043210546742601,1.6802683882394698
2026-11,red_bull,1.1653729882102413,0.5832715630531311,0.05362583905551458,1.1070162814448417,0.5562771558761597,0.03693439276154008,1.1182346683337325
2026-11,silverstone,-0.5252738846769964,-2.2267417907714844,-2.7843982054642593,-1.6782444612789182,-1.9859161376953125,-2.5299671920943654,-1.430906668200285
2026-11,williams,-1.824915532329379,-0.9531744718551636,-1.4873652287580734,-0.4194083413393568,-0.8579069972038269,-1.395191576068983,-0.3149129104472171
2026-13,brackley,1.3949716960054641,1.8499313592910767,1.3270248504468494,2.368724731763773,1.696388602256775,1.1481580403816862,2.2381032232804543
2026-13,cadillac,-1.9987595081009046,-2.012566089630127,-2.55309851384327,-1.463081829472965,-1.6958134174346924,-2.260281799178388,-1.1468424130175932
2026-13,enstone,0.2550492296741173,0.0142020583152771,-0.5225970825808617,0.5596735503001445,-0.021546214818954468,-0.5654697022898018,0.5544503065116526
2026-13,faenza,0.30518959018771863,-0.1784738153219223,-0.6876452792485476,0.3457225671063109,-0.21903425455093384,-0.9254570967867553,0.4502391917506629
2026-13,ferrari,0.8372049929438555,1.4533870220184326,0.840540314896725,2.06305927914911,1.481494426727295,0.8661084666847356,2.1018183313304153
2026-13,haas,-0.3582550390814403,-0.20404945313930511,-0.7369875367051295,0.3109480567391894,-0.1882522702217102,-0.7255675677108768,0.339829783351744
2026-13,hinwil,-0.13198729663667147,-0.16995388269424438,-0.7329052034927119,0.37453085886002613,-0.17440176010131836,-0.7243772308274277,0.36908775388767395
2026-13,mclaren,1.0251272047639652,1.3430218696594238,0.7887927780765598,1.8797183024016118,1.230914831161499,0.6812236103620991,1.7925777497733257
2026-13,red_bull,0.7543761733528759,0.5946343541145325,0.046168438765845365,1.1584494068561477,0.3383403718471527,-0.20273231562129146,0.8482340509745732
2026-13,silverstone,-2.4334916035905287,-2.1836390495300293,-2.8458089804289743,-1.523141314574015,-1.8738083839416504,-2.543945144256222,-1.2006202430019794
2026-13,williams,-0.4475687448417881,-0.8716205358505249,-1.3924119994127202,-0.34511338138370645,-0.7704393863677979,-1.3023797615094665,-0.23248357419849375
2026-14,brackley,1.870477229292947,1.841508150100708,1.3170455291200613,2.3500166276164944,1.7033886909484863,1.165605719427737,2.2403452982837515
2026-14,cadillac,-2.6089376522220022,-2.020989179611206,-2.588090333698111,-1.4758772742125594,-1.688813328742981,-2.2703869121345717,-1.1070157335281918
2026-14,enstone,0.16895498122309682,0.005778789520263672,-0.5581863336170447,0.5739312751030744,-0.014546200633049011,-0.6078509248551026,0.581581927564563
2026-14,faenza,0.022116975905180025,-0.18689708411693573,-0.7470671063086743,0.3647353744885471,-0.2120342254638672,-0.8982549727997323,0.4958114799314768
2026-14,ferrari,1.7409709665853423,1.536525845527649,0.9014494995937646,2.155595113995548,1.397774577140808,0.7307424165244529,2.061365920255941
2026-14,haas,-0.3461906303354685,-0.21247272193431854,-0.7724893592046324,0.34037652884355213,-0.18125224113464355,-0.7553081951875054,0.3759120900999253
2026-14,hinwil,0.1917014521571333,-0.1783771514892578,-0.7322810389288846,0.37556641043857575,-0.1674017310142517,-0.7447501953433646,0.39666975189402315
2026-14,mclaren,1.233330714251699,1.3345987796783447,0.795516520044881,1.8625246418022976,1.2379150390625,0.6955651333780903,1.775573040443368
2026-14,red_bull,1.0884091660032151,0.586211085319519,0.034316378250296355,1.157212175378547,0.34534043073654175,-0.183472861265445,0.8655052979359897
2026-14,silverstone,-1.3217177061383347,-2.115159749984741,-2.7643983543081143,-1.4567308494376348,-1.9160887002944946,-2.5791242566086705,-1.2436710915739655
2026-14,williams,-1.8294888664993048,-0.8800438642501831,-1.4085951342566072,-0.3447808353426213,-0.763439416885376,-1.3137891439238638,-0.21976921928478838
2026-15,brackley,0.99065365886289,1.7682688236236572,1.227991864140927,2.2539570378362432,1.6014543771743774,1.0577755408942047,2.1345851632587034
2026-15,cadillac,-1.3775147232614562,-2.094228506088257,-2.633601701184417,-1.5636770468048593,-1.7907476425170898,-2.3528187615090452,-1.2468901529539276
2026-15,enstone,0.49709190698545747,-0.06746046245098114,-0.6017099247533767,0.47888206870599187,-0.11648043990135193,-0.6488344495114637,0.4330295200047118
2026-15,faenza,-0.360975587115263,-0.2837969660758972,-0.8259030163927704,0.2576748732525863,-0.293310284614563,-0.8363994440407184,0.24546449697154954
2026-15,ferrari,0.6176113773314247,1.4175055027008057,0.8883106449679317,1.9263450797827038,1.3412002325057983,0.8024992625260025,1.8638978922754104
2026-15,haas,-0.2791976801168254,-0.28571197390556335,-0.8320894288564284,0.23615754940143116,-0.28318649530410767,-0.834578533021637,0.26615615804953974
2026-15,hinwil,-0.37596203525870076,-0.25161638855934143,-0.7606593256663489,0.27615120938509485,-0.2693359851837158,-0.7987584050088755,0.2615823922071623
2026-15,mclaren,0.6889289291501666,1.261359453201294,0.6995750092421701,1.7892172554369152,1.1359806060791016,0.5510727290664992,1.6721877724376843
2026-15,red_bull,1.1625437101416642,0.5831629633903503,0.07094728782671511,1.1114849211310072,0.5488105416297913,0.019905925844967746,1.0933285996275348
2026-15,silverstone,-2.4035363630645104,-2.188398838043213,-2.8520387401389353,-1.521280318114078,-2.0180230140686035,-2.7076557308040834,-1.3426544741304225
2026-15,williams,-0.361411375187103,-0.9532830715179443,-1.4702976641486998,-0.4295775079833183,-0.8653736114501953,-1.399591227547675,-0.3338568236132762
