event_id,a,b,observed,full,lo,hi,no_driver,no_driver_lo,no_driver_hi
2024-13,hamilton,russell,0.1083776581124889,0.0358203649520874,-0.5857078639231674,0.6280882671681983,0.0,-0.7542820766077196,0.715239480541486
2024-13,gasly,ocon,-0.1015140992329755,0.06755626201629639,-0.5075427199607991,0.6478663777384859,0.0,-0.7102044327621406,0.7119756868380758
2024-13,ricciardo,tsunoda,0.4248054239637731,0.05571776628494263,-0.5832989983376158,0.6890871698809758,0.0,-0.7369614513483751,0.745174090365926
2024-13,leclerc,sainz,0.14242293908085646,0.0591893196105957,-0.5011339916078441,0.5999495276563764,0.0,-0.6939937170199972,0.6765011111616991
2024-13,hulkenberg,kevin_magnussen,0.18913605330349798,0.21707773208618164,-0.4127829242471355,0.8537926285377362,0.0,-0.7366007245784201,0.7536196868858612
2024-13,bottas,zhou,0.342323282911152,0.04432708024978638,-0.5470278602452234,0.6552317992794419,0.0,-0.7160081008379637,0.7397538266718087
2024-13,norris,piastri,0.10521050768139406,0.23894375562667847,-0.329031692368933,0.8268111959881064,0.0,-0.6943200111069323,0.7085170660084745
2024-13,max_verstappen,perez,0.1615487012881347,0.42821013927459717,-0.14688302322711047,0.9967724728550543,0.0,-0.7147517179573661,0.7235178559238983
2024-13,alonso,stroll,-0.3728643646520035,0.15664590895175934,-0.4651297218293438,0.7756217875003181,0.0,-0.742879303795688,0.7362622635574406
2024-13,albon,sargeant,0.06638085404908767,0.21630102396011353,-0.39642471037429383,0.8122864808772595,0.0,-0.7296998625043372,0.7165408840511226
2024-14,hamilton,russell,-0.05794511119642154,0.0358203649520874,-0.5400817244063114,0.5732521532589844,0.0,-0.7202278348404076,0.6799209693998424
2024-14,gasly,ocon,-0.36424823415898766,0.06755626201629639,-0.49774258176662994,0.6315211552428207,0.0,-0.6767202540897028,0.6996726107059871
2024-14,ricciardo,tsunoda,0.6903396857237989,0.05571776628494263,-0.5084241436888036,0.6098281147281766,0.0,-0.6942397160924613,0.6755953219053498
2024-14,leclerc,sainz,0.08168288690275549,0.0591893196105957,-0.4801045519621455,0.601813294828987,0.0,-0.6767917954257567,0.68069676092648
2024-14,hulkenberg,kevin_magnussen,-0.01651796714645215,0.21707773208618164,-0.3711238047273365,0.7978711886617822,0.0,-0.7187823576040129,0.7072202635326956
2024-14,norris,piastri,-0.11740783839705449,0.23894375562667847,-0.3017872193695273,0.8076027902460332,0.0,-0.6769027564958479,0.6895407139098552
2024-14,max_verstappen,perez,0.5820242293778619,0.4282100796699524,-0.12225480291413755,0.9842845223737868,0.0,-0.6908672200997168,0.6888446942754172
2024-14,alonso,stroll,0.05199420211519665,0.15664592385292053,-0.43059721037593307,0.7342076418488408,0.0,-0.7182102059537846,0.7141693608140137
2024-14,albon,sargeant,0.3714889751264237,0.21630102396011353,-0.36109248943880556,0.7777409701026916,0.0,-0.6760762997976438,0.6955611794294748
2024-15,hamilton,russell,0.08316963926224741,0.0358203649520874,-0.5563881591403133,0.6049724803740433,0.0,-0.7427294824982442,0.6964392617674292
2024-15,gasly,ocon,0.3829338883295842,0.06755626201629639,-0.49570616673153184,0.665067858514086,0.0,-0.6903444746067713,0.7359527951446803
2024-15,ricciardo,tsunoda,0.040510612576919236,0.05571776628494263,-0.5490114929626531,0.6561964719701898,0.0,-0.726035113740726,0.7049687031317325
2024-15,leclerc,sainz,0.039736522573772914,0.0591893196105957,-0.4849378957252211,0.5805456029894105,0.0,-0.6753271474187587,0.6810570499015224
2024-15,hulkenberg,kevin_magnussen,0.38053909781630335,0.21707773208618164,-0.39211554818007255,0.8147616402360222,0.0,-0.714717918849923,0.7219717073220329
2024-15,bottas,zhou,0.4273038248787777,0.04432708024978638,-0.512144891038164,0.6402121291834316,0.0,-0.6849316632330453,0.7212189898705619
2024-15,norris,piastri,0.27169859270055596,0.23894375562667847,-0.3249368824726071,0.8149116143625031,0.0,-0.6915569923381569,0.6997360282155142
2024-15,max_verstappen,perez,0.11229662486175984,0.42821013927459717,-0.12874863327902453,0.9973352702156094,0.0,-0.6945765489136883,0.7143948741684216
2024-15,alonso,stroll,-0.04092057511463654,0.15664590895175934,-0.47673645283636673,0.8255799993257241,0.0,-0.7681286485601505,0.7805453465902534
2024-15,albon,sargeant,0.537561179776359,0.21630102396011353,-0.36553190863743035,0.8067276957257665,0.0,-0.6949467565088537,0.7203957571775577
2024-16,hamilton,russell,0.08373759298974792,0.0358203649520874,-0.5276430900377947,0.6201612182742493,0.0,-0.7056314053487488,0.6707235562458628
2024-16,gasly,ocon,0.17929225790030012,0.06755626201629639,-0.5391587673623236,0.6860988873564597,0.0,-0.7489723074727521,0.7404513882373295
2024-16,leclerc,sainz,0.37678851126533475,0.0591893196105957,-0.5288193305294241,0.6295910434025745,0.0,-0.6951383191344069,0.7421272682048539
2024-16,hulkenberg,kevin_magnussen,0.04095770156257589,0.21707770228385925,-0.3630275986686611,0.7961719253105951,0.0,-0.6830797868831627,0.7117675396103752
2024-16,bottas,zhou,-0.22570302449885404,0.0443270206451416,-0.5588315121622828,0.670971351448581,0.0,-0.7397161354398428,0.7501241413537515
2024-16,norris,piastri,-0.008619155388550404,0.2389436960220337,-0.329286624475471,0.7985383948429646,0.0,-0.6865217979687808,0.6812954754458834
2024-16,max_verstappen,perez,0.2807036576209305,0.42821013927459717,-0.12935921542879825,0.9893847989815598,0.0,-0.697374306616838,0.7009635975219962
2024-16,alonso,stroll,0.4154006036637734,0.15664592385292053,-0.4112052641004316,0.7363031741742543,0.0,-0.7191175162363052,0.7098001376736798
2024-16,albon,colapinto,0.1488371695208115,0.07989633083343506,-0.9167659840397013,1.128258491132133,0.0,-0.6897505283986807,0.7046119335466099
2024-17,hamilton,russell,-0.172561288319255,0.0358203649520874,-0.5859965499367148,0.6256827269902033,0.0,-0.72981358416673,0.71719374743473
2024-17,gasly,ocon,0.613473540624487,0.06755626201629639,-0.5245089648267838,0.6978297074469227,0.0,-0.7460376563653499,0.7123701241567402
2024-17,leclerc,sainz,0.370788638635112,0.0591893196105957,-0.5323898685958764,0.6192019112912562,0.0,-0.6857586813324998,0.7203609621114881
2024-17,bearman,hulkenberg,-0.22556097461695587,-0.28035372495651245,-1.0272282588026114,0.4996873254575453,0.0,-0.6866151092003494,0.7300780005420623
2024-17,bottas,zhou,-0.06442361487289094,0.04432708024978638,-0.51358156200649,0.5916977961429923,0.0,-0.6779995997883128,0.6799071031412753
2024-17,norris,piastri,-0.27918782127631925,0.23894375562667847,-0.3170788757012032,0.8055341335524397,0.0,-0.7083550889796842,0.6968771290815556
2024-17,max_verstappen,perez,-0.38097893814323847,0.42821013927459717,-0.1997661275753622,1.0562272368319165,0.0,-0.7410879863760499,0.7344213450824725
2024-17,alonso,stroll,0.4160860231641944,0.15664592385292053,-0.4362945947767066,0.755840238475226,0.0,-0.7243258914006635,0.7338598950409291
2024-17,albon,colapinto,0.06401931935031852,0.07989627122879028,-0.9827978337891097,1.1958069979655408,0.0,-0.7564128658373347,0.8001077547670616
2024-18,hamilton,russell,-0.07031262328859755,0.0358203649520874,-0.5373904708452166,0.6345964883564982,0.0,-0.7479933361733224,0.721651214543059
2024-18,gasly,ocon,-0.0737058182974818,0.06755626201629639,-0.57036599839399,0.6870966380595904,0.0,-0.7229030501852395,0.7547642113568649
2024-18,ricciardo,tsunoda,-0.19921297275530425,0.05571776628494263,-0.5450226381603878,0.6641993305853922,0.0,-0.7096661318728629,0.7144495743524683
2024-18,leclerc,sainz,0.5477249794490958,0.0591893196105957,-0.5613263227369955,0.6571826513865653,0.0,-0.7212024240935317,0.6953325256824512
2024-18,hulkenberg,kevin_magnussen,0.5966563560042294,0.21707767248153687,-0.3348724910182032,0.7712884747786773,0.0,-0.701902395663292,0.6923586511237483
2024-18,bottas,zhou,-0.025054846666068276,0.04432708024978638,-0.5268897549913514,0.6492510609329948,0.0,-0.7210953846139748,0.7155647084376305
2024-18,norris,piastri,0.5591797225237662,0.23894375562667847,-0.38229694493370153,0.8520186214691599,0.0,-0.7150888603815816,0.771754398912656
2024-18,max_verstappen,perez,0.8231175739372063,0.42821013927459717,-0.1575635595714267,1.0125969274268174,0.0,-0.7448950909047344,0.7491173044198316
2024-18,alonso,stroll,0.6040932636590051,0.15664593875408173,-0.4094213450764121,0.7078382900256882,0.0,-0.6841621224166324,0.686828256120502
2024-19,gasly,ocon,0.2631574636922337,0.06755626201629639,-0.4686689030801805,0.630675759812659,0.0,-0.6885493575776954,0.6994706661223209
2024-19,lawson,tsunoda,0.24143085894435604,-0.21396151185035706,-0.8849194648735449,0.4695178519224726,0.0,-0.7479191020119262,0.7129333137190845
2024-19,leclerc,sainz,-0.024728853931160755,0.0591893196105957,-0.5008026258075293,0.6189703124454432,0.0,-0.6751086893286387,0.6902541889028558
2024-19,hulkenberg,kevin_magnussen,0.2068343499005813,0.21707770228385925,-0.3185422729489184,0.7683508039833326,0.0,-0.692631746631441,0.6794542731784994
2024-19,bottas,zhou,0.7582843160058296,0.0443270206451416,-0.517265048616358,0.6179701581327217,0.0,-0.7030802854300375,0.6967741173991614
2024-19,norris,piastri,0.33995035409581664,0.2389436960220337,-0.3401780761769895,0.8007875089443989,0.0,-0.7138118697279909,0.7273128314946614
2024-19,max_verstappen,perez,0.7897438323815259,0.42821013927459717,-0.14729699851872202,0.9801356014432979,0.0,-0.6813702665180201,0.6876807370545754
2024-19,alonso,stroll,0.34248877954577106,0.15664592385292053,-0.4175584780415341,0.7328281162528427,0.0,-0.6668505613666735,0.6817118821536655
2024-19,albon,colapinto,-0.6531466943523135,0.07989630103111267,-0.891378318067562,1.1434919193853643,0.0,-0.6717380012517095,0.7142174285307797
2024-20,hamilton,russell,0.08080032424914158,0.0358203649520874,-0.5415450017746503,0.6126869649187343,0.0,-0.7077619189041938,0.7205668948940673
2024-20,gasly,ocon,0.16860360580176204,0.06755626201629639,-0.5232540619813447,0.6599939339402826,0.0,-0.6841819932221439,0.7335803622952601
2024-20,leclerc,sainz,0.21699297118074123,0.0591893196105957,-0.5116700101463451,0.6248210434675944,0.0,-0.675322709621376,0.6618785804314964
2024-20,hulkenberg,kevin_magnussen,-0.25529002201810913,0.21707767248153687,-0.38436773092344695,0.7748086610684809,0.0,-0.7139289648226292,0.6880236836406014
2024-20,bottas,zhou,0.1548668437621108,0.04432708024978638,-0.5198106242054772,0.6353902349381336,0.0,-0.7021347966014589,0.7083662908811394
2024-20,norris,piastri,0.796954713123825,0.23894375562667847,-0.3331342346793842,0.8177752955547164,0.0,-0.6845599607903582,0.722720886920373
2024-20,max_verstappen,perez,1.1810612591233856,0.42821019887924194,-0.1554086290066511,1.0010438709044531,0.0,-0.7009484235635915,0.705225240959535
2024-22,hamilton,russell,0.19652385893771407,0.0358203649520874,-0.5317565904513328,0.5979398487769898,0.0,-0.679600282389423,0.6869259525180249
2024-22,lawson,tsunoda,-0.33493794771108437,-0.21396148204803467,-0.8664685791992545,0.43974524716151236,0.0,-0.7287167679418116,0.706965778369698
2024-22,leclerc,sainz,0.027581166740328178,0.0591893196105957,-0.5475920990141279,0.6466848812244366,0.0,-0.7086162352254494,0.7121668120783925
2024-22,hulkenberg,kevin_magnussen,0.31281107600347835,0.21707770228385925,-0.42253463521569573,0.8780992079211591,0.0,-0.7768428255082857,0.770513137791288
2024-22,bottas,zhou,-0.49314114582913393,0.0443270206451416,-0.6268759592632972,0.7012619082385019,0.0,-0.80935707696728,0.8056392748594514
2024-22,norris,piastri,0.3298906516656882,0.2389436960220337,-0.3407511613646332,0.8002876245347854,0.0,-0.7126800360045438,0.7383852940337574
2024-22,max_verstappen,perez,0.49331496799715024,0.42821013927459717,-0.16709689886305268,0.9890169930730234,0.0,-0.7115083357870006,0.7366284014308269
2024-22,alonso,stroll,0.2015953838982857,0.15664592385292053,-0.4489694074993473,0.7757982808671797,0.0,-0.7134679597518457,0.7312995003885933
2024-22,albon,colapinto,0.6318174555437198,0.07989633083343506,-0.9565355824695521,1.1925829609806426,0.0,-0.7470154596992936,0.772202554815903
2024-23,hamilton,russell,-0.7332744454484854,0.0358203649520874,-0.5709983870293239,0.5999030182029705,0.0,-0.7246384100360596,0.7054458049419017
2024-23,lawson,tsunoda,0.1459797734461059,-0.21396148204803467,-0.950093965815878,0.5206663347184943,0.0,-0.7545824769564611,0.7454453581385713
2024-23,leclerc,sainz,0.038689404175138664,0.0591893196105957,-0.5185079723648426,0.6307670780344679,0.0,-0.7089564537199471,0.6960396739198353
2024-23,hulkenberg,kevin_magnussen,-0.6744135328532517,0.21707773208618164,-0.3724209787811753,0.8022898315395379,0.0,-0.7025019549473471,0.7115572104030533
2024-23,bottas,zhou,-0.2349963166007929,0.04432708024978638,-0.5428200001257245,0.6425678386048167,0.0,-0.6932804071858109,0.7353656354172762
2024-23,norris,piastri,0.30810577009060447,0.23894375562667847,-0.3713899982127396,0.824453078944717,0.0,-0.7236957272280705,0.6991546067573849
2024-23,max_verstappen,perez,1.0535919478932207,0.4282100796699524,-0.14001995217752383,0.9872254653830657,0.0,-0.6801929284623656,0.7086171297105753
2024-24,hamilton,russell,-0.005106299987307827,0.0358203649520874,-0.4937838598094054,0.5928085440366591,0.0,-0.6595809976048228,0.672060602395425
2024-24,doohan,gasly,-0.8314242960567042,-0.15275263786315918,-1.1348907487399775,0.8155564036534945,0.0,-0.695712708306021,0.7061959619510506
2024-24,lawson,tsunoda,0.13842752389175672,-0.21396148204803467,-0.893747359399915,0.42343855372665506,0.0,-0.7380183494528048,0.6873851466336207
2024-24,leclerc,sainz,-0.3095507936759315,0.0591893196105957,-0.5006001964680123,0.6189684990480926,0.0,-0.6914869060241616,0.6937593292498088
2024-24,hulkenberg,kevin_magnussen,0.5077907700113391,0.21707767248153687,-0.3378790741496003,0.7658839435952032,0.0,-0.6905556245910817,0.6881928277592405
2024-24,bottas,zhou,0.33994139125840944,0.04432708024978638,-0.5322966209972951,0.6371462559737119,0.0,-0.7285438254457491,0.7407965385617433
2024-24,norris,piastri,0.3419039760827456,0.23894375562667847,-0.33751848683802516,0.8106781328641373,0.0,-0.6752265892271851,0.7062291997289546
2024-24,alonso,stroll,0.27796664924262837,0.15664592385292053,-0.40295208383550707,0.7173607015207978,0.0,-0.6682460240839999,0.6951333782525377
2024-24,albon,colapinto,-0.10093476685284458,0.07989627122879028,-0.929468390169275,1.1392818597334051,0.0,-0.7072363353405416,0.744869671789287
2025-11,colapinto,gasly,0.1818548644739263,-0.2589609622955322,-0.8601661801472541,0.3342896548965458,0.0,-0.6933254398058313,0.701363622638059
2025-11,hadjar,lawson,-0.29625441851498363,0.16022197902202606,-0.5079434065878446,0.7781120560140918,0.0,-0.7764588325278889,0.7486935087566762
2025-11,hamilton,leclerc,-0.1736047885915859,-0.3423008918762207,-0.896917169496634,0.21875485894554578,0.0,-0.6999124389500903,0.7214668955730958
2025-11,bearman,ocon,-0.25105133214721415,0.003963544964790344,-0.5573496718568656,0.5565807245065302,0.0,-0.7050875591856401,0.6707158896456769
2025-11,bortoleto,hulkenberg,0.1906917528942758,-0.10124486684799194,-0.6955436743243867,0.46319013505884177,0.0,-0.6991238183953512,0.699188599558559
2025-11,norris,piastri,-0.1406780849263709,0.04987215995788574,-0.5108450416952393,0.601232895974001,0.0,-0.7103520578511529,0.676618105571538
2025-11,alonso,stroll,0.5462254654875696,0.22243261337280273,-0.3602039080728582,0.7730709619914327,0.0,-0.7181050310788516,0.6774517158055222
2025-14,antonelli,russell,-0.8267979933230135,-0.28231945633888245,-0.8911977312192494,0.326965489709281,0.0,-0.71366075214808,0.7237172886459088
2025-14,colapinto,gasly,0.13776333159290638,-0.2589609622955322,-0.8669802016091078,0.3473946843377642,0.0,-0.707519374150026,0.7114431302327938
2025-14,hadjar,lawson,-0.021123573204031354,0.16022197902202606,-0.44478557821118253,0.7263717689895702,0.0,-0.7240641980395853,0.7095749392853576
2025-14,hamilton,leclerc,-0.3012250108792379,-0.34230098128318787,-0.9701589855796637,0.27003843398830063,0.0,-0.7518862936784387,0.7466402505420171
2025-14,bearman,ocon,-0.6096946261468914,0.003963544964790344,-0.6455896144023562,0.6348273541959332,0.0,-0.7789332980423079,0.7765917650672672
2025-14,bortoleto,hulkenberg,-0.04262683230593256,-0.10124480724334717,-0.7080030627602815,0.5074694405025671,0.0,-0.7265648227197711,0.6824770541510933
2025-14,norris,piastri,-0.05209210212281734,0.04987215995788574,-0.5191516926739955,0.6202403700430985,0.0,-0.6976386829356269,0.7047707083688571
2025-14,max_verstappen,tsunoda,0.8724197236008011,0.9694422483444214,0.39921932749395717,1.5305471307855905,0.0,-0.6944452958083206,0.6976047556707413
2025-14,alonso,stroll,-0.28741040687469016,0.22243255376815796,-0.3963938913039209,0.8072643135793722,0.0,-0.7447862943119169,0.7297976031667569
2025-14,albon,sainz,-0.23780638312221897,-0.08655117452144623,-0.6815227558324711,0.5053255901707733,0.0,-0.7101131533217345,0.7131221089715339
2025-15,antonelli,russell,-0.22752653014558977,-0.28231945633888245,-0.8596709517566526,0.2763085302312809,0.0,-0.6872494595832931,0.6882993179450323
2025-15,colapinto,gasly,-0.2520949425898059,-0.2589609622955322,-0.8543808413550156,0.35301171728376807,0.0,-0.6890214296594639,0.7166655029892016
2025-15,hadjar,lawson,0.6625068220044223,0.16022197902202606,-0.4285042190293717,0.7417816184232566,0.0,-0.7164353687563662,0.7081219489652191
2025-15,hamilton,leclerc,-0.06061714034307619,-0.34230098128318787,-0.9643645857698019,0.2884268475583649,0.0,-0.7556096804555315,0.748746224503053
2025-15,bearman,ocon,0.26114746993237614,0.003963544964790344,-0.6727598615818648,0.6798248739212717,0.0,-0.8089947622974093,0.7980688747738124
2025-15,bortoleto,hulkenberg,0.09940616297720295,-0.10124480724334717,-0.7242904890732504,0.5092519140309868,0.0,-0.7288446516373993,0.708593681995154
2025-15,norris,piastri,-0.19513149284090714,0.04987215995788574,-0.5707320395448674,0.6409583838762865,0.0,-0.7350948234275517,0.7267251743841328
2025-15,max_verstappen,tsunoda,1.3233281194542597,0.9694422483444214,0.39494029121209223,1.5235440645693745,0.0,-0.7007140064763119,0.6778242946131612
2025-15,alonso,stroll,0.36590849752099486,0.22243255376815796,-0.3858013733867572,0.8280491308976549,0.0,-0.7251517594280205,0.7310041312077581
2025-15,albon,sainz,0.035498461078538046,-0.08655117452144623,-0.653177315875474,0.47925577810139297,0.0,-0.7011499311689424,0.6709727052991519
2025-16,antonelli,russell,-0.4350312054657178,-0.28231948614120483,-0.8476011586614524,0.26571063661542504,0.0,-0.6714302267414874,0.7089549434472285
2025-16,colapinto,gasly,-0.09667428069950246,-0.2589609622955322,-0.8296909344041797,0.321092334532842,0.0,-0.6813398619476186,0.688339550504899
2025-16,hadjar,lawson,-0.04952387169794431,0.16022196412086487,-0.4298323731792499,0.7438412879060557,0.0,-0.7105922189564632,0.6939314974733929
2025-16,hamilton,leclerc,0.04731012654727218,-0.3423009514808655,-0.9043442718500941,0.18350479383236876,0.0,-0.6924111595731145,0.6716195373109608
2025-16,bearman,ocon,-0.164470007986791,0.00396353006362915,-0.5536486940468353,0.5681016849995286,0.0,-0.6923607002733063,0.6971792026819561
2025-16,norris,piastri,0.3166110090030132,0.04987215995788574,-0.5001982924754095,0.5957957673134957,0.0,-0.6927685337411845,0.6910780458768163
2025-16,max_verstappen,tsunoda,1.651545405368393,0.9694422483444214,0.40033409248025575,1.5127206645436118,0.0,-0.6964463954380784,0.6757399230160421
2025-16,alonso,stroll,-0.16762241039982204,0.22243255376815796,-0.3247759879569653,0.7681138609618697,0.0,-0.6942871871182658,0.6670762113711766
2025-16,albon,sainz,-0.08564567647547391,-0.08655115962028503,-0.6482216434699923,0.4547225324487424,0.0,-0.7146297069558767,0.6753100949451563
2025-17,antonelli,russell,-0.06972260298628319,-0.28231945633888245,-0.840947483084704,0.2749510495307041,0.0,-0.6759703738359498,0.7232932735608995
2025-17,colapinto,gasly,0.024669093546722864,-0.2589609622955322,-0.8602712941860456,0.3334816784349611,0.0,-0.6988311456919336,0.7136822291497353
2025-17,hadjar,lawson,0.023161435939141883,0.16022197902202606,-0.40362410658595455,0.7231582280304207,0.0,-0.7063047807112486,0.6799609727042614
2025-17,hamilton,leclerc,-0.10863247640316404,-0.3423008918762207,-0.8990549188149536,0.21153157883221096,0.0,-0.693548670223995,0.7011354873451275
2025-17,bearman,ocon,0.5889126421542152,0.003963544964790344,-0.5643006437400493,0.6088771727308543,0.0,-0.713628193284731,0.7176176686693847
2025-17,bortoleto,hulkenberg,-0.02315304151867556,-0.10124486684799194,-0.6634424186342952,0.46324105317411135,0.0,-0.6867047623581685,0.660628602476994
2025-17,max_verstappen,tsunoda,0.5264169542034414,0.9694421887397766,0.4121026437474106,1.5090381807837212,0.0,-0.6957187061209642,0.6633152270596283
2025-17,alonso,stroll,0.3561588299935428,0.22243261337280273,-0.3276179403840151,0.7519583937339931,0.0,-0.685750077579007,0.65917816104567
2025-17,albon,sainz,-0.5674221380080344,-0.08655117452144623,-0.6664676278811755,0.47790395639775335,0.0,-0.7167525169382567,0.695719925419863
2025-19,antonelli,russell,-0.17752432853656486,-0.28231948614120483,-0.8760792229790109,0.3189785610732923,0.0,-0.7159406698138239,0.7240963001807244
2025-19,colapinto,gasly,-0.20543078662777858,-0.2589609622955322,-0.8375547900045001,0.32507832611768694,0.0,-0.6878970490745799,0.6805368806286868
2025-19,hadjar,lawson,-0.021398012820620704,0.16022196412086487,-0.4314949421147191,0.7255118664517227,0.0,-0.7169482841978934,0.6958887874449287
2025-19,hamilton,leclerc,0.029127677362091875,-0.3423009514808655,-0.8949102188141592,0.2214129097438546,0.0,-0.6905650104338438,0.6887405742339142
2025-19,bearman,ocon,0.18375119768379278,0.003963544964790344,-0.5688283240210115,0.566757422828066,0.0,-0.7057565880358518,0.6993462625821406
2025-19,bortoleto,hulkenberg,-0.24319023885492935,-0.10124480724334717,-0.6974410845696631,0.4816040202382801,0.0,-0.6986674630721009,0.6980357668276932
2025-19,norris,piastri,0.5969632430862495,0.04987215995788574,-0.5095794037633802,0.6120230192467783,0.0,-0.6995542639870164,0.7064886312624917
2025-19,max_verstappen,tsunoda,0.9400001168439871,0.9694422483444214,0.3952288410216648,1.5242802750492384,0.0,-0.6953719548600863,0.6839468341607262
2025-19,alonso,stroll,-0.19320451346307232,0.22243255376815796,-0.33655017058905184,0.7712806563736447,0.0,-0.6955039187592537,0.6815442420956547
2025-20,antonelli,russell,-0.09740399114277376,-0.28231945633888245,-0.8397405482812814,0.27465464419467067,0.0,-0.6674229644502665,0.699901700749232
2025-20,colapinto,gasly,0.44646117232200755,-0.2589609622955322,-0.8335668297693708,0.32310213395099857,0.0,-0.6716988915559917,0.6991353957756216
2025-20,hamilton,leclerc,0.17109781540781643,-0.3423009514808655,-0.9245657929995376,0.2227897578687013,0.0,-0.721066584722742,0.7070865824261903
2025-20,bearman,ocon,0.4899027868819365,0.003963544964790344,-0.5788161660146628,0.5632615248603233,0.0,-0.6907080160942446,0.696416780662758
2025-20,bortoleto,hulkenberg,0.8283177254966672,-0.10124480724334717,-0.7244362306425852,0.5246418875275929,0.0,-0.7490875768367964,0.7304973429558296
2025-20,norris,piastri,0.17815539685269655,0.04987215995788574,-0.5111096839559179,0.6298677600202632,0.0,-0.6970597869307986,0.7170317462453049
2025-20,max_verstappen,tsunoda,0.9027100555586631,0.9694422483444214,0.4013333529197216,1.5157631097765218,0.0,-0.6944073020754216,0.6799967517736312
2025-20,alonso,stroll,0.17279312986924328,0.22243258357048035,-0.33507172214355335,0.7544352071053855,0.0,-0.6903040204271372,0.6655369603602992
2025-20,albon,sainz,-0.08147967310714876,-0.08655112981796265,-0.6707075970356308,0.47752973680346267,0.0,-0.7276550012867888,0.6839705577415762
2025-21,antonelli,russell,-0.030363400937756246,-0.28231945633888245,-0.8581232209203635,0.2939465458525264,0.0,-0.6965867494248354,0.6993145788360489
2025-21,colapinto,gasly,-0.2896431611983785,-0.2589609622955322,-0.8665931137364579,0.364867988232051,0.0,-0.7049234478632587,0.7017315093498939
2025-21,hadjar,lawson,0.008100166768447381,0.16022196412086487,-0.45330687056917085,0.7511377029135197,0.0,-0.7215227325546466,0.7078523790294386
2025-21,bearman,ocon,0.4041432376766284,0.003963559865951538,-0.5649861913197884,0.5863248935688731,0.0,-0.6854855529657623,0.7184340669706856
2025-21,norris,piastri,-0.4789827161587652,0.04987210035324097,-0.4741704401286472,0.5809918370387732,0.0,-0.6831058923358893,0.6770884402274839
2025-21,max_verstappen,tsunoda,0.8564609387047806,0.9694422483444214,0.42132404843814686,1.5151883300075228,0.0,-0.6742710354902812,0.6834724251083968
2025-21,alonso,stroll,-0.5335367034628473,0.22243258357048035,-0.3294303377611445,0.7925648217044026,0.0,-0.7077274883565815,0.697411453735142
2025-21,albon,sainz,0.18697910966558517,-0.08655115962028503,-0.7047364522164113,0.5342637879802674,0.0,-0.7630296036483474,0.754325279783703
2025-22,antonelli,russell,-0.1153524366780786,-0.28231948614120483,-0.8404317306111964,0.2874109811501847,0.0,-0.6871273865684083,0.7193434750931748
2025-22,colapinto,gasly,-0.6679867630913633,-0.2589609622955322,-0.8760297155054634,0.3589461528024332,0.0,-0.7188202327987311,0.7058755455237894
2025-22,hadjar,lawson,0.49098197186301895,0.16022196412086487,-0.42438191433276284,0.7284374649867219,0.0,-0.70503720109807,0.6792121544767995
2025-22,hamilton,leclerc,-0.6743556643335529,-0.3423009514808655,-0.9016629775787195,0.19053126178230634,0.0,-0.7059952871265277,0.6897988358525482
2025-22,bearman,ocon,-0.2819375080980383,0.00396353006362915,-0.5808975561038793,0.5672570802048893,0.0,-0.7058920413656672,0.7205883672329174
2025-22,norris,piastri,0.28047646679227023,0.04987215995788574,-0.5053855907057067,0.6097457651037033,0.0,-0.6793765414989882,0.705606280320482
2025-22,max_verstappen,tsunoda,1.0008429553591638,0.9694422483444214,0.4158882739664364,1.5339361437448313,0.0,-0.6990898520883924,0.7062256115089415
2025-22,albon,sainz,-0.025933880912699436,-0.08655115962028503,-0.6915101229458245,0.5219245099305279,0.0,-0.7346989002378042,0.7436763535145086
2025-23,antonelli,russell,0.4679798482605314,-0.28231948614120483,-0.8378307546041729,0.26978280933072185,0.0,-0.6816767681619612,0.7043930343995825
2025-23,colapinto,gasly,-0.1046880379513726,-0.2589609622955322,-0.8078429466450369,0.3023362446266806,0.0,-0.663702494164599,0.6921901609335047
2025-23,hadjar,lawson,0.12766667242217178,0.16022196412086487,-0.4038062889749483,0.7112629517930058,0.0,-0.6831023427773011,0.6754650397356028
2025-23,hamilton,leclerc,-0.38855262758420256,-0.3423009514808655,-0.9024912574263304,0.19381366071655393,0.0,-0.6887096705532517,0.6657385551206789
2025-23,bearman,ocon,0.5928899493385472,0.00396353006362915,-0.5538488694494369,0.5614775620583937,0.0,-0.6853102367260817,0.6878503593605575
2025-23,norris,piastri,-0.33918633476607285,0.04987215995788574,-0.5571737713758408,0.6601799175863869,0.0,-0.742297018810412,0.7458749456561191
2025-23,max_verstappen,tsunoda,1.2577165340874512,0.9694422483444214,0.40557180060383285,1.5300212087634033,0.0,-0.7112106720835483,0.6967630120826612
2025-23,alonso,stroll,-0.019411769779776433,0.22243255376815796,-0.3164876560846156,0.7641065737457922,0.0,-0.6670176776457784,0.6565248314985171
2025-23,albon,sainz,-0.7916275348179317,-0.08655115962028503,-0.6395855223674272,0.4584614519450859,0.0,-0.7109632234561415,0.6761683780755275
2025-24,antonelli,russell,-0.157222575258799,-0.28231945633888245,-0.8567821420174464,0.2945019932473935,0.0,-0.6962638650713586,0.7075825796634315
2025-24,colapinto,gasly,-0.27631894719519734,-0.2589609622955322,-0.8108678583736495,0.301602916681179,0.0,-0.6767654621984897,0.6673714353412462
2025-24,hadjar,lawson,0.0696924251950658,0.16022197902202606,-0.4303023280906176,0.7590320104056594,0.0,-0.7126411941426398,0.6962452449203208
2025-24,hamilton,leclerc,-0.5962702196524539,-0.34230098128318787,-0.9098083193282688,0.23057922522506058,0.0,-0.7044944931065948,0.6989755189900057
2025-24,bearman,ocon,-0.19249759258101407,0.003963544964790344,-0.5720218841434366,0.5846245144004205,0.0,-0.7020904761449445,0.7064788491163033
2025-24,bortoleto,hulkenberg,-0.42884057030835254,-0.10124480724334717,-0.6949784454239112,0.49631105887555793,0.0,-0.7178983294965993,0.69399846946923
2025-24,norris,piastri,0.08986022069560629,0.04987215995788574,-0.4879719665489745,0.5910751449410259,0.0,-0.6697193364643782,0.6901102812430836
2025-24,max_verstappen,tsunoda,1.0624285087089653,0.9694422483444214,0.38096648900671237,1.5357151430032758,0.0,-0.7175135568504359,0.6882339344587698
2025-24,alonso,stroll,-0.415540984554991,0.22243255376815796,-0.3381045020799413,0.8037936653876867,0.0,-0.7115480281651984,0.7028994263302093
2025-24,albon,sainz,0.09540084432391649,-0.08655117452144623,-0.6809702127846402,0.4774293929788537,0.0,-0.7151402725603972,0.6730759580348722
2026-08,antonelli,russell,0.02469706712208053,-0.042807817459106445,-0.5900277427193977,0.5271769341289707,0.0,-0.679834836704138,0.7167648434026338
2026-08,colapinto,gasly,-0.3634031747567233,-0.22826993465423584,-0.8360959861497744,0.36271936987628156,0.0,-0.7544028815195007,0.7483514703624057
2026-08,arvid_lindblad,lawson,-0.06269806430713704,0.2455342710018158,-0.34161608091384177,0.8711454577415793,0.0,-0.7178116924809114,0.7570186901877272
2026-08,hamilton,leclerc,0.24788680098903582,-0.09156203269958496,-0.655326064749074,0.47376383259781535,0.0,-0.7100840767990776,0.7220914283642099
2026-08,bearman,ocon,0.21919218728283762,0.02156326174736023,-0.5979556141991291,0.645678592417563,0.0,-0.7535694236518382,0.739001557033392
2026-08,bortoleto,hulkenberg,0.2394214656506787,-0.20400452613830566,-0.8085490101532031,0.4242469628357275,0.0,-0.7406912951808469,0.7609895614126835
2026-08,norris,piastri,-0.2059012890028784,0.25450050830841064,-0.30271222360947453,0.8147256794004554,0.0,-0.7117895264762504,0.6947229608366152
2026-08,hadjar,max_verstappen,-0.589562254820454,-0.7166203856468201,-1.3333116498747841,-0.11872424480811325,0.0,-0.7542737178055708,0.7136622609330462
2026-08,alonso,stroll,-0.24936343778383607,0.07690262794494629,-0.512207003025527,0.6905373353294662,0.0,-0.7103384730628823,0.744792022249433
2026-08,albon,sainz,0.02056281980860497,-0.08617305755615234,-0.7297067565690304,0.5569810115299564,0.0,-0.7641599297632565,0.7626221838854019
2026-09,antonelli,russell,0.39224866603792385,-0.042807817459106445,-0.605036543756134,0.5116777670553754,0.0,-0.7237109373072259,0.7010474199954486
2026-09,bottas,perez,-0.48549249651719784,-0.3375847339630127,-0.9106055003822614,0.24280996643372144,0.0,-0.7156817396300436,0.7093494083366243
2026-09,colapinto,gasly,-0.08413052940160728,-0.22826993465423584,-0.8150362526605182,0.34285023399012937,0.0,-0.7107529989884775,0.6980287698579601
2026-09,arvid_lindblad,lawson,0.08801038999768673,0.2455342411994934,-0.36111696435175444,0.8433821764658453,0.0,-0.7390806486722095,0.7011452537696544
2026-09,hamilton,leclerc,-0.14648510199917197,-0.09156203269958496,-0.6613094621057941,0.4686017726707611,0.0,-0.7016846398852098,0.7106560835393991
2026-09,bearman,ocon,-0.025258888260424772,0.02156326174736023,-0.5290978253094795,0.5858042541870614,0.0,-0.6749277062347734,0.6939832838980017
2026-09,bortoleto,hulkenberg,0.21672067205051207,-0.20400452613830566,-0.7765706507373719,0.36175231664859975,0.0,-0.6821469266110431,0.6909397050873664
2026-09,norris,piastri,0.056108361645167415,0.25450050830841064,-0.3203138277751714,0.8172326021826999,0.0,-0.7225580503384698,0.708175682529277
2026-09,hadjar,max_verstappen,-0.5443511291682184,-0.7166204452514648,-1.2643233568615464,-0.14313354366427566,0.0,-0.6825965136480955,0.707243441914093
2026-09,alonso,stroll,0.28205962590346445,0.07690262794494629,-0.49525939236193955,0.6601119829025258,0.0,-0.7099037482669456,0.7178935518018541
2026-09,albon,sainz,-0.28165154593853625,-0.08617305755615234,-0.6453840530038911,0.49268749824906843,0.0,-0.7056452140616795,0.7215793707690817
2026-10,colapinto,gasly,-0.17160325670342114,-0.22826993465423584,-0.7928299630116203,0.32355087174644026,0.0,-0.7017840670380169,0.6937745604062913
2026-10,arvid_lindblad,lawson,0.5093702953472481,0.2455342710018158,-0.36868410180150546,0.8660695992874683,0.0,-0.7327017801776992,0.7171075769927967
2026-10,hamilton,leclerc,0.04046010130642008,-0.09156203269958496,-0.6377012768447515,0.45269051662244586,0.0,-0.6933067354214779,0.7144952152568758
2026-10,bearman,ocon,0.2381198523229629,0.02156326174736023,-0.5192142165350202,0.5930187791576502,0.0,-0.6657935055045724,0.6968446570371998
2026-10,bortoleto,hulkenberg,0.550634435423532,-0.20400452613830566,-0.7606788400980805,0.3554295740838989,0.0,-0.6716654841609774,0.6956983602110978
2026-10,norris,piastri,0.16365360396110895,0.25450050830841064,-0.30574723726209235,0.8174254985781774,0.0,-0.69269163928359,0.6954474277340074
2026-10,hadjar,max_verstappen,-0.14943494471356789,-0.7166203856468201,-1.2915070193362652,-0.1350127778151637,0.0,-0.6960896930674176,0.706961321595298
2026-10,albon,sainz,-0.5006559761032381,-0.08617305755615234,-0.6455907797075856,0.48302237044549484,0.0,-0.7102365022431675,0.7281297741854288
2026-11,antonelli,russell,0.5782794048603797,-0.042807817459106445,-0.6304786375751915,0.5542773190697485,0.0,-0.7233667112394986,0.7461530811372149
2026-11,colapinto,gasly,-0.35899910865022144,-0.22826993465423584,-0.785516442639856,0.3173384057197919,0.0,-0.7040795997222646,0.6919252753159759
2026-11,arvid_lindblad,lawson,-0.05503590326079935,0.2455342411994934,-0.3579315569079363,0.8926557521843356,0.0,-0.724753940574052,0.7488867595628528
2026-11,hamilton,leclerc,0.10798426328952715,-0.09156203269958496,-0.6431187337732948,0.4794865394246686,0.0,-0.6859851531510232,0.7154692874439905
2026-11,bearman,ocon,-0.23137259856529457,0.021563291549682617,-0.5620694001769755,0.5943477273317859,0.0,-0.6924882047754831,0.7051832234944384
2026-11,bortoleto,hulkenberg,-0.06298867785332404,-0.20400452613830566,-0.8449047868241865,0.4540542146200911,0.0,-0.754968988380289,0.7806014051123519
2026-11,norris,piastri,0.34404638777228724,0.25450050830841064,-0.3074306360581668,0.8168926651765314,0.0,-0.6895473498994327,0.7042313373016914
2026-11,hadjar,max_verstappen,-0.6830769252837346,-0.7166203856468201,-1.3207289732533454,-0.13680181835394803,0.0,-0.7381028717654424,0.7104410375151944
2026-11,alonso,stroll,0.14570839576936256,0.07690262794494629,-0.49766470133903734,0.648088088598583,0.0,-0.6974807830208634,0.7117715093742711
2026-11,albon,sainz,-0.2429969022582663,-0.08617305755615234,-0.6579925264703551,0.49165108694276904,0.0,-0.7222657539460304,0.7068253721421047
2026-13,antonelli,russell,0.29712682876717933,-0.042807817459106445,-0.612828614039514,0.5579944078368322,0.0,-0.6963295511583295,0.7498439316787681
2026-13,bottas,perez,-0.12651768183080936,-0.3375847339630127,-0.9295359868064553,0.2535685710977497,0.0,-0.7037866812123037,0.7222923816772252
2026-13,colapinto,gasly,-0.753823415729003,-0.22826993465423584,-0.850384301342202,0.4067478256865209,0.0,-0.7595726117488981,0.7552852713106768
2026-13,arvid_lindblad,tsunoda,0.22818418416118097,0.19821301102638245,-0.44350575498346423,0.8533811762620194,0.0,-0.7341949896137837,0.7376936103739073
2026-13,bearman,ocon,0.5084699128709376,0.02156326174736023,-0.5648233133249464,0.6026159019307278,0.0,-0.7136622065243668,0.7177699530012756
2026-13,bortoleto,hulkenberg,-0.02071597764202214,-0.20400452613830566,-0.8280137867722007,0.3924630366703509,0.0,-0.7311527491726333,0.7267330346099011
2026-13,norris,piastri,-0.06916567869316614,0.25450050830841064,-0.3912903133767516,0.8816907195922248,0.0,-0.782170007899197,0.760662823080024
2026-13,lawson,max_verstappen,-0.7874624417984977,-0.8570026159286499,-1.4854237755903985,-0.22622787380686193,0.0,-0.7580747410709526,0.7481750990759338
2026-13,albon,sainz,-0.23336758132119528,-0.08617305755615234,-0.666522404344836,0.4979511621380632,0.0,-0.7041370097895356,0.7153439848365916
2026-14,antonelli,russell,0.31310233921147645,-0.042807817459106445,-0.6114898660033545,0.5521084198241011,0.0,-0.7085108528908833,0.7351047583371167
2026-14,bottas,perez,-1.1000035882592014,-0.33758485317230225,-0.9868988497580579,0.35344268445091304,0.0,-0.7634168526937332,0.7923179354831468
2026-14,colapinto,gasly,-0.14588967858500787,-0.22826993465423584,-0.9598367163810524,0.48837265845526295,0.0,-0.8385112362122814,0.8290227946979694
2026-14,arvid_lindblad,tsunoda,1.4577571636176359,0.19821301102638245,-0.45385780405894754,0.8669982389787115,0.0,-0.728262132786807,0.7459274298605177
2026-14,bearman,ocon,-0.5329672277085153,0.02156326174736023,-0.6163186807774514,0.6561078970229889,0.0,-0.775607005814502,0.7731705055349112
2026-14,bortoleto,hulkenberg,-0.17999507065483641,-0.20400452613830566,-0.8478419743755606,0.42863575804128307,0.0,-0.745503419632954,0.7565259581538437
2026-14,norris,piastri,1.7494960438190232,0.25450050830841064,-0.3294761692661523,0.8402757136705878,0.0,-0.7347316949962007,0.7086218326393281
2026-14,lawson,max_verstappen,-0.9827678782872888,-0.8570027351379395,-1.467727253462608,-0.25700876824452534,0.0,-0.7269961967666216,0.7136341251771067
2026-14,albon,sainz,0.8385915115927329,-0.08617305755615234,-0.655921942478458,0.47906165819777863,0.0,-0.7065530983764712,0.7195395171572296
2026-15,antonelli,russell,-0.9189736433964549,-0.042807817459106445,-0.6321267321540587,0.5230998617262899,0.0,-0.7280244737174761,0.7160741310474603
2026-15,bottas,perez,-1.6083999969714844,-0.33758461475372314,-0.8817155943290604,0.24866014191522726,0.0,-0.671437118002556,0.7291286549060844
2026-15,colapinto,gasly,-0.22309723811234633,-0.22826993465423584,-0.7857459268922129,0.33537251027408455,0.0,-0.674362924957143,0.7003756709033467
2026-15,arvid_lindblad,lawson,0.09780752366604023,0.2455342710018158,-0.36306244148899874,0.8450782177019989,0.0,-0.7416197165826741,0.7009400450571491
2026-15,hamilton,leclerc,-0.281145074924953,-0.09156203269958496,-0.6467235451049452,0.4825102053456655,0.0,-0.6956799505434603,0.7203975601569
2026-15,bearman,ocon,0.1618294592056804,0.021563231945037842,-0.5152303280225368,0.5814726510781931,0.0,-0.659111062336897,0.7001229253002824
2026-15,bortoleto,hulkenberg,0.08410258230841494,-0.20400452613830566,-0.7627685246984945,0.3531433462868056,0.0,-0.679462055394963,0.6852819384172144
2026-15,norris,piastri,0.35723675122581533,0.25450050830841064,-0.3147562859152544,0.8287815492734958,0.0,-0.707350433647651,0.7279151368493633
2026-15,hadjar,max_verstappen,-0.4842255083931556,-0.7166204452514648,-1.2878147458342026,-0.12863309076960366,0.0,-0.6885621626705947,0.714018773996963
2026-15,albon,sainz,0.19671440194963746,-0.08617305755615234,-0.6298536478723888,0.4642474559415821,0.0,-0.6859077287915499,0.7043176178323483
