driver_id,name,points_per_race,loss_qualifying_pace_at_average,loss_first_lap_at_average,loss_race_specific_pace_at_average,loss_all_at_average
max_verstappen,Max Verstappen,11.454479166666667,5.701479166666667,0.23489583333333464,1.4449166666666677,7.102291666666667
hadjar,Isack Hadjar,6.925249999999999,2.9919999999999995,-0.027458333333334473,-0.30912500000000076,2.7454166666666655
sainz,Carlos Sainz,6.498854166666667,2.4100833333333336,0.04977083333333354,-0.1044375000000004,2.3656041666666674
norris,Lando Norris,6.400520833333334,2.171875000000001,-0.07922916666666602,0.13668750000000074,2.2332291666666677
leclerc,Charles Leclerc,6.117249999999999,1.5989166666666659,0.13868749999999963,0.3119999999999994,1.997916666666666
arvid_lindblad,Arvid Lindblad,4.7802291666666665,0.5115625000000001,0.022854166666665954,0.22416666666666618,0.750916666666666
antonelli,Andrea Kimi Antonelli,4.7305,1.0256875000000005,-0.13974999999999937,-0.23116666666666674,0.6833125000000004
perez,Sergio Pérez,4.7020625,-0.27193749999999994,0.014333333333333975,0.800416666666667,0.6429375000000004
alonso,Fernando Alonso,4.687291666666667,0.6023333333333332,0.07089583333333405,0.007958333333333734,0.6895208333333334
bearman,Oliver Bearman,4.6355625,0.8795624999999996,-0.1016875000000006,-0.20254166666666684,0.590770833333333
bortoleto,Gabriel Bortoleto,4.5449166666666665,0.9052916666666664,-0.10545833333333299,-0.28481250000000014,0.5443958333333327
piastri,Oscar Piastri,4.536833333333333,0.7679791666666662,0.030020833333333385,-0.3352708333333334,0.48806249999999984
hamilton,Lewis Hamilton,4.317458333333334,0.4329375000000004,-0.07231249999999978,-0.08589583333333284,0.28066666666666684
gasly,Pierre Gasly,4.255458333333333,0.24252083333333285,0.0792916666666672,-0.06937499999999996,0.2622916666666666
russell,George Russell,3.4445,-0.010645833333333243,-0.12816666666666654,-0.3679166666666669,-0.5416249999999998
albon,Alexander Albon,3.4114166666666663,-0.34733333333333327,-0.03687500000000021,-0.16945833333333393,-0.5887916666666668
hulkenberg,Nico Hülkenberg,3.0023750000000002,-1.0950000000000002,0.003958333333333286,0.1172500000000003,-0.9308333333333332
lawson,Liam Lawson,2.93525,-0.971625,0.10168750000000015,-0.16987499999999978,-1.0495
bottas,Valtteri Bottas,2.9010625,-0.06633333333333313,-0.10602083333333345,-0.7381250000000001,-1.0045208333333329
colapinto,Franco Colapinto,2.3932083333333334,-1.7652708333333336,-0.001083333333333325,0.14618749999999991,-1.5625416666666667
ocon,Esteban Ocon,2.3272083333333335,-1.5491458333333332,0.06939583333333355,-0.09747916666666656,-1.5970833333333334
stroll,Lance Stroll,1.9983125,-2.7211875,0.038541666666666474,0.3976249999999999,-1.8979375000000003
