season,team,constructor,power_unit,supplier,note
2010,banbury,Virgin-Cosworth,Cosworth CA2010,Cosworth,
2010,brackley,Mercedes,Mercedes FO 108X,Mercedes,
2010,enstone,Renault,Renault RS27-2010,Renault,
2010,faenza,Toro Rosso-Ferrari,Ferrari 056 2009,Ferrari,
2010,ferrari,Ferrari,Ferrari 056 2010,Ferrari,
2010,hinwil,BMW Sauber-Ferrari,Ferrari 056 2009,Ferrari,
2010,hrt,HRT-Cosworth,Cosworth CA2010,Cosworth,
2010,leafield,Lotus-Cosworth,Cosworth CA2010,Cosworth,
2010,mclaren,McLaren-Mercedes,Mercedes FO 108X,Mercedes,
2010,red_bull,Red Bull-Renault,Renault RS27-2010,Renault,
2010,silverstone,Force India-Mercedes,Mercedes FO 108X,Mercedes,
2010,williams,Williams-Cosworth,Cosworth CA2010,Cosworth,
2011,banbury,Virgin-Cosworth,Cosworth CA2011,Cosworth,
2011,brackley,Mercedes,Mercedes FO 108Y,Mercedes,
2011,enstone,Renault,Renault RS27-2011,Renault,
2011,faenza,Toro Rosso-Ferrari,Ferrari 056,Ferrari,
2011,ferrari,Ferrari,Ferrari 056,Ferrari,
2011,hinwil,Sauber-Ferrari,Ferrari 056,Ferrari,
2011,hrt,HRT-Cosworth,Cosworth CA2011,Cosworth,
2011,leafield,Lotus-Renault,Renault RS27-2011,Renault,
2011,mclaren,McLaren-Mercedes,Mercedes FO 108Y,Mercedes,
2011,red_bull,Red Bull Racing-Renault,Renault RS27-2011,Renault,
2011,silverstone,Force India-Mercedes,Mercedes FO 108Y,Mercedes,
2011,williams,Williams-Cosworth,Cosworth CA2011K,Cosworth,
2012,banbury,Marussia-Cosworth,Cosworth CA2012,Cosworth,
2012,brackley,Mercedes,Mercedes FO 108Z,Mercedes,
2012,enstone,Lotus-Renault,Renault RS27-2012,Renault,
2012,faenza,Toro Rosso-Ferrari,Ferrari Type 056,Ferrari,
2012,ferrari,Ferrari,Ferrari Type 056,Ferrari,
2012,hinwil,Sauber-Ferrari,Ferrari Type 056,Ferrari,
2012,hrt,HRT-Cosworth,Cosworth CA2012,Cosworth,
2012,leafield,Caterham-Renault,Renault RS27-2012,Renault,
2012,mclaren,McLaren-Mercedes,Mercedes FO 108Z,Mercedes,
2012,red_bull,Red Bull-Renault,Renault RS27-2012,Renault,
2012,silverstone,Force India-Mercedes,Mercedes FO 108Z,Mercedes,
2012,williams,Williams-Renault,Renault RS27-2012,Renault,
2013,banbury,Marussia-Cosworth,Cosworth CA2013,Cosworth,
2013,brackley,Mercedes,Mercedes FO 108F,Mercedes,
2013,enstone,Lotus-Renault,Renault RS27-2013,Renault,
2013,faenza,Toro Rosso-Ferrari,Ferrari Type 056,Ferrari,
2013,ferrari,Ferrari,Ferrari Type 056,Ferrari,
2013,hinwil,Sauber-Ferrari,Ferrari Type 056,Ferrari,
2013,leafield,Caterham-Renault,Renault RS27-2013,Renault,
2013,mclaren,McLaren-Mercedes,Mercedes FO 108F,Mercedes,
2013,red_bull,Red Bull Racing-Renault,Renault RS27-2013,Renault,
2013,silverstone,Force India-Mercedes,Mercedes FO 108F,Mercedes,
2013,williams,Williams-Renault,Renault RS27-2013,Renault,
2014,banbury,Marussia-Ferrari,Ferrari 059/3,Ferrari,
2014,brackley,Mercedes,Mercedes PU106A Hybrid,Mercedes,
2014,enstone,Lotus-Renault,Renault Energy F1-2014,Renault,
2014,faenza,Toro Rosso-Renault,Renault Energy F1-2014,Renault,
2014,ferrari,Ferrari,Ferrari 059/3,Ferrari,
2014,hinwil,Sauber-Ferrari,Ferrari 059/3,Ferrari,
2014,leafield,Caterham-Renault,Renault Energy F1-2014,Renault,
2014,mclaren,McLaren-Mercedes,Mercedes PU106A Hybrid,Mercedes,
2014,red_bull,Red Bull-Renault,Renault Energy F1-2014,Renault,
2014,silverstone,Force India-Mercedes,Mercedes PU106A Hybrid,Mercedes,
2014,williams,Williams-Mercedes,Mercedes PU106A Hybrid,Mercedes,
2015,banbury,Marussia-Ferrari,Ferrari 059/3,Ferrari,
2015,brackley,Mercedes,Mercedes PU106B Hybrid,Mercedes,
2015,enstone,Lotus-Mercedes,Mercedes PU106B Hybrid,Mercedes,
2015,faenza,Toro Rosso-Renault,Renault Energy F1-2015,Renault,
2015,ferrari,Ferrari,Ferrari 060,Ferrari,
2015,hinwil,Sauber-Ferrari,Ferrari 060,Ferrari,
2015,mclaren,McLaren-Honda,Honda RA615H,Honda,
2015,red_bull,Red Bull-Renault,Renault Energy F1-2015,Renault,
2015,silverstone,Force India-Mercedes,Mercedes PU106B Hybrid,Mercedes,
2015,williams,Williams-Mercedes,Mercedes PU106B Hybrid,Mercedes,
2016,banbury,MRT-Mercedes,Mercedes PU106C Hybrid,Mercedes,
2016,brackley,Mercedes,Mercedes PU106C Hybrid,Mercedes,
2016,enstone,Renault,Renault R.E.16,Renault,
2016,faenza,Toro Rosso-Ferrari,Ferrari 060,Ferrari,
2016,ferrari,Ferrari,Ferrari 061,Ferrari,
2016,haas,Haas-Ferrari,Ferrari 061,Ferrari,
2016,hinwil,Sauber-Ferrari,Ferrari 061,Ferrari,
2016,mclaren,McLaren-Honda,Honda RA616H,Honda,
2016,red_bull,Red Bull Racing-TAG Heuer,TAG Heuer F1-2016,Renault,
2016,silverstone,Force India-Mercedes,Mercedes PU106C Hybrid,Mercedes,
2016,williams,Williams-Mercedes,Mercedes PU106C Hybrid,Mercedes,
2017,brackley,Mercedes,Mercedes M08 EQ Power+,Mercedes,
2017,enstone,Renault,Renault R.E.17,Renault,
2017,faenza,Toro Rosso,Toro Rosso,Renault,Renault units badged 'Toro Rosso' in 2017
2017,ferrari,Ferrari,Ferrari 062,Ferrari,
2017,haas,Haas-Ferrari,Ferrari 062,Ferrari,
2017,hinwil,Sauber-Ferrari,Ferrari 061,Ferrari,
2017,mclaren,McLaren-Honda,Honda RA617H,Honda,
2017,red_bull,Red Bull Racing-TAG Heuer,TAG Heuer F1-2017,Renault,
2017,silverstone,Force India-Mercedes,Mercedes M08 EQ Power+,Mercedes,
2017,williams,Williams-Mercedes,Mercedes M08 EQ Power+,Mercedes,
2018,brackley,Mercedes,Mercedes M09 EQ Power+,Mercedes,
2018,enstone,Renault,Renault R.E.18,Renault,
2018,faenza,Scuderia Toro Rosso-Honda,Honda RA618H,Honda,
2018,ferrari,Ferrari,Ferrari 062 EVO,Ferrari,
2018,haas,Haas-Ferrari,Ferrari 062 EVO,Ferrari,
2018,hinwil,Sauber-Ferrari,Ferrari 062 EVO,Ferrari,
2018,mclaren,McLaren-Renault,Renault R.E.18,Renault,
2018,red_bull,Red Bull Racing-TAG Heuer,TAG Heuer F1-2018,Renault,
2018,silverstone,Force India-Mercedes,Mercedes M09 EQ Power+,Mercedes,
2018,williams,Williams-Mercedes,Mercedes M09 EQ Power+,Mercedes,
2019,brackley,Mercedes,Mercedes M10 EQ Power+,Mercedes,
2019,enstone,Renault,Renault E-Tech 19,Renault,
2019,faenza,Scuderia Toro Rosso-Honda,Honda RA619H,Honda,
2019,ferrari,Ferrari,Ferrari 064,Ferrari,
2019,haas,Haas-Ferrari,Ferrari 064,Ferrari,
2019,hinwil,Alfa Romeo Racing-Ferrari,Ferrari 064,Ferrari,
2019,mclaren,McLaren-Renault,Renault E-Tech 19,Renault,
2019,red_bull,Red Bull Racing-Honda,Honda RA619H,Honda,
2019,silverstone,Racing Point-BWT Mercedes,BWT Mercedes,Mercedes,
2019,williams,Williams-Mercedes,Mercedes M10 EQ Power+,Mercedes,
2020,brackley,Mercedes,Mercedes-AMG F1 M11,Mercedes,
2020,enstone,Renault,Renault E-Tech 20,Renault,
2020,faenza,AlphaTauri-Honda,Honda RA620H,Honda,
2020,ferrari,Ferrari,Ferrari 065,Ferrari,
2020,haas,Haas-Ferrari,Ferrari 065,Ferrari,
2020,hinwil,Alfa Romeo Racing-Ferrari,Ferrari 065,Ferrari,
2020,mclaren,McLaren-Renault,Renault E-Tech 20,Renault,
2020,red_bull,Red Bull Racing-Honda,Honda RA620H,Honda,
2020,silverstone,Racing Point-BWT Mercedes,BWT Mercedes,Mercedes,
2020,williams,Williams-Mercedes,Mercedes-AMG F1 M11,Mercedes,
2021,brackley,Mercedes,Mercedes-AMG F1 M12,Mercedes,
2021,enstone,Alpine-Renault,Renault E-Tech 20B,Renault,
2021,faenza,AlphaTauri-Honda,Honda RA621H,Honda,
2021,ferrari,Ferrari,Ferrari 065/6,Ferrari,
2021,haas,Haas-Ferrari,Ferrari 065/6,Ferrari,
2021,hinwil,Alfa Romeo Racing-Ferrari,Ferrari 065/6,Ferrari,
2021,mclaren,McLaren-Mercedes,Mercedes-AMG F1 M12,Mercedes,
2021,red_bull,Red Bull Racing-Honda,Honda RA621H,Honda,
2021,silverstone,Aston Martin-Mercedes,Mercedes-AMG F1 M12,Mercedes,
2021,williams,Williams-Mercedes,Mercedes-AMG F1 M12,Mercedes,
2022,brackley,Mercedes,Mercedes-AMG F1 M13,Mercedes,
2022,enstone,Alpine-Renault,Renault E-Tech RE22,Renault,
2022,faenza,AlphaTauri-RBPT,Red Bull RBPTH001,Honda,
2022,ferrari,Ferrari,Ferrari 066/7,Ferrari,
2022,haas,Haas-Ferrari,Ferrari 066/7,Ferrari,
2022,hinwil,Alfa Romeo-Ferrari,Ferrari 066/7,Ferrari,
2022,mclaren,McLaren-Mercedes,Mercedes-AMG F1 M13,Mercedes,
2022,red_bull,Red Bull Racing-RBPT,Red Bull RBPTH001,Honda,
2022,silverstone,Aston Martin Aramco-Mercedes,Mercedes-AMG F1 M13,Mercedes,
2022,williams,Williams-Mercedes,Mercedes-AMG F1 M13,Mercedes,
2023,brackley,Mercedes,Mercedes-AMG F1 M14,Mercedes,
2023,enstone,Alpine-Renault,Renault E-Tech RE23,Renault,
2023,faenza,AlphaTauri-Honda RBPT,Honda RBPTH001,Honda,
2023,ferrari,Ferrari,Ferrari 066/10,Ferrari,
2023,haas,Haas-Ferrari,Ferrari 066/10,Ferrari,
2023,hinwil,Alfa Romeo-Ferrari,Ferrari 066/10,Ferrari,
2023,mclaren,McLaren-Mercedes,Mercedes-AMG F1 M14,Mercedes,
2023,red_bull,Red Bull Racing-Honda RBPT,Honda RBPTH001,Honda,
2023,silverstone,Aston Martin Aramco-Mercedes,Mercedes-AMG F1 M14,Mercedes,
2023,williams,Williams-Mercedes,Mercedes-AMG F1 M14,Mercedes,
2024,brackley,Mercedes,Mercedes-AMG F1 M15,Mercedes,
2024,enstone,Alpine-Renault,Renault E-Tech RE24,Renault,
2024,faenza,RB-Honda RBPT,Honda RBPTH002,Honda,
2024,ferrari,Ferrari,Ferrari 066/12,Ferrari,
2024,haas,Haas-Ferrari,Ferrari 066/10,Ferrari,
2024,hinwil,Kick Sauber-Ferrari,Ferrari 066/12,Ferrari,
2024,mclaren,McLaren-Mercedes,Mercedes-AMG F1 M15,Mercedes,
2024,red_bull,Red Bull Racing-Honda RBPT,Honda RBPTH002,Honda,
2024,silverstone,Aston Martin Aramco-Mercedes,Mercedes-AMG F1 M15,Mercedes,
2024,williams,Williams-Mercedes,Mercedes-AMG F1 M15,Mercedes,
2025,brackley,Mercedes,Mercedes-AMG F1 M16,Mercedes,
2025,enstone,Alpine-Renault,Renault E-Tech RE25,Renault,
2025,faenza,Racing Bulls-Honda RBPT,Honda RBPTH003,Honda,
2025,ferrari,Ferrari,Ferrari 066/15,Ferrari,
2025,haas,Haas-Ferrari,Ferrari 066/15,Ferrari,
2025,hinwil,Kick Sauber-Ferrari,Ferrari 066/15,Ferrari,
2025,mclaren,McLaren-Mercedes,Mercedes-AMG F1 M16,Mercedes,
2025,red_bull,Red Bull Racing-Honda RBPT,Honda RBPTH003,Honda,
2025,silverstone,Aston Martin Aramco-Mercedes,Mercedes-AMG F1 M16,Mercedes,
2025,williams,Williams-Mercedes,Mercedes-AMG F1 M16,Mercedes,
2026,brackley,Mercedes,Mercedes-AMG F1 M17,Mercedes,
2026,cadillac,Cadillac-Ferrari,Ferrari 067/6,Ferrari,
2026,enstone,Alpine-Mercedes,Mercedes-AMG F1 M17,Mercedes,
2026,faenza,Racing Bulls-Red Bull Ford,Red Bull Ford DM01,Red Bull Ford,
2026,ferrari,Ferrari,Ferrari 067/6,Ferrari,
2026,haas,Haas-Ferrari,Ferrari 067/6,Ferrari,
2026,hinwil,Audi,Audi AFR 26 Hybrid,Audi,
2026,mclaren,McLaren-Mercedes,Mercedes-AMG F1 M17,Mercedes,
2026,red_bull,Red Bull Racing-Red Bull Ford,Red Bull Ford DM01,Red Bull Ford,
2026,silverstone,Aston Martin Aramco-Honda,Honda RA626H,Honda,
2026,williams,Atlassian Williams-Mercedes,Mercedes-AMG F1 M17,Mercedes,
