event_id,team,k,observed,full,lo,hi,no_car,no_car_lo,no_car_hi
2024-13,brackley,1,0.6263942003214331,0.43553707003593445,-0.0763583302558137,0.9571310639559304,0.4003002345561981,-0.13907879926806604,0.9348417263326608
2024-13,enstone,1,-0.6159473460320899,-0.6634602546691895,-1.1862353868811029,-0.13199440824912062,-0.6374338865280151,-1.1557886653725176,-0.10431033429629255
2024-13,faenza,1,-0.2935440228887469,-0.4587457776069641,-0.9955213310959243,0.11167617037162841,-0.43854236602783203,-0.9825287123588508,0.08945149119844277
2024-13,ferrari,1,0.5392792860823663,0.9426413178443909,0.416676261236686,1.4376707423184933,0.8586032390594482,0.3383799298149129,1.391689711205042
2024-13,haas,1,-0.44500692494875027,-0.468335896730423,-1.025863245114071,0.07010674849775343,-0.463454008102417,-0.9975649428814161,0.08275693906903568
2024-13,hinwil,1,-0.8820020417919846,-0.7298027873039246,-1.2546070187367233,-0.20777783808396794,-0.6294881105422974,-1.1722234279215364,-0.0827674344428584
2024-13,mclaren,1,0.952662426778249,0.8575302958488464,0.33292274737760125,1.3839993521311738,0.7328245043754578,0.1976833330012173,1.2586121159432617
2024-13,red_bull,1,0.8008766006732858,0.9202379584312439,0.39268109938580725,1.4426262577711744,0.9560937285423279,0.3763314037505651,1.5062056188282218
2024-13,silverstone,1,-0.16722506882154928,-0.2853087782859802,-0.8014906465831756,0.24658107393933737,-0.20875239372253418,-0.753830390626683,0.3341799283326025
2024-13,williams,1,-0.5154871093722138,-0.5502931475639343,-1.066372690455367,-0.018475062538607718,-0.5701512098312378,-1.1217494779076418,-0.032125944917153655
2024-14,brackley,2,0.6929772794554301,0.3959343433380127,-0.11112131890225471,0.9172900361280867,0.36481064558029175,-0.1652346251283553,0.8836431707926478
2024-14,enstone,2,-0.30857084631079496,-0.7030630111694336,-1.2369068171342148,-0.17195824243594873,-0.6729234457015991,-1.1965849934348718,-0.13683409301433372
2024-14,faenza,2,-0.34127042844679445,-0.49834850430488586,-1.0358638333979562,0.06707608275938849,-0.474031925201416,-1.0318296518983792,0.039910706901048615
2024-14,ferrari,2,0.4111734230941126,0.9030385613441467,0.37753182856208595,1.4125556740692984,0.8231136202812195,0.2987931084116135,1.3348009968567875
2024-14,haas,2,-0.657069981776669,-0.5079386234283447,-1.0493428772163584,0.0168128006835903,-0.498943567276001,-1.0142736577609148,0.02943533172881743
2024-14,hinwil,2,-0.5156540226274569,-0.746756374835968,-1.347149791601059,-0.12647369820732676,-0.6201634407043457,-1.238565780778944,0.0020636709710319364
2024-14,mclaren,2,0.6619034325279054,0.8179275989532471,0.29887901591497185,1.337646950809042,0.697334885597229,0.1789186902289643,1.217736278613711
2024-14,red_bull,2,0.5404283989308191,0.8806352019309998,0.34678921350583547,1.3965331400740397,0.9206041097640991,0.36384205564539945,1.444491077342604
2024-14,silverstone,2,-0.13535983629650555,-0.3249114751815796,-0.8563127079130379,0.20710966958548557,-0.24424198269844055,-0.7671272281771507,0.2766798488600479
2024-14,williams,2,-0.6063844298637745,-0.5898958444595337,-1.1070246533225037,-0.05690225318320692,-0.6056407690048218,-1.1366833664420353,-0.07775562470234683
2024-15,brackley,3,0.6663193025665026,0.43553707003593445,-0.08708838895390092,0.9815859722113662,0.4003002345561981,-0.13373048787004546,0.9226223621373384
2024-15,enstone,3,-0.38365333199926815,-0.6634602546691895,-1.2037384465734158,-0.12619435434537965,-0.6374338865280151,-1.1502785289491935,-0.10282317306482937
2024-15,faenza,3,-0.44705305797197203,-0.4587457776069641,-1.0041594564160403,0.1073285444751147,-0.43854236602783203,-0.9799928834145656,0.06772293121371761
2024-15,ferrari,3,0.7989630568528302,0.9426413178443909,0.39721239316502566,1.4577414837943203,0.8586032390594482,0.33373219206856836,1.3790800468555569
2024-15,haas,3,-0.36136894152603544,-0.468335896730423,-1.0379422568555792,0.07858186448528798,-0.463454008102417,-1.0150764590886308,0.07210440808390606
2024-15,hinwil,3,-1.3819862738483937,-0.7298027873039246,-1.254979809559448,-0.20405390018678835,-0.6294881105422974,-1.1753689059130623,-0.09332925037846415
2024-15,mclaren,3,1.1435739288551634,0.8575302958488464,0.31037967202840205,1.4167590828655132,0.7328245043754578,0.20107545487104486,1.2572582072284584
2024-15,red_bull,3,0.7443078812070978,0.9202379584312439,0.36610883097421887,1.4463318307164974,0.9560937285423279,0.4056998977375237,1.4852637317245803
2024-15,silverstone,3,-0.23260550395005536,-0.2853087782859802,-0.8252160896178591,0.25280721676488715,-0.20875239372253418,-0.7470340289447118,0.3297702713171066
2024-15,williams,3,-0.5464970601858692,-0.5502931475639343,-1.0828250976257179,0.003463742572779065,-0.5701512098312378,-1.1200880008675647,-0.032743320181450375
2024-16,brackley,4,0.7950578843899843,0.4026874899864197,-0.16245199924386533,0.9576148540891019,0.35542847216129303,-0.17202299148723219,0.8889391715946792
2024-16,enstone,4,-0.9188548184807783,-0.6963098049163818,-1.2549696283353828,-0.14258509040262268,-0.6823056191205978,-1.2444572596076087,-0.1409866970327133
2024-16,faenza,4,-0.2683348321401508,-0.46063631772994995,-1.1045167435577103,0.17078833835029375,-0.5344562381505966,-1.1474907738841393,0.11395938629300086
2024-16,ferrari,4,0.9808003519155035,0.9097917079925537,0.364057783145341,1.4741837384771566,0.8137314468622208,0.26058540639045086,1.3334793287100395
2024-16,haas,4,-0.26044789771514265,-0.501185417175293,-1.0479286402176073,0.013658625427796656,-0.5083257742226124,-1.0380353538830938,0.027312456380573544
2024-16,hinwil,4,-1.1214053626357763,-0.7626523375511169,-1.3035130534341048,-0.2138201854471762,-0.6743598431348801,-1.2024926294304026,-0.11926890982634224
2024-16,mclaren,4,1.174121548978139,0.8246806859970093,0.261760027633648,1.3609450126136726,0.6879527419805527,0.15194814834150955,1.20462658884648
2024-16,red_bull,4,0.38054965549350006,0.8873883485794067,0.3351777496688861,1.4556857538805494,0.9112219363451004,0.3475327777421601,1.4274600539643392
2024-16,silverstone,4,-0.3098524845383678,-0.3181583285331726,-0.8543587656267067,0.2366925850678159,-0.25362415984272957,-0.7740453508369262,0.2664117507326928
2024-16,williams,4,-0.5858014613369864,-0.515924334526062,-1.1683054472572445,0.17200899140150055,-0.3824910819530487,-1.1113824790240117,0.354496597520438
2024-17,brackley,5,0.26273080970035434,0.4064657688140869,-0.1742702390792239,0.947968008779987,0.3160602662124132,-0.19760676720087525,0.8401324812461769
2024-17,enstone,5,-0.7140188080137315,-0.6925315856933594,-1.2836959760097324,-0.11255765315098666,-0.7216738250694776,-1.2587407753995228,-0.17115645010915634
2024-17,faenza,5,-0.8049035601260561,-0.4568580389022827,-1.320938110885525,0.3527726706919018,-0.5738244440994764,-1.4274901536452351,0.23650342275864245
2024-17,ferrari,5,0.8555048363501536,0.913569986820221,0.3558688299339903,1.4947062216687652,0.774363240913341,0.2205457972138269,1.3005711285490484
2024-17,haas,5,-0.08608399300424406,-0.533300518989563,-1.1298057169727014,0.07321765044911306,-0.1736960236571337,-0.7551326475497959,0.38746418476356725
2024-17,hinwil,5,-1.0683577018503199,-0.7588740587234497,-1.3350820145743125,-0.2034616629000529,-0.7137280490837599,-1.2214967137529578,-0.1707832082262213
2024-17,mclaren,5,0.7514387610553137,0.8284590244293213,0.2619689511607146,1.3913587992840168,0.6485845360316729,0.1087964489281821,1.1746238045685287
2024-17,red_bull,5,0.788312513674347,0.891166627407074,0.313627903155249,1.4724985610952677,0.8718537303962206,0.2962500639516263,1.397435759032579
2024-17,silverstone,5,-0.3280984841278915,-0.31438004970550537,-0.8516905719137111,0.2533623200345036,-0.2929923657916094,-0.815423082482417,0.22969749391633795
2024-17,williams,5,-0.05897615372095391,-0.5121461153030396,-1.2164656406660035,0.19274785047788853,-0.4218592879019285,-1.1850063847071426,0.33037909200736865
2024-18,brackley,6,0.48380201137706613,0.40507784485816956,-0.15824393179075,0.9856188286125088,0.35269720773947866,-0.18487106217732,0.9054823324065614
2024-18,enstone,6,-0.5329308531461965,-0.6939195394515991,-1.2279851697859756,-0.14138085510275394,-0.6850368835424122,-1.2278905039185692,-0.14824455109778908
2024-18,faenza,6,-0.41115817295015766,-0.489205002784729,-1.0520351367664365,0.09104763341878874,-0.4861453704928097,-1.030301150211002,0.06913814125912525
2024-18,ferrari,6,0.41272605228563514,0.9121820330619812,0.32466055145924266,1.4563641423772404,0.8110001824404064,0.24915038259938835,1.3644973392021829
2024-18,haas,6,-0.23581048217618755,-0.49879512190818787,-1.0816518495470278,0.042815408961130876,-0.5110570386444268,-1.019038191963076,0.01596198354073775
2024-18,hinwil,6,-0.7936485187469204,-0.7602619528770447,-1.314222129115008,-0.18919655897949697,-0.6770911075566944,-1.2122269712153093,-0.14681231725606805
2024-18,mclaren,6,0.9484454164579922,0.8270710706710815,0.23622101961579003,1.4105998940543394,0.6852214775587383,0.13103477316627524,1.220872372715591
2024-18,red_bull,6,0.4044893156250614,0.8897786736488342,0.3127608661008854,1.4688612172836701,0.9084906719232859,0.378831409915686,1.4549160092187254
2024-18,silverstone,6,-0.29661669704628646,-0.3157680034637451,-0.8727783038966831,0.2588302972505131,-0.25635542426454394,-0.7914318467860842,0.2805468631874648
2024-18,williams,6,0.04140385663998791,-0.5523198246955872,-1.611508596902673,0.44431403010013887,-0.2834474303220448,-1.52430935778326,0.9904125577640606
2024-19,brackley,7,0.418938809557695,0.4471476972103119,-0.2338349146064427,1.1463193714743496,0.39154492789193207,-0.26938481602804937,1.0459874549993216
2024-19,enstone,7,-0.528226908399885,-0.6323381662368774,-1.1855203600346984,-0.0548942642878,-0.6465268833072562,-1.1969597554287421,-0.12501080712027401
2024-19,faenza,7,-0.3003063078178548,-0.5629781484603882,-1.152042329355785,0.011327566992418887,-0.3938019973667044,-1.1296442968876719,0.2971149756456141
2024-19,ferrari,7,1.141910658821764,0.9737634062767029,0.391268652816208,1.5596037364365036,0.8495101826755624,0.31954973923096547,1.3965692354720272
2024-19,haas,7,-0.004257544813510261,-0.4372137486934662,-1.0426751864306683,0.14423616489618601,-0.4725470384092707,-1.013175786457962,0.05193759630154274
2024-19,hinwil,7,-0.9746228352590478,-0.6986806392669678,-1.2461774988025534,-0.1273119449021784,-0.6385811073215384,-1.1707709037711644,-0.09292744860365094
2024-19,mclaren,7,0.8549711643325626,0.8886524438858032,0.2900257316781388,1.432784634242524,0.7237314777938944,0.16200652874649113,1.248529699336506
2024-19,red_bull,7,0.596806021801505,0.9513600468635559,0.38839527257243067,1.518100460563722,0.9470006721584421,0.4137082744600952,1.4977274529272302
2024-19,silverstone,7,-0.6744548399909625,-0.25418663024902344,-0.8216078559902006,0.32570780700962215,-0.2178454240293879,-0.740338449876016,0.2987005427373154
2024-19,williams,7,-0.3212888134534185,-0.45195263624191284,-1.1413996208096722,0.24600962546923424,-0.34671234613970703,-1.079230372088554,0.38940037136162
2024-20,brackley,8,0.4683298903120364,0.37655675411224365,-0.20052905055324793,0.9457426551717255,0.31148715843172636,-0.2325729607894431,0.8412918619530654
2024-20,enstone,8,-0.5585142744928109,-0.7224406003952026,-1.298213304151383,-0.14723990233241874,-0.7262469328501645,-1.2385081087016643,-0.18224754222834635
2024-20,faenza,8,-0.3215329048745317,-0.7574760317802429,-1.5294434676376067,-0.028180975354747333,-0.4707308060982648,-1.661345815158783,0.7037457111649821
2024-20,ferrari,8,1.099225312207062,0.8836609721183777,0.29904535400673715,1.4757649871552603,0.7697901331326541,0.221985811331129,1.3071244538372038
2024-20,haas,8,-0.07095095940985491,-0.5273162126541138,-1.1234291592784635,0.06152515154242375,-0.552267087952179,-1.0783147646401632,-0.017961754432588167
2024-20,hinwil,8,-0.8500867673121183,-0.788783073425293,-1.3648827195740807,-0.20705310862254672,-0.7183011568644467,-1.264225939493817,-0.17432545381829168
2024-20,mclaren,8,0.717692979164077,0.798550009727478,0.1981846221357643,1.3859506275416897,0.644011428250986,0.11488649102961876,1.1613162097550833
2024-20,red_bull,8,-0.0652206483308631,0.8612576127052307,0.27106379488976234,1.467798664830216,0.8672806226155338,0.31714823846690465,1.3906846935960495
2024-20,silverstone,8,-0.7575152258118107,-0.4246540367603302,-1.1176099371010229,0.2601162970536861,-0.39612004380015764,-1.037723893222516,0.2656530715845844
2024-20,williams,8,-0.4019029335887148,-0.5808409452438354,-1.6221685203274363,0.4985223823793017,-0.3246574796297971,-1.568369294106875,0.9635827356667397
2024-22,brackley,9,0.907111414285933,0.40954917669296265,-0.1591708673835662,1.0176921899115396,0.33739662719400304,-0.1904857228404492,0.8833976874184157
2024-22,enstone,9,-0.34748099848841196,-0.722865879535675,-1.392067678497051,-0.03163659300490362,-0.7153328006204807,-1.3439069021735799,-0.06903880392992669
2024-22,faenza,9,-0.5081987609458516,-0.6200881600379944,-1.237373894088958,-0.029665852320633835,-0.44761257814733607,-1.165648349673446,0.23528712851497682
2024-22,ferrari,9,0.681737590977304,0.9166533946990967,0.3049227480816512,1.5153206922909586,0.7956996018949307,0.2525189831072606,1.3526746932709983
2024-22,haas,9,-0.4663796289974166,-0.49432381987571716,-1.1270037416426686,0.14126608000955168,-0.5263576191899024,-1.0780926059800766,0.02337365229393122
2024-22,hinwil,9,-0.5964619117342778,-0.755790650844574,-1.3583689633272713,-0.1481993361436173,-0.6923916881021701,-1.2388905528035954,-0.136044931532517
2024-22,mclaren,9,0.17375191895900494,0.8315423727035522,0.23178093567571695,1.4187126494869189,0.6699208970132626,0.13573126637551697,1.1867753692141365
2024-22,red_bull,9,0.23555793306059591,0.8942500352859497,0.3052174064190193,1.4760893213150836,0.8931900913778104,0.3527463914743556,1.437374096337162
2024-22,silverstone,9,-0.2209919990061291,-0.311296671628952,-0.9025557813663727,0.30653192339470675,-0.27165600481001956,-0.8158228115138092,0.26820489808711945
2024-22,williams,9,-0.03238605735495664,-0.509062647819519,-1.2303389601080357,0.22192674970014442,-0.40052292692033875,-1.1446580526071404,0.3433755216012946
2024-23,brackley,10,0.4485937462186059,0.35035237669944763,-0.24255910129810707,0.9605871595192403,0.29628199338912964,-0.2290365224459951,0.8148253164640374
2024-23,enstone,10,-0.07910671741428554,-0.7152272462844849,-1.4181268538514495,-0.007016215676131984,-0.7264567613601685,-1.3298840652188613,-0.08191763510605683
2024-23,faenza,10,-1.1695644525021887,-0.6792849898338318,-1.3164857777385501,-0.07915437101559648,-0.4887272119522095,-1.1921204186700631,0.19568196412809033
2024-23,ferrari,10,0.7109096094847567,0.857456624507904,0.22856137103687543,1.4518064628588723,0.7545849680900574,0.22070461267828287,1.2569831598148504
2024-23,haas,10,-0.48954079169315623,-0.5535205602645874,-1.1679895905580808,0.05978336889340231,-0.5674722194671631,-1.0982618598098526,-0.040354812985100304
2024-23,hinwil,10,-0.7639465378620857,-0.8149874806404114,-1.4097397050702085,-0.2114279079802985,-0.7335063219070435,-1.2560330092381828,-0.1854671156593731
2024-23,mclaren,10,1.257572518990367,0.7723456025123596,0.16931925987114538,1.3611895854110188,0.6288062334060669,0.08127530642430678,1.1380317234282689
2024-23,red_bull,10,0.7262707701185329,0.8350532650947571,0.25340200797265755,1.4265360333235206,0.852075457572937,0.2875923992225593,1.3767375232942587
2024-23,silverstone,10,-0.40368108273808245,-0.29012852907180786,-0.9731448427930313,0.4358967255572525,-0.21421606838703156,-0.8608972799351697,0.44298769236170904
2024-23,williams,10,-0.957801925357298,-0.5294736623764038,-1.2258042748871287,0.16778524244813284,-0.543412446975708,-1.180543304008744,0.09350721224972257
2024-24,brackley,11,0.4005197693618781,0.48468369245529175,-0.12279101093887539,1.083362864250235,0.3871247070400339,-0.14852342870360927,0.9307505991442298
2024-24,enstone,11,-0.48163140631106094,-0.6609023809432983,-1.3630123289147151,0.0692702383032948,-0.4423169893653769,-1.182194417165167,0.2947477701692672
2024-24,faenza,11,-0.5900575458141595,-0.5449536442756653,-1.1509701826100773,0.07603389213173592,-0.39788449830130523,-1.1138209651055329,0.3036967421075447
2024-24,ferrari,11,0.6577424065786659,0.9917879104614258,0.3503006958150774,1.5907652110422332,0.8454276817409616,0.29942195424277834,1.3662897204241282
2024-24,haas,11,-0.20459213812028718,-0.4191892743110657,-1.0286839854066978,0.17328698763553482,-0.47662953934387153,-1.036159159451063,0.07731834824512296
2024-24,hinwil,11,-0.23093746391500194,-0.6806561350822449,-1.279478863652894,-0.07724988134911931,-0.6426636082561392,-1.1820234305559556,-0.09956448881202802
2024-24,mclaren,11,0.7404528797066431,0.9066769480705261,0.2890253118803475,1.5583629200849483,0.7196489768592935,0.169480002234789,1.269722414260039
2024-24,red_bull,11,0.3999587845349163,1.185286283493042,0.4873656359924037,1.9003189090008097,1.1600320833294016,0.515190680654814,1.819057370612197
2024-24,silverstone,11,-0.22722570239780343,-0.23616212606430054,-0.8240180310152052,0.3887036934501001,-0.22192792496398872,-0.7697379390564905,0.31745941230508723
2024-24,williams,11,-0.26425019135633254,-0.43392813205718994,-1.1569977902344843,0.3159730553988826,-0.35079484707430786,-1.0864015767135642,0.4146863332370081
2025-11,brackley,1,-0.16557666201258703,0.4360136389732361,-0.17832703638881503,1.037287974624102,0.45339423418045044,-0.18964628043965776,1.0982660108929456
2025-11,enstone,1,-0.5464544751361329,-0.44704967737197876,-0.9454798467314134,0.03440937725184669,-0.42143312096595764,-0.9392245166462222,0.0970398996189023
2025-11,faenza,1,-0.3472602331684802,-0.28361058235168457,-0.7914644527984707,0.22238557653240215,-0.2165665477514267,-0.7414819982726937,0.2859343019684215
2025-11,ferrari,1,0.7389254497450679,0.7216848134994507,0.23213575492621397,1.21535077657736,0.7112054228782654,0.1997959913531507,1.209529467220803
2025-11,haas,1,-0.4023507866733813,-0.21697571873664856,-0.7106643382796769,0.26955670173335156,-0.17554610967636108,-0.6916979691394377,0.34033441911973417
2025-11,hinwil,1,-0.21023747624021746,-0.5702435970306396,-1.0696799523343372,-0.060561663137522426,-0.5489481687545776,-1.0473900617361833,-0.03143641028000117
2025-11,mclaren,1,1.3053532172013886,1.0740888118743896,0.5798409134226656,1.5688425590940318,0.9809554815292358,0.45037023440299695,1.4919477962115717
2025-11,red_bull,1,-0.4436297002575731,-0.1146659255027771,-0.6997147543127027,0.48471048887821533,-0.2963695526123047,-0.9089081258670931,0.3248056844194476
2025-11,silverstone,1,-0.23337251459316488,-0.4385680556297302,-0.9362189072122523,0.05035260793319056,-0.4081793427467346,-0.9137133530895335,0.12041870075415806
2025-14,brackley,2,0.31413015192700927,0.27635419368743896,-0.2610338687309957,0.792138113827702,0.27364203333854675,-0.24413064639581283,0.7959430742451573
2025-14,enstone,2,-0.40115433130204337,-0.4685630202293396,-0.9914075033998261,0.04294221896989733,-0.45872631669044495,-0.9923119956811317,0.07056828956460376
2025-14,faenza,2,0.015971987588588532,-0.305123895406723,-0.8152867263713822,0.19272888893924348,-0.2538597583770752,-0.7730167642522138,0.27067797981106934
2025-14,ferrari,2,0.274302770510017,0.7001714706420898,0.1768254946568966,1.233437001523987,0.6739122271537781,0.1267585604410463,1.2131333640948418
2025-14,haas,2,-0.5927295147884146,-0.2384890615940094,-0.7650178860728881,0.28661813495758154,-0.2128393054008484,-0.7458447186095097,0.35221455283137015
2025-14,hinwil,2,0.01219225893817727,-0.5917569398880005,-1.1194021181836311,-0.07191022396663439,-0.5862413644790649,-1.1140898801118422,-0.05752992949379538
2025-14,mclaren,2,1.1239576137624896,1.0525755882263184,0.5471184813441009,1.5543205044274733,0.9436622858047485,0.41392081962512384,1.4591140571345549
2025-14,red_bull,2,-0.2089021533549028,0.34623584151268005,-0.15829237411531286,0.8462029898795628,0.29550954699516296,-0.23158884090924559,0.8209904919815338
2025-14,silverstone,2,-0.12306328905218658,-0.46008139848709106,-0.9757029825160931,0.05488957830778931,-0.4454725384712219,-0.9757915206617649,0.07144824224879108
2025-14,williams,2,-0.4147054942287356,-0.31132274866104126,-0.8220878485681259,0.20893367644118557,-0.22958707809448242,-0.7465662140500673,0.302408325387523
2025-15,brackley,3,0.3296789071164298,0.27635419368743896,-0.2667424727540654,0.7939404813881265,0.27364203333854675,-0.23924166879025266,0.7963105531710989
2025-15,enstone,3,-0.6743788450787478,-0.4685630202293396,-1.0097823130671215,0.05315535041826864,-0.45872631669044495,-0.9943671131880084,0.08525095439912313
2025-15,faenza,3,0.377044844497025,-0.305123895406723,-0.8351600891166877,0.2070627814528909,-0.2538597583770752,-0.7584909256563069,0.2648485931014723
2025-15,ferrari,3,0.7308527810217402,0.7001714706420898,0.14828958917281287,1.256733279458449,0.6739122271537781,0.12115146571505915,1.2161238715827585
2025-15,haas,3,-0.7721395982339923,-0.2384890615940094,-0.78033497138951,0.3092701707637597,-0.2128393054008484,-0.7697588338240179,0.35818034466766385
2025-15,hinwil,3,-1.0136749580494826,-0.5917569398880005,-1.1443975098341939,-0.05880875535716945,-0.5862413644790649,-1.1111914676854886,-0.06919972110047494
2025-15,mclaren,3,1.555086303731273,1.0525755882263184,0.5293079493577211,1.585507642263426,0.9436622858047485,0.3897766084711943,1.4754309892364015
2025-15,red_bull,3,-0.0763409995225266,0.34623584151268005,-0.16880858361491607,0.8538317618180211,0.29550954699516296,-0.2223770652737416,0.8208945325704715
2025-15,silverstone,3,-0.4076880787381926,-0.46008139848709106,-0.9997064263591917,0.06867058385018586,-0.4454725384712219,-0.9852211457371114,0.07814331899348669
2025-15,williams,3,-0.0484403567435262,-0.31132274866104126,-0.8178888711437172,0.21884202540881284,-0.22958707809448242,-0.7382642525055978,0.28199806714724174
2025-16,brackley,4,0.1581556147670958,0.24773065745830536,-0.29128097713165113,0.74890579278579,0.24542784690856934,-0.2624772227091507,0.749727411306716
2025-16,enstone,4,-0.664213794359612,-0.4971865117549896,-1.032759300967188,0.023719592929539415,-0.4869404733181,-1.0036806215620775,0.03570148926656576
2025-16,faenza,4,-0.2551561501247639,-0.33374738693237305,-0.8539090760435266,0.18936638949791185,-0.2820739150047302,-0.798058696357073,0.22816824592390053
2025-16,ferrari,4,0.31305644132263544,0.6715480089187622,0.1456265921315796,1.191837403619811,0.645698070526123,0.12979735671267825,1.151988734957696
2025-16,haas,4,-0.1746571592353081,-0.2671125531196594,-0.8009904938290515,0.256911894111927,-0.24105346202850342,-0.7644365344718789,0.28602607243683303
2025-16,hinwil,4,-0.2671375553078313,-0.6682906150817871,-1.3036267547156009,-0.06101439170829403,-0.6646272540092468,-1.2686163860172541,-0.04866277760436326
2025-16,mclaren,4,0.7179626397378644,1.0239520072937012,0.5155400937569985,1.5367034176811678,0.9154481291770935,0.4202708133228331,1.4324037468072282
2025-16,red_bull,4,0.2562926478019668,0.31761234998703003,-0.1776406701340256,0.8462549292866814,0.26729539036750793,-0.2280888039253711,0.757705028998168
2025-16,silverstone,4,-0.150962222861949,-0.4887049198150635,-1.0059420027756518,0.03439356612480831,-0.47368669509887695,-0.9878648638695975,0.031222995491075038
2025-16,williams,4,-0.06690923939401393,-0.33994626998901367,-0.8829492159413175,0.1891855843254702,-0.25780123472213745,-0.7647330315820369,0.2478017644742862
2025-17,brackley,5,0.6082878832164407,0.3302761912345886,-0.22507713050573927,0.8478241982073598,0.3255375027656555,-0.1761729318758535,0.8389451031677408
2025-17,enstone,5,-0.9638088725643165,-0.41464096307754517,-0.9748209214145744,0.12358221865500554,-0.4068308472633362,-0.9153088253882203,0.12334682263256296
2025-17,faenza,5,0.23411564971475912,-0.251201868057251,-0.7944955052174708,0.27040200277638166,-0.20196425914764404,-0.7081601147808944,0.30952321840646274
2025-17,ferrari,5,0.4981984847786469,0.7540935277938843,0.21561316818743975,1.2979427139606834,0.7258076667785645,0.19849040629672188,1.2499579080682153
2025-17,haas,5,-0.24771597989438995,-0.18456700444221497,-0.7276941021528247,0.3422576053681908,-0.16094380617141724,-0.6949058523135982,0.36026600621629756
2025-17,hinwil,5,-0.22821843329980274,-0.537834882736206,-1.0854762426432585,-0.00473004946801008,-0.5343458652496338,-1.0457581854096663,-0.024503038432584757
2025-17,mclaren,5,0.3573004077314335,1.1345542669296265,0.5371041361864355,1.735204177318115,0.9532061815261841,0.36863128612489027,1.543634917309107
2025-17,red_bull,5,0.5156367524228476,0.4001578986644745,-0.12606251693491607,0.9444078922671271,0.34740501642227173,-0.1664238080136769,0.8553239820328106
2025-17,silverstone,5,-0.6669699165130168,-0.40615934133529663,-0.9387784702732664,0.13631013278801432,-0.39357703924179077,-0.8990068523909768,0.10636737130034173
2025-17,williams,5,0.07182422827311488,-0.2574007511138916,-0.8183807247706306,0.2707920043741061,-0.17769157886505127,-0.6863743739980372,0.34186222497293023
2025-19,brackley,6,0.28647530397114923,0.2622831463813782,-0.3059084729838808,0.8102460117722994,0.2608366906642914,-0.24628389466664097,0.7795115602731708
2025-19,enstone,6,-0.6798784891795302,-0.4826340079307556,-1.0498272862565412,0.0610933634153797,-0.47153162956237793,-0.9918058946084002,0.06251180327448419
2025-19,faenza,6,-0.4016278082169996,-0.3191949129104614,-0.8817256115528961,0.2106126889072431,-0.2666650414466858,-0.7762186302812438,0.2523135986184898
2025-19,ferrari,6,0.6712714774228207,0.6861004829406738,0.12408203613675263,1.2475964278151714,0.6611068844795227,0.1374972433015875,1.180942956439252
2025-19,haas,6,-0.18087731248746025,-0.2525600492954254,-0.7920954983644724,0.29052622772560843,-0.22564461827278137,-0.7460594069624701,0.2994115678901727
2025-19,hinwil,6,-0.37151946990533247,-0.6058279275894165,-1.1739247253258982,-0.06370422085821438,-0.5990466475486755,-1.1154031571822274,-0.0803799680930267
2025-19,mclaren,6,0.6841367881430258,1.0385046005249023,0.4901517907144008,1.5858568692822437,0.9308569431304932,0.40767810259141174,1.4450494609982905
2025-19,red_bull,6,0.39615068896146777,0.33216485381126404,-0.20499908929446709,0.8782615000338495,0.28270423412323,-0.23201044706910354,0.8086261462680339
2025-19,silverstone,6,-0.3245684238663246,-0.4741523861885071,-1.0146143888684824,0.07743254063268949,-0.4582778513431549,-0.9773945617291845,0.04662284784787986
2025-19,williams,6,-0.1591255096856325,-0.3693673014640808,-1.019740191160916,0.2691785057977054,-0.22867828607559204,-0.8503075467421143,0.38660415246309154
2025-20,brackley,7,0.4476407012194029,0.256256639957428,-0.30266152463083446,0.7920350223007219,0.25663062930107117,-0.24181621140470516,0.7621136524449441
2025-20,enstone,7,-0.957954078803497,-0.4886605143547058,-1.0594834288722597,0.06629188015368262,-0.47573772072792053,-1.0012616182748968,0.053456804228714135
2025-20,faenza,7,-0.20944842140515368,-0.2484922707080841,-0.8859813073132233,0.40439734149184925,-0.2015140950679779,-0.8135799860076008,0.4162456198043618
2025-20,ferrari,7,0.4284895269333291,0.6800739765167236,0.1191733871484499,1.2355576225325353,0.6569008231163025,0.12253174625289337,1.1655376610579837
2025-20,haas,7,0.015156006656540405,-0.2585865557193756,-0.8218732055893407,0.3010665566149183,-0.22985070943832397,-0.7452659053563214,0.31066056713603996
2025-20,hinwil,7,-0.5287653442884086,-0.6118544340133667,-1.1850005831600867,-0.03907681498515681,-0.6032527685165405,-1.1381030460632953,-0.07125561829163672
2025-20,mclaren,7,0.7659576739167436,1.0324780941009521,0.4876237287263356,1.5785577432004636,0.926650881767273,0.4334641975893464,1.436451070759972
2025-20,red_bull,7,0.20075239548292637,0.32613834738731384,-0.19461652226735449,0.8897613321846966,0.2784981429576874,-0.22765545874368118,0.7749191453743522
2025-20,silverstone,7,-0.3239645438902834,-0.4801788926124573,-1.0433252402997188,0.08067253438392188,-0.4624839425086975,-0.9736068433066333,0.04474452324476863
2025-20,williams,7,0.05741187347582255,-0.33142030239105225,-0.9095240974418168,0.23392389495918414,-0.24659846723079681,-0.7699441366948475,0.2839496584716981
2025-21,brackley,8,0.3946785388237144,0.2892680764198303,-0.27439338537852476,0.8590985537459556,0.28583475947380066,-0.22447704841675906,0.808905655079126
2025-21,enstone,8,-0.12614204424963682,-0.45564910769462585,-1.0349017802455522,0.12138403488329252,-0.44653359055519104,-0.975825776468644,0.06590801310996454
2025-21,faenza,8,-0.142159822596928,-0.2922099828720093,-0.8612341467147002,0.2554334388457053,-0.2416670024394989,-0.7710561655762974,0.2673588034748119
2025-21,ferrari,8,-0.9915250366840757,0.5411393642425537,-0.12804707255229425,1.232729250485131,0.5041353106498718,-0.12533559394210345,1.149751336160762
2025-21,haas,8,-0.08167360393948336,-0.22557514905929565,-0.8044294387277464,0.3330188164971035,-0.2006465494632721,-0.718828110223006,0.3202132107514172
2025-21,hinwil,8,-0.05615341931344875,-0.5309328436851501,-1.2041905397251467,0.13788062324810352,-0.5238768458366394,-1.1836925186125622,0.11373667697445988
2025-21,mclaren,8,0.5786721167739161,1.0654895305633545,0.5120794218659508,1.6274111115610208,0.9558550119400024,0.43428570374142045,1.4764846349272105
2025-21,red_bull,8,0.0678687633502767,0.3591497540473938,-0.18098022440193284,0.9262884079537622,0.30770230293273926,-0.17719946219900892,0.815794093887743
2025-21,silverstone,8,-0.03229236865129795,-0.4471675157546997,-0.9914766981811489,0.11842074809466356,-0.43327978253364563,-0.9458567905223898,0.07083920948124671
2025-21,williams,8,-0.1351123515117983,-0.2984088659286499,-0.8864806180883849,0.26517191253211914,-0.21739432215690613,-0.7264161109458441,0.30100828620179687
2025-22,brackley,9,0.43913701750203843,0.20901669561862946,-0.3740266577182239,0.7733154357190282,0.20421677827835083,-0.302567822342086,0.7116586301576975
2025-22,enstone,9,-0.778753457380067,-0.5359004735946655,-1.1253365334338739,0.052550212384571623,-0.5281515717506409,-1.0440481345681882,-0.005282414516512384
2025-22,faenza,9,-0.20520419578796106,-0.37246137857437134,-0.9508588985043107,0.20527165555850355,-0.32328498363494873,-0.8448741988267598,0.1988163717861959
2025-22,ferrari,9,0.1667419345532507,0.6328340172767639,0.057266100175664476,1.204134691601013,0.6044869422912598,0.09507869408799802,1.115434925281869
2025-22,haas,9,-0.38541738241227214,-0.3058265149593353,-0.8821239700955233,0.28079051787386666,-0.2822645306587219,-0.8048911944908737,0.24958784460543745
2025-22,hinwil,9,-0.050326921037336006,-0.6111842393875122,-1.2806091809149456,0.03833165231004048,-0.6054948568344116,-1.2435770921203964,0.0003501285412153565
2025-22,mclaren,9,0.5244241099857403,0.9852380752563477,0.42872300982738787,1.5462848608763455,0.8742370009422302,0.37096038293225525,1.3809962654248935
2025-22,red_bull,9,0.32260366283576786,0.2788983881473541,-0.2735679990097188,0.8694498932012246,0.22608429193496704,-0.2683574102483065,0.7198763433918692
2025-22,silverstone,9,-0.5420788759523457,-0.41509243845939636,-1.1309762919712694,0.2895779515549877,-0.3471289575099945,-1.0051428497630546,0.271457796245103
2025-22,williams,9,0.21267120919834367,-0.37866026163101196,-0.9662652632657552,0.19513518974053315,-0.29901230335235596,-0.8105557372242262,0.23099673986884825
2025-23,brackley,10,0.389186561139979,0.24773065745830536,-0.33852022813352234,0.8140444861818162,0.24542784690856934,-0.2543186026226614,0.7491271894762148
2025-23,enstone,10,-0.7242900514755923,-0.4971865117549896,-1.1081989362013946,0.08949002800575027,-0.4869404733181,-1.000747866889341,0.03328052256652706
2025-23,faenza,10,-0.13433623806300243,-0.33374738693237305,-0.9202394609313858,0.25315568825807805,-0.2820739150047302,-0.8038711948149373,0.22259641209077247
2025-23,ferrari,10,-0.2574472959587707,0.6715480089187622,0.08856323952186587,1.2367159738303721,0.645698070526123,0.13432117887891087,1.1588516128537019
2025-23,haas,10,-0.3752723129571616,-0.2671125531196594,-0.8579350701201174,0.30876289530682915,-0.24105346202850342,-0.7501885954223046,0.29403511029526735
2025-23,hinwil,10,-0.5714403852635914,-0.6682906150817871,-1.3522532361490716,0.002734713313374054,-0.6646272540092468,-1.2868939953358762,-0.054577302715431035
2025-23,mclaren,10,1.2346603092045936,1.0239520072937012,0.4372592747665915,1.6052267305025594,0.9154481291770935,0.4141678981922204,1.4370488129048846
2025-23,red_bull,10,0.39966071049961893,0.31761234998703003,-0.23078005767571658,0.9098390205880956,0.26729539036750793,-0.23009329926832442,0.7595472494994586
2025-23,silverstone,10,-0.2756694619916236,-0.4887049198150635,-1.062768442257078,0.10517816149840475,-0.47368669509887695,-0.9837844244681074,0.03401415739726101
2025-23,williams,10,0.02922797223375495,-0.33994626998901367,-0.9336266941587694,0.2269129106998,-0.25780123472213745,-0.7600456638887716,0.25119073558950533
2025-24,brackley,11,-0.01906245512367699,0.27635419368743896,-0.32695880668987204,0.8691033877283916,0.27364203333854675,-0.2500807158968131,0.7869123025622411
2025-24,enstone,11,-0.5600173045764176,-0.4685630202293396,-1.0923331530567058,0.13379519216453442,-0.45872631669044495,-0.9781001297954144,0.06787758077140416
2025-24,faenza,11,-0.514387881843213,-0.305123895406723,-0.9079714455177937,0.27461640222735734,-0.2538597583770752,-0.771767274854751,0.2711345865904759
2025-24,ferrari,11,0.49928343019441224,0.7001714706420898,0.10541484627877723,1.305717343367453,0.6739122271537781,0.14598918758014426,1.2018412538754057
2025-24,haas,11,-0.14252599050609344,-0.2384890615940094,-0.8502827575470419,0.3551970379687293,-0.2128393054008484,-0.7334866200353097,0.3183122636916884
2025-24,hinwil,11,0.10127273489171357,-0.5917569398880005,-1.1986352915380112,-0.004342027610340489,-0.5862413644790649,-1.1108474912336168,-0.07054235281695707
2025-24,mclaren,11,0.7148153544731923,1.0525755882263184,0.4610220004912716,1.649973978497988,0.9436622858047485,0.42151159232699353,1.4626355086216332
2025-24,red_bull,11,0.2532858390801646,0.34623584151268005,-0.24129297184922893,0.9429103942236187,0.29550954699516296,-0.2252059353552793,0.8177547755681087
2025-24,silverstone,11,-0.09043028568711614,-0.46008139848709106,-1.0558504054095887,0.15487859867052853,-0.4454725384712219,-0.970814255054794,0.07955141898896607
2025-24,williams,11,-0.24223344090296417,-0.31132274866104126,-0.9161151790399816,0.28961605071376284,-0.22958707809448242,-0.7430953713144696,0.28093399963669885
2026-08,brackley,1,1.6781709052699572,1.6635348796844482,1.1569523878676415,2.1652917228256108,1.5208168029785156,0.9842788887088113,2.0419747721806014
2026-08,enstone,1,-0.5219991990035537,-0.18477489054203033,-0.7219706419485247,0.331194688159291,-0.19711807370185852,-0.7368304390625762,0.3675223285097465
2026-08,faenza,1,0.0912471362097663,-0.3801010549068451,-0.896080193438311,0.13513767611804386,-0.3739479184150696,-0.9166482252171241,0.16073260921725824
2026-08,ferrari,1,1.2835641755566567,1.3728806972503662,0.8537800067708914,1.8547624423844726,1.2605626583099365,0.7329159436380526,1.8084893757991978
2026-08,haas,1,-1.078114038480638,-0.45224499702453613,-0.9497663584395494,0.08449195255955308,-0.36382412910461426,-0.9066444304509884,0.1805859012599326
2026-08,hinwil,1,-0.281482056737844,-0.3947746157646179,-0.9137411096218583,0.11445698823583804,-0.3499735891819,-0.8912541020217202,0.19749324462336065
2026-08,mclaren,1,1.2849531317870215,1.217655897140503,0.6956681733542902,1.723775674145853,1.0553431510925293,0.5002197846929523,1.5873438321437532
2026-08,red_bull,1,1.499902979825874,0.5502394437789917,0.030282121855730242,1.055003021293505,0.46817290782928467,-0.05547714993374601,1.014008300801018
2026-08,silverstone,1,-2.5087705672462723,-2.3264389038085938,-2.8418012734841698,-1.8143718129208248,-2.0740203857421875,-2.6379842498579054,-1.5205762522519253
2026-08,williams,1,-1.4474724671809662,-1.0659761428833008,-1.5736675538509524,-0.53012899919808,-0.9460112452507019,-1.50045752065194,-0.3942511383712268
2026-09,brackley,2,1.711587768935279,1.8601645231246948,1.3419805892500354,2.373092279880898,1.690942645072937,1.1555453198430763,2.2051446250030597
2026-09,cadillac,2,-1.592775634707092,-1.966296911239624,-2.5171625972925535,-1.4404020721050286,-1.7012593746185303,-2.2648255062929477,-1.1562393714490904
2026-09,enstone,2,-0.06739043717233024,0.011854782700538635,-0.5044606814326332,0.5273682376281053,-0.02699214220046997,-0.5564307635557916,0.5361960970903537
2026-09,faenza,2,0.42181206438426005,-0.18347138166427612,-0.7027883293394231,0.3437241425459855,-0.20382197201251984,-0.7380227236000402,0.341143598898783
2026-09,ferrari,2,1.6904493885631886,1.5695104598999023,1.0498042902251663,2.072955167835685,1.430688500404358,0.8843331911945792,1.9587208438688444
2026-09,haas,2,-0.7484464821387777,-0.25561532378196716,-0.7808559284429529,0.26001284180314777,-0.1936981976032257,-0.739754670084457,0.3533919648076746
2026-09,hinwil,2,0.13951334936086068,-0.19814494252204895,-0.7257047001360739,0.3373761629635852,-0.17984768748283386,-0.7078097682317308,0.3521140298482364
2026-09,mclaren,2,1.1623636612386101,1.4142855405807495,0.8910188816076062,1.9340222727774068,1.2254689931869507,0.6458104922832351,1.7696893625370975
2026-09,red_bull,2,1.1287929726302943,0.7468690872192383,0.20854184248034574,1.2407836337180513,0.6382988095283508,0.10750315891044397,1.1780485019895912
2026-09,silverstone,2,-2.9637776912036204,-2.1298093795776367,-2.6656320050746722,-1.596707912309968,-1.9038945436477661,-2.4638260861213035,-1.3458994042435837
2026-09,williams,2,-0.8821289598906732,-0.8693464994430542,-1.3827022378101073,-0.3494819981308391,-0.7758853435516357,-1.3140619807350589,-0.24283478226988292
2026-10,brackley,3,1.3030192826326954,1.729062795639038,1.1151192640670937,2.349596929057884,1.6269404888153076,0.9995346671354595,2.2339427214025056
2026-10,cadillac,3,-1.9340146657916004,-2.2424983978271484,-2.910967956911376,-1.5995431667002171,-1.8226983547210693,-2.502749768489245,-1.1521232101448373
2026-10,enstone,3,-0.1068153254774058,-0.09812295436859131,-0.6074596172176557,0.4119378617058267,-0.1272350549697876,-0.6604422919369245,0.41699181582928696
2026-10,faenza,3,0.062320923779522586,-0.2934491038322449,-0.8350831962341441,0.23753016432546567,-0.30406486988067627,-0.8469319000040041,0.23035536049414004
2026-10,ferrari,3,1.2261007831615773,1.4595327377319336,0.9261161237734917,1.9635176654011846,1.330445647239685,0.7850368095950381,1.8492844238880208
2026-10,haas,3,-0.5288734105623883,-0.3655930757522583,-0.8927189982103676,0.1508561217041005,-0.29394111037254333,-0.8474046581392268,0.23889911188193863
2026-10,hinwil,3,-0.11117355247273442,-0.3081226944923401,-0.8432133342113879,0.23289140786377482,-0.2800906002521515,-0.8022126634318846,0.25290619704521855
2026-10,mclaren,3,1.0037068891448953,1.3043078184127808,0.7597819047055482,1.815164783022758,1.1252260208129883,0.5626862193052262,1.6559815556389683
2026-10,red_bull,3,1.1685246289125883,0.6368913650512695,0.09521186883503444,1.1415038820310464,0.5380558967590332,0.018162751273497618,1.0749600695195611
2026-10,silverstone,3,-3.2733107407122817,-2.1988043785095215,-2.855570041524575,-1.5191709294060511,-2.028777599334717,-2.722060038637869,-1.3257889235153602
2026-10,williams,3,-0.7616378745504614,-0.979324221611023,-1.493774944556944,-0.45586797911136995,-0.8761281967163086,-1.3979880149003954,-0.3356112577469472
2026-11,brackley,4,1.2916985109568606,1.7586158514022827,1.205097322430188,2.2863042006951333,1.6089210510253906,1.0724904551226218,2.1430114657850803
2026-11,cadillac,4,-2.5906899273149513,-1.9016218185424805,-2.519276393197101,-1.2642003844164273,-1.7620848417282104,-2.4312179417181796,-1.166077961044429
2026-11,enstone,4,-0.6571214697691339,-0.0896938294172287,-0.6436129225303375,0.45249033074290723,-0.10901382565498352,-0.6267088980527886,0.424169944109194
2026-11,faenza,4,-0.1351134467957626,-0.28501999378204346,-0.8367089523650738,0.26293898907788793,-0.2858436703681946,-0.8368833538020541,0.2512660001672613
2026-11,ferrari,4,1.600960345885493,1.4679617881774902,0.9285747945379433,1.9874076876268072,1.3486669063568115,0.8217218278455092,1.8720799755902848
2026-11,haas,4,-1.2857092968243498,-0.3571639358997345,-0.8945744961094784,0.1965506261101745,-0.27571988105773926,-0.8145763520685041,0.27021148624615277
2026-11,hinwil,4,-0.04739997105595685,-0.2996935546398163,-0.8462340113132952,0.26317367239323586,-0.2618693709373474,-0.806225710046594,0.28787469936827137
2026-11,mclaren,4,1.7128467200564597,1.312736988067627,0.752524081325544,1.8553326973878166,1.1434473991394043,0.6043210546742601,1.6802683882394698
2026-11,red_bull,4,1.1653729882102413,0.6453204154968262,0.10623594792674979,1.18652493337228,0.5562771558761597,0.03693439276154008,1.1182346683337325
2026-11,silverstone,4,-0.5252738846769964,-2.231358051300049,-2.7851301619017783,-1.678666230253155,-1.9859161376953125,-2.5299671920943654,-1.430906668200285
2026-11,williams,4,-1.824915532329379,-0.9708951115608215,-1.5016358978784463,-0.43307098065788957,-0.8579069972038269,-1.395191576068983,-0.3149129104472171
2026-13,brackley,5,1.3949716960054641,1.8411072492599487,1.2882266972830558,2.3857247605536624,1.696388602256775,1.1481580403816862,2.2381032232804543
2026-13,cadillac,5,-1.9987595081009046,-1.9853541851043701,-2.5593028398949955,-1.4034129185001145,-1.6958134174346924,-2.260281799178388,-1.1468424130175932
2026-13,enstone,5,0.2550492296741173,-0.0072024911642074585,-0.5898582018950724,0.5577178935971339,-0.021546214818954468,-0.5654697022898018,0.5544503065116526
2026-13,faenza,5,0.30518959018771863,-0.18052427470684052,-0.7727455287240037,0.3887640719346426,-0.21903425455093384,-0.9254570967867553,0.4502391917506629
2026-13,ferrari,5,0.8372049929438555,1.5053645372390747,0.8817035680152165,2.1336745847062066,1.481494426727295,0.8661084666847356,2.1018183313304153
2026-13,haas,5,-0.3582550390814403,-0.27467259764671326,-0.8401789888414388,0.2833177068595853,-0.1882522702217102,-0.7255675677108768,0.339829783351744
2026-13,hinwil,5,-0.13198729663667147,-0.21720221638679504,-0.7901427977725318,0.35562150304976226,-0.17440176010131836,-0.7243772308274277,0.36908775388767395
2026-13,mclaren,5,1.0251272047639652,1.3952282667160034,0.8118847460904739,1.9827102282232025,1.230914831161499,0.6812236103620991,1.7925777497733257
2026-13,red_bull,5,0.7543761733528759,0.6592662334442139,0.04865063462750879,1.220984054124226,0.3383403718471527,-0.20273231562129146,0.8482340509745732
2026-13,silverstone,5,-2.4334916035905287,-2.1898491382598877,-2.864806725249497,-1.5502327998572167,-1.8738083839416504,-2.543945144256222,-1.2006202430019794
2026-13,williams,5,-0.4475687448417881,-0.8884037733078003,-1.4202912365455456,-0.33292351882495125,-0.7704393863677979,-1.3023797615094665,-0.23248357419849375
2026-14,brackley,6,1.870477229292947,1.8325001001358032,1.2590591019680777,2.3986848524130515,1.7033886909484863,1.165605719427737,2.2403452982837515
2026-14,cadillac,6,-2.6089376522220022,-1.9939613342285156,-2.601739710903282,-1.4130786781094007,-1.688813328742981,-2.2703869121345717,-1.1070157335281918
2026-14,enstone,6,0.16895498122309682,-0.01580961048603058,-0.5984111762912248,0.588850036113338,-0.014546200633049011,-0.6078509248551026,0.581581927564563
2026-14,faenza,6,0.022116975905180025,-0.18913139402866364,-0.7979058385533214,0.40677993462504525,-0.2120342254638672,-0.8982549727997323,0.4958114799314768
2026-14,ferrari,6,1.7409709665853423,1.5869345664978027,0.908299084371265,2.2483942300367246,1.397774577140808,0.7307424165244529,2.061365920255941
2026-14,haas,6,-0.3461906303354685,-0.2832797169685364,-0.8506575513320761,0.30287620675584187,-0.18125224113464355,-0.7553081951875054,0.3759120900999253
2026-14,hinwil,6,0.1917014521571333,-0.22580933570861816,-0.7843009895638539,0.35764925061639646,-0.1674017310142517,-0.7447501953433646,0.39666975189402315
2026-14,mclaren,6,1.233330714251699,1.386621117591858,0.8289591838658367,1.960975786307992,1.2379150390625,0.6955651333780903,1.775573040443368
2026-14,red_bull,6,1.0884091660032151,0.6506590843200684,0.03840544103647328,1.195607158807242,0.34534043073654175,-0.183472861265445,0.8655052979359897
2026-14,silverstone,6,-1.3217177061383347,-2.1164910793304443,-2.7695970556834277,-1.4621549975613264,-1.9160887002944946,-2.5791242566086705,-1.2436710915739655
2026-14,williams,6,-1.8294888664993048,-0.897010862827301,-1.443935652631633,-0.3432386334046615,-0.763439416885376,-1.3137891439238638,-0.21976921928478838
2026-15,brackley,7,0.99065365886289,1.75679349899292,1.1698838270622176,2.3301413368601107,1.6014543771743774,1.0577755408942047,2.1345851632587034
2026-15,cadillac,7,-1.3775147232614562,-2.0696680545806885,-2.667536427109223,-1.4827675310283255,-1.7907476425170898,-2.3528187615090452,-1.2468901529539276
2026-15,enstone,7,0.49709190698545747,-0.09151625633239746,-0.6516177491518645,0.47377777043715763,-0.11648043990135193,-0.6488344495114637,0.4330295200047118
2026-15,faenza,7,-0.360975587115263,-0.286842405796051,-0.8688785468511125,0.3026551681305798,-0.293310284614563,-0.8363994440407184,0.24546449697154954
2026-15,ferrari,7,0.6176113773314247,1.466139316558838,0.882956091816062,2.0231478679824546,1.3412002325057983,0.8024992625260025,1.8638978922754104
2026-15,haas,7,-0.2791976801168254,-0.35898637771606445,-0.9300335548785599,0.20043747289383293,-0.28318649530410767,-0.834578533021637,0.26615615804953974
2026-15,hinwil,7,-0.37596203525870076,-0.30151599645614624,-0.8866625694217254,0.3002959268584216,-0.2693359851837158,-0.7987584050088755,0.2615823922071623
2026-15,mclaren,7,0.6889289291501666,1.3109145164489746,0.7357704370435053,1.889511645349013,1.1359806060791016,0.5510727290664992,1.6721877724376843
2026-15,red_bull,7,1.1625437101416642,0.6434980630874634,0.048659635645962415,1.1834896287183378,0.5488105416297913,0.019905925844967746,1.0933285996275348
2026-15,silverstone,7,-2.4035363630645104,-2.192197799682617,-2.8650622075017425,-1.4934502017767533,-2.0180230140686035,-2.7076557308040834,-1.3426544741304225
2026-15,williams,7,-0.361411375187103,-0.9727175235748291,-1.5335042436279185,-0.3912633127957828,-0.8653736114501953,-1.399591227547675,-0.3338568236132762
