team_season,rel_s_median,rel_s_q05,rel_s_q95,team,season,stops,share_slow_3s
red_bull|2011,-0.94008625,-1.2684984,-0.60587573,red_bull,2011,104,0.038461538461538464
brackley|2011,-0.93693566,-1.2683599,-0.60675025,brackley,2011,98,0.061224489795918366
mclaren|2011,-0.79124093,-1.1194608,-0.44910002,mclaren,2011,105,0.047619047619047616
ferrari|2011,-0.6205466,-0.95249736,-0.2836104,ferrari,2011,107,0.06542056074766354
silverstone|2011,-0.57598937,-0.91663474,-0.24158596,silverstone,2011,92,0.05434782608695652
enstone|2011,-0.14220703,-0.47621435,0.19492072,enstone,2011,88,0.10227272727272728
williams|2011,-0.13133685,-0.47388035,0.21244472,williams,2011,91,0.12087912087912088
hinwil|2011,-0.00344952,-0.35525572,0.3482039,hinwil,2011,77,0.15584415584415584
faenza|2011,0.024158273,-0.31575048,0.3632237,faenza,2011,82,0.04878048780487805
leafield|2011,0.36200693,0.0028233102,0.70654327,leafield,2011,83,0.060240963855421686
banbury|2011,0.66487455,0.30959126,0.99646074,banbury,2011,74,0.14864864864864866
hrt|2011,1.6774404,1.2870517,2.062261,hrt,2011,77,0.4025974025974026
red_bull|2012,-0.9204103,-1.2594934,-0.58605015,red_bull,2012,83,0.060240963855421686
ferrari|2012,-0.85623914,-1.1851236,-0.5289793,ferrari,2012,80,0.025
mclaren|2012,-0.8222048,-1.16751,-0.47004563,mclaren,2012,77,0.07792207792207792
brackley|2012,-0.60903907,-0.9481498,-0.27343547,brackley,2012,79,0.06329113924050633
silverstone|2012,-0.32820645,-0.6594566,0.017742451,silverstone,2012,76,0.06578947368421052
enstone|2012,-0.30386728,-0.6495406,0.049960822,enstone,2012,68,0.11764705882352941
faenza|2012,-0.2802601,-0.6136462,0.06336663,faenza,2012,88,0.03409090909090909
hinwil|2012,-0.016762272,-0.36237955,0.33750898,hinwil,2012,73,0.1643835616438356
williams|2012,0.015188217,-0.32671982,0.35448217,williams,2012,71,0.08450704225352113
leafield|2012,0.30855495,-0.02776654,0.6532948,leafield,2012,93,0.1827956989247312
banbury|2012,0.45370758,0.09256795,0.79285955,banbury,2012,72,0.125
hrt|2012,1.7614121,1.4060596,2.1044726,hrt,2012,66,0.2727272727272727
red_bull|2013,-0.87961113,-1.2196623,-0.5516884,red_bull,2013,89,0.0449438202247191
ferrari|2013,-0.8227494,-1.153283,-0.49603522,ferrari,2013,89,0.033707865168539325
mclaren|2013,-0.70084167,-1.0345889,-0.3718706,mclaren,2013,81,0.04938271604938271
brackley|2013,-0.69493115,-1.0257604,-0.367031,brackley,2013,89,0.02247191011235955
enstone|2013,-0.40962547,-0.7582969,-0.09020882,enstone,2013,75,0.08
silverstone|2013,-0.13979629,-0.48335296,0.17646538,silverstone,2013,69,0.07246376811594203
faenza|2013,-0.05306557,-0.39398852,0.28195515,faenza,2013,81,0.07407407407407407
hinwil|2013,-0.004063178,-0.3456012,0.32828397,hinwil,2013,87,0.06896551724137931
williams|2013,0.30706304,-0.043679904,0.6435406,williams,2013,83,0.24096385542168675
banbury|2013,0.3098455,-0.03485984,0.6529245,banbury,2013,91,0.12087912087912088
leafield|2013,0.6700851,0.33513996,1.0077,leafield,2013,85,0.10588235294117647
red_bull|2014,-0.7692195,-1.102047,-0.43485603,red_bull,2014,77,0.03896103896103896
mclaren|2014,-0.7321549,-1.0663309,-0.39660472,mclaren,2014,80,0.075
ferrari|2014,-0.62262976,-0.95005345,-0.2921422,ferrari,2014,80,0.075
enstone|2014,-0.45913258,-0.7934842,-0.1201524,enstone,2014,70,0.08571428571428572
brackley|2014,-0.38909245,-0.7165676,-0.051221453,brackley,2014,74,0.02702702702702703
williams|2014,-0.35909492,-0.70514977,-0.027925657,williams,2014,73,0.0821917808219178
silverstone|2014,-0.3202332,-0.65317035,0.014149204,silverstone,2014,67,0.05970149253731343
faenza|2014,0.12365915,-0.20980442,0.46046093,faenza,2014,76,0.06578947368421052
hinwil|2014,0.14150435,-0.19659469,0.4791606,hinwil,2014,74,0.14864864864864866
leafield|2014,0.40360504,0.053740118,0.74565434,leafield,2014,54,0.12962962962962962
banbury|2014,0.4829759,0.14341703,0.828732,banbury,2014,58,0.1206896551724138
brackley|2015,-0.82310987,-1.1654224,-0.49223554,brackley,2015,73,0.0273972602739726
ferrari|2015,-0.7039372,-1.0462024,-0.36056772,ferrari,2015,70,0.1
red_bull|2015,-0.6259841,-0.9706962,-0.28731105,red_bull,2015,72,0.09722222222222222
williams|2015,-0.3445135,-0.68578607,0.0072634434,williams,2015,74,0.10810810810810811
silverstone|2015,-0.32123163,-0.66487944,0.019222202,silverstone,2015,70,0.11428571428571428
mclaren|2015,-0.28962088,-0.6340595,0.06967439,mclaren,2015,64,0.09375
enstone|2015,-0.19856805,-0.5660686,0.15026063,enstone,2015,61,0.14754098360655737
faenza|2015,-0.0844819,-0.4376746,0.25150558,faenza,2015,69,0.18840579710144928
hinwil|2015,0.11475932,-0.21998136,0.45157164,hinwil,2015,85,0.09411764705882353
banbury|2015,0.8854764,0.52007157,1.2627065,banbury,2015,68,0.20588235294117646
williams|2016,-0.77522796,-1.1052126,-0.43903694,williams,2016,82,0.024390243902439025
brackley|2016,-0.7629206,-1.1046699,-0.43191278,brackley,2016,79,0.02531645569620253
red_bull|2016,-0.6468594,-0.98368394,-0.31713974,red_bull,2016,94,0.07446808510638298
ferrari|2016,-0.44661677,-0.7854448,-0.11483684,ferrari,2016,79,0.02531645569620253
silverstone|2016,-0.41984263,-0.7610088,-0.07583509,silverstone,2016,83,0.08433734939759036
mclaren|2016,-0.38130695,-0.7267826,-0.036960877,mclaren,2016,81,0.024691358024691357
enstone|2016,-0.32003903,-0.67581356,0.02090136,enstone,2016,78,0.11538461538461539
faenza|2016,-0.066433355,-0.40226725,0.2774291,faenza,2016,82,0.13414634146341464
hinwil|2016,0.24743682,-0.093628496,0.59247434,hinwil,2016,79,0.13924050632911392
haas|2016,0.28390312,-0.06583375,0.6212189,haas,2016,78,0.11538461538461539
banbury|2016,0.98271894,0.6211964,1.3241826,banbury,2016,81,0.16049382716049382
brackley|2017,-0.85334873,-1.2004893,-0.5055848,brackley,2017,65,0.18461538461538463
red_bull|2017,-0.52270687,-0.8843266,-0.16985033,red_bull,2017,53,0.18867924528301888
williams|2017,-0.45319426,-0.79787934,-0.114037864,williams,2017,73,0.1232876712328767
ferrari|2017,-0.42732573,-0.76916057,-0.085853666,ferrari,2017,61,0.18032786885245902
mclaren|2017,-0.29804194,-0.64813143,0.04638623,mclaren,2017,57,0.17543859649122806
faenza|2017,-0.26742536,-0.61628693,0.0711104,faenza,2017,60,0.15
silverstone|2017,-0.24929196,-0.5893332,0.09074001,silverstone,2017,73,0.1643835616438356
haas|2017,-0.2145213,-0.56061846,0.13039315,haas,2017,70,0.22857142857142856
enstone|2017,-0.022975735,-0.36631855,0.3182748,enstone,2017,64,0.125
hinwil|2017,0.43382323,0.07581849,0.77479255,hinwil,2017,69,0.18840579710144928
red_bull|2018,-0.7039368,-1.0518458,-0.361737,red_bull,2018,44,0.06818181818181818
brackley|2018,-0.6037885,-0.9458412,-0.26138252,brackley,2018,52,0.057692307692307696
ferrari|2018,-0.5082336,-0.8511395,-0.16576554,ferrari,2018,50,0.12
hinwil|2018,-0.25705013,-0.6117409,0.10039502,hinwil,2018,44,0.11363636363636363
mclaren|2018,-0.2428554,-0.60030735,0.10198087,mclaren,2018,54,0.07407407407407407
faenza|2018,-0.20781462,-0.55187106,0.13945736,faenza,2018,51,0.0784313725490196
williams|2018,-0.1733534,-0.5311879,0.18611443,williams,2018,60,0.15
silverstone|2018,-0.017017223,-0.36409408,0.3362458,silverstone,2018,48,0.14583333333333334
haas|2018,0.04611389,-0.3179704,0.39216074,haas,2018,53,0.1509433962264151
enstone|2018,0.15733607,-0.19309214,0.5119854,enstone,2018,48,0.041666666666666664
red_bull|2019,-0.76659083,-1.1177654,-0.41787076,red_bull,2019,65,0.06153846153846154
ferrari|2019,-0.50231737,-0.8439572,-0.15214232,ferrari,2019,71,0.09859154929577464
mclaren|2019,-0.49033305,-0.8555405,-0.12751955,mclaren,2019,50,0.06
brackley|2019,-0.47415942,-0.82070535,-0.1332009,brackley,2019,67,0.04477611940298507
williams|2019,-0.39947462,-0.7551602,-0.05106905,williams,2019,72,0.09722222222222222
faenza|2019,-0.24015054,-0.59521264,0.109927066,faenza,2019,61,0.11475409836065574
enstone|2019,-0.15660067,-0.50328434,0.18007267,enstone,2019,56,0.125
silverstone|2019,-0.074168146,-0.42030177,0.27354807,silverstone,2019,61,0.08196721311475409
haas|2019,0.03535916,-0.31584764,0.37429422,haas,2019,65,0.1076923076923077
hinwil|2019,0.11813114,-0.22379014,0.4672967,hinwil,2019,66,0.15151515151515152
red_bull|2020,-0.84146065,-1.1867981,-0.50000507,red_bull,2020,54,0.037037037037037035
brackley|2020,-0.36471072,-0.7087168,-0.033721857,brackley,2020,57,0.07017543859649122
hinwil|2020,-0.35216075,-0.70565504,0.008019114,hinwil,2020,54,0.24074074074074073
williams|2020,-0.33386153,-0.681127,0.005511919,williams,2020,59,0.1016949152542373
enstone|2020,-0.31184125,-0.6532594,0.03482835,enstone,2020,42,0.0
mclaren|2020,-0.2856127,-0.63146347,0.060002938,mclaren,2020,55,0.12727272727272726
faenza|2020,-0.21945673,-0.5780069,0.12355639,faenza,2020,50,0.08
ferrari|2020,-0.15989085,-0.509224,0.17397904,ferrari,2020,51,0.11764705882352941
silverstone|2020,-0.1533092,-0.50330603,0.19263735,silverstone,2020,47,0.0851063829787234
haas|2020,0.49261057,0.12906091,0.8459227,haas,2020,48,0.125
red_bull|2021,-0.6957027,-1.0476197,-0.35918525,red_bull,2021,78,0.14102564102564102
brackley|2021,-0.49773502,-0.83928,-0.15699464,brackley,2021,74,0.17567567567567569
enstone|2021,-0.46363658,-0.8047328,-0.11727802,enstone,2021,61,0.14754098360655737
williams|2021,-0.371986,-0.73408765,-0.0065534064,williams,2021,66,0.22727272727272727
ferrari|2021,-0.35158592,-0.70037955,-0.016288254,ferrari,2021,62,0.14516129032258066
hinwil|2021,-0.31775618,-0.67156,0.02662239,hinwil,2021,67,0.2537313432835821
silverstone|2021,-0.2802949,-0.6290272,0.066340365,silverstone,2021,65,0.16923076923076924
faenza|2021,-0.2644537,-0.5992387,0.08690997,faenza,2021,67,0.22388059701492538
mclaren|2021,-0.25174296,-0.5903784,0.0979595,mclaren,2021,65,0.16923076923076924
haas|2021,0.20496804,-0.13072437,0.565429,haas,2021,68,0.20588235294117646
red_bull|2022,-0.79986477,-1.1469245,-0.46264088,red_bull,2022,81,0.04938271604938271
faenza|2022,-0.5634886,-0.91746485,-0.229536,faenza,2022,79,0.12658227848101267
ferrari|2022,-0.55784315,-0.92074335,-0.22590433,ferrari,2022,72,0.06944444444444445
mclaren|2022,-0.39189875,-0.7452404,-0.051058307,mclaren,2022,77,0.05194805194805195
brackley|2022,-0.37931848,-0.7169997,-0.040121976,brackley,2022,75,0.08
silverstone|2022,-0.3233807,-0.6784174,0.01779744,silverstone,2022,73,0.0273972602739726
enstone|2022,-0.30375293,-0.6501021,0.036188412,enstone,2022,67,0.07462686567164178
williams|2022,-0.115688354,-0.47147745,0.22324629,williams,2022,81,0.13580246913580246
hinwil|2022,0.18817103,-0.16845152,0.5312853,hinwil,2022,60,0.11666666666666667
haas|2022,0.37688175,0.024612842,0.7195176,haas,2022,70,0.2
red_bull|2023,-0.7234713,-1.0605015,-0.38817087,red_bull,2023,85,0.11764705882352941
ferrari|2023,-0.66866136,-1.0114151,-0.33413798,ferrari,2023,67,0.08955223880597014
faenza|2023,-0.56042194,-0.9003833,-0.23081054,faenza,2023,79,0.12658227848101267
mclaren|2023,-0.53234744,-0.86829066,-0.18776368,mclaren,2023,80,0.1625
brackley|2023,-0.3562131,-0.6883833,-0.015012342,brackley,2023,77,0.05194805194805195
enstone|2023,-0.23893255,-0.59358835,0.11654017,enstone,2023,73,0.1232876712328767
silverstone|2023,-0.13096215,-0.46922803,0.19968687,silverstone,2023,74,0.04054054054054054
williams|2023,-0.05232937,-0.39329016,0.28544915,williams,2023,71,0.07042253521126761
haas|2023,0.070971265,-0.27654523,0.4127495,haas,2023,82,0.18292682926829268
hinwil|2023,0.1399162,-0.19742158,0.47173575,hinwil,2023,85,0.08235294117647059
red_bull|2024,-0.582204,-0.9218663,-0.24009086,red_bull,2024,77,0.07792207792207792
mclaren|2024,-0.5463846,-0.8854369,-0.20382959,mclaren,2024,76,0.05263157894736842
brackley|2024,-0.46529013,-0.8005444,-0.13548064,brackley,2024,75,0.10666666666666667
ferrari|2024,-0.44831118,-0.78610873,-0.123612516,ferrari,2024,73,0.0410958904109589
faenza|2024,-0.3233872,-0.66339684,0.012315924,faenza,2024,70,0.1
enstone|2024,-0.20479427,-0.546756,0.14243758,enstone,2024,69,0.07246376811594203
silverstone|2024,-0.18336055,-0.5210321,0.13610576,silverstone,2024,81,0.07407407407407407
williams|2024,-0.08384387,-0.42028022,0.25320107,williams,2024,71,0.11267605633802817
hinwil|2024,0.086971596,-0.2610703,0.41108102,hinwil,2024,75,0.09333333333333334
haas|2024,0.09265746,-0.254642,0.42811072,haas,2024,82,0.15853658536585366
ferrari|2025,-0.48017588,-0.81001335,-0.14662376,ferrari,2025,86,0.11627906976744186
mclaren|2025,-0.4544208,-0.8091684,-0.12685215,mclaren,2025,83,0.13253012048192772
faenza|2025,-0.42672196,-0.7611165,-0.097515896,faenza,2025,74,0.12162162162162163
red_bull|2025,-0.37417442,-0.7082924,-0.034339935,red_bull,2025,87,0.14942528735632185
brackley|2025,-0.3273824,-0.66243637,0.008389158,brackley,2025,88,0.09090909090909091
williams|2025,-0.26858687,-0.6145463,0.06469801,williams,2025,82,0.15853658536585366
hinwil|2025,-0.24702433,-0.5832058,0.08812782,hinwil,2025,80,0.1375
silverstone|2025,-0.19990012,-0.5352402,0.13205266,silverstone,2025,81,0.13580246913580246
enstone|2025,-0.07417535,-0.40180302,0.2693661,enstone,2025,78,0.08974358974358974
haas|2025,0.16831031,-0.17137992,0.5121489,haas,2025,79,0.16455696202531644
brackley|2026,-0.69469386,-1.0472012,-0.34797022,brackley,2026,46,0.06521739130434782
mclaren|2026,-0.4968295,-0.8635292,-0.1531576,mclaren,2026,45,0.15555555555555556
ferrari|2026,-0.4960959,-0.8528056,-0.1474704,ferrari,2026,49,0.10204081632653061
red_bull|2026,-0.44732535,-0.8061204,-0.10239911,red_bull,2026,46,0.08695652173913043
silverstone|2026,-0.32361084,-0.7106078,0.05115706,silverstone,2026,40,0.2
williams|2026,-0.31960797,-0.6754374,0.023077741,williams,2026,58,0.1724137931034483
faenza|2026,-0.28657663,-0.64837927,0.06593729,faenza,2026,40,0.05
enstone|2026,-0.26453245,-0.60914624,0.08261904,enstone,2026,44,0.045454545454545456
hinwil|2026,-0.21193324,-0.5891375,0.1336865,hinwil,2026,47,0.1276595744680851
haas|2026,0.20675305,-0.1378525,0.5543124,haas,2026,46,0.17391304347826086
cadillac|2026,0.5737855,0.1602643,1.0159374,cadillac,2026,47,0.14893617021276595
